organism,organ,assay,cell_type_counts
Callithrix jacchus,Brodmann (1909) area 23,10x 3' v3,"{""GABAergic neuron"": 5462, ""astrocyte"": 6067, ""endothelial cell"": 712, ""glutamatergic neuron"": 21148, ""microglial cell"": 522, ""oligodendrocyte"": 7433}"
Callithrix jacchus,Brodmann (1909) area 25,10x 3' v3,"{""GABAergic neuron"": 31597, ""astrocyte"": 4088, ""endothelial cell"": 309, ""glutamatergic neuron"": 88032, ""microglial cell"": 1740, ""oligodendrocyte"": 4315}"
Callithrix jacchus,amygdala,10x 3' v3,"{""GABAergic neuron"": 12738, ""astrocyte"": 8648, ""endothelial cell"": 70, ""glutamatergic neuron"": 21478, ""microglial cell"": 4342, ""oligodendrocyte"": 8056}"
Callithrix jacchus,anterior hypothalamic region,10x 3' v3,"{""astrocyte"": 3242, ""endothelial cell"": 583, ""ependymal cell"": 2012, ""microglial cell"": 6718, ""neuron"": 22092, ""oligodendrocyte"": 11691}"
Callithrix jacchus,basal forebrain,10x 3' v3,"{""astrocyte"": 2588, ""endothelial cell"": 362, ""microglial cell"": 1824, ""neuron"": 10857, ""oligodendrocyte"": 9040}"
Callithrix jacchus,brainstem,10x 3' v3,"{""astrocyte"": 1980, ""endothelial cell"": 333, ""microglial cell"": 4122, ""oligodendrocyte"": 30443, ""unknown"": 69605}"
Callithrix jacchus,caudate nucleus,10x 3' v3,"{""GABAergic interneuron"": 1882, ""astrocyte"": 6491, ""endothelial cell"": 1372, ""ependymal cell"": 4106, ""medium spiny neuron"": 18342, ""microglial cell"": 1776, ""oligodendrocyte"": 12467}"
Callithrix jacchus,central amygdaloid nucleus,10x 3' v3,"{""astrocyte"": 1968, ""endothelial cell"": 112, ""microglial cell"": 979, ""neuron"": 6099, ""oligodendrocyte"": 5001}"
Callithrix jacchus,cerebellum lobule,10x 3' v3,"{""astrocyte"": 8, ""microglial cell"": 221, ""oligodendrocyte"": 6938, ""unknown"": 92981}"
Callithrix jacchus,dorsal thalamus,10x 3' v3,"{""astrocyte"": 7222, ""endothelial cell"": 2077, ""ependymal cell"": 3530, ""microglial cell"": 1888, ""neuron"": 23371, ""oligodendrocyte"": 13173}"
Callithrix jacchus,dorsolateral prefrontal cortex,10x 3' v3,"{""B cell"": 6, ""GABAergic neuron"": 40713, ""L2/3 intratelencephalic projecting glutamatergic neuron"": 50225, ""L5 extratelencephalic projecting glutamatergic cortical neuron"": 1361, ""L5/6 near-projecting glutamatergic neuron of the primary motor cortex"": 2879, ""L6 corticothalamic-projecting glutamatergic cortical neuron"": 4957, ""L6 intratelencephalic projecting glutamatergic neuron of the primary motor cortex"": 6284, ""L6b glutamatergic cortical neuron"": 2654, ""T cell"": 113, ""VIP GABAergic cortical interneuron"": 6539, ""astrocyte"": 30381, ""chandelier pvalb GABAergic cortical interneuron"": 1614, ""endothelial cell"": 7359, ""erythroid lineage cell"": 233, ""glutamatergic neuron"": 118603, ""inhibitory interneuron"": 2471, ""lamp5 GABAergic cortical interneuron"": 3542, ""macrophage"": 254, ""microglial cell"": 6505, ""myeloid cell"": 44, ""oligodendrocyte"": 32663, ""oligodendrocyte precursor cell"": 4586, ""pericyte"": 2521, ""pvalb GABAergic cortical interneuron"": 6085, ""smooth muscle cell"": 647, ""sst GABAergic cortical interneuron"": 8297, ""vascular leptomeningeal cell"": 1564}"
Callithrix jacchus,hippocampal formation,10x 3' v3,"{""GABAergic neuron"": 3526, ""astrocyte"": 4934, ""endothelial cell"": 593, ""ependymal cell"": 1718, ""glutamatergic neuron"": 17891, ""microglial cell"": 1417, ""oligodendrocyte"": 6871}"
Callithrix jacchus,lateral amygdaloid nucleus,10x 3' v3,"{""GABAergic neuron"": 1784, ""astrocyte"": 1159, ""endothelial cell"": 5, ""glutamatergic neuron"": 1963, ""microglial cell"": 215, ""oligodendrocyte"": 1233}"
Callithrix jacchus,lateral geniculate body,10x 3' v3,"{""astrocyte"": 1241, ""endothelial cell"": 1368, ""ependymal cell"": 5, ""microglial cell"": 985, ""neuron"": 5270, ""oligodendrocyte"": 4814}"
Callithrix jacchus,lateral nuclear group of thalamus,10x 3' v3,"{""astrocyte"": 3980, ""endothelial cell"": 1037, ""ependymal cell"": 89, ""microglial cell"": 3686, ""neuron"": 15785, ""oligodendrocyte"": 21328}"
Callithrix jacchus,medial amygdaloid nucleus,10x 3' v3,"{""GABAergic neuron"": 2422, ""astrocyte"": 3018, ""endothelial cell"": 12, ""glutamatergic neuron"": 2201, ""microglial cell"": 437, ""oligodendrocyte"": 1163}"
Callithrix jacchus,medial dorsal nucleus of thalamus,10x 3' v3,"{""astrocyte"": 4081, ""endothelial cell"": 982, ""ependymal cell"": 2169, ""microglial cell"": 854, ""neuron"": 15699, ""oligodendrocyte"": 10439}"
Callithrix jacchus,middle temporal gyrus,10x 3' v3,"{""L2/3-6 intratelencephalic projecting glutamatergic neuron"": 42312, ""L5 extratelencephalic projecting glutamatergic cortical neuron"": 693, ""L6b glutamatergic cortical neuron"": 1283, ""VIP GABAergic cortical interneuron"": 2661, ""astrocyte of the cerebral cortex"": 6771, ""caudal ganglionic eminence derived cortical interneuron"": 246, ""cerebral cortex endothelial cell"": 508, ""chandelier pvalb GABAergic cortical interneuron"": 530, ""corticothalamic-projecting glutamatergic cortical neuron"": 2047, ""lamp5 GABAergic cortical interneuron"": 1322, ""microglial cell"": 2473, ""near-projecting glutamatergic cortical neuron"": 791, ""oligodendrocyte"": 3870, ""oligodendrocyte precursor cell"": 2868, ""pvalb GABAergic cortical interneuron"": 2440, ""sncg GABAergic cortical interneuron"": 948, ""sst GABAergic cortical interneuron"": 3474, ""vascular leptomeningeal cell"": 624}"
Callithrix jacchus,nucleus accumbens,10x 3' v3,"{""GABAergic interneuron"": 3066, ""astrocyte"": 4480, ""endothelial cell"": 470, ""ependymal cell"": 382, ""medium spiny neuron"": 21898, ""microglial cell"": 831, ""oligodendrocyte"": 4729}"
Callithrix jacchus,parietal cortex,10x 3' v3,"{""GABAergic neuron"": 8087, ""astrocyte"": 9447, ""endothelial cell"": 2862, ""glutamatergic neuron"": 25291, ""microglial cell"": 1258, ""oligodendrocyte"": 12716}"
Callithrix jacchus,posterior hypothalamic region,10x 3' v3,"{""astrocyte"": 3843, ""endothelial cell"": 416, ""ependymal cell"": 3119, ""microglial cell"": 4544, ""neuron"": 10833, ""oligodendrocyte"": 11259}"
Callithrix jacchus,prefrontal cortex,10x 3' v3,"{""GABAergic neuron"": 92951, ""astrocyte"": 48811, ""endothelial cell"": 6303, ""glutamatergic neuron"": 242492, ""microglial cell"": 6533, ""oligodendrocyte"": 38670}"
Callithrix jacchus,primary auditory cortex,10x 3' v3,"{""GABAergic neuron"": 9793, ""astrocyte"": 12561, ""endothelial cell"": 2169, ""glutamatergic neuron"": 41007, ""microglial cell"": 1406, ""oligodendrocyte"": 11813}"
Callithrix jacchus,primary motor cortex,10x 3' v3,"{""GABAergic neuron"": 21127, ""astrocyte"": 16595, ""endothelial cell"": 3583, ""glutamatergic neuron"": 55003, ""leptomeningeal cell"": 463, ""microglial cell"": 2043, ""oligodendrocyte"": 22711, ""oligodendrocyte precursor cell"": 200, ""pericyte"": 363}"
Callithrix jacchus,primary somatosensory cortex,10x 3' v3,"{""GABAergic neuron"": 8674, ""astrocyte"": 10689, ""endothelial cell"": 1961, ""glutamatergic neuron"": 32265, ""microglial cell"": 1410, ""oligodendrocyte"": 16160}"
Callithrix jacchus,primary visual cortex,10x 3' v3,"{""GABAergic neuron"": 3829, ""astrocyte"": 7333, ""endothelial cell"": 1299, ""glutamatergic neuron"": 27419, ""microglial cell"": 464, ""oligodendrocyte"": 7926}"
Callithrix jacchus,putamen,10x 3' v3,"{""GABAergic interneuron"": 959, ""astrocyte"": 4440, ""endothelial cell"": 640, ""ependymal cell"": 1, ""medium spiny neuron"": 17856, ""microglial cell"": 944, ""oligodendrocyte"": 7787}"
Callithrix jacchus,secondary visual cortex,10x 3' v3,"{""GABAergic neuron"": 4583, ""astrocyte"": 6916, ""endothelial cell"": 1395, ""glutamatergic neuron"": 25182, ""microglial cell"": 403, ""oligodendrocyte"": 6657}"
Callithrix jacchus,temporal cortex,10x 3' v3,"{""GABAergic neuron"": 2562, ""astrocyte"": 2454, ""endothelial cell"": 252, ""glutamatergic neuron"": 10727, ""microglial cell"": 597, ""oligodendrocyte"": 2641}"
Callithrix jacchus,temporal lobe,10x 3' v3,"{""GABAergic neuron"": 9328, ""astrocyte"": 10855, ""endothelial cell"": 1428, ""glutamatergic neuron"": 37849, ""microglial cell"": 1772, ""oligodendrocyte"": 10024}"
Callithrix jacchus,thalamic complex,10x 3' v3,"{""astrocyte"": 1272, ""endothelial cell"": 649, ""ependymal cell"": 794, ""microglial cell"": 1335, ""neuron"": 5912, ""oligodendrocyte"": 4772}"
Callithrix jacchus,ventral lateral nucleus of thalamus,10x 3' v3,"{""astrocyte"": 2482, ""endothelial cell"": 544, ""ependymal cell"": 1187, ""microglial cell"": 743, ""neuron"": 3673, ""oligodendrocyte"": 6385}"
Callithrix jacchus,ventral thalamus,10x 3' v3,"{""astrocyte"": 1543, ""endothelial cell"": 836, ""ependymal cell"": 1, ""microglial cell"": 326, ""neuron"": 3699, ""oligodendrocyte"": 3901}"
Homo sapiens,Brodmann (1909) area 10,10x multiome,"{""Cajal-Retzius cell"": 45, ""GABAergic neuron"": 233, ""L2/3 intratelencephalic projecting glutamatergic neuron"": 3287, ""L4 intratelencephalic projecting glutamatergic neuron"": 4668, ""L5 extratelencephalic projecting glutamatergic cortical neuron"": 96, ""L5 intratelencephalic projecting glutamatergic neuron"": 4005, ""L6 intratelencephalic projecting glutamatergic neuron"": 2263, ""L6b glutamatergic cortical neuron"": 965, ""VIP GABAergic cortical interneuron"": 1432, ""astrocyte"": 2794, ""brain vascular cell"": 570, ""caudal ganglionic eminence derived cortical interneuron"": 858, ""committed oligodendrocyte precursor"": 396, ""corticothalamic-projecting glutamatergic cortical neuron"": 709, ""forebrain radial glial cell"": 357, ""glutamatergic neuron"": 1324, ""immature astrocyte"": 1980, ""intratelencephalic-projecting glutamatergic cortical neuron"": 3427, ""lamp5 GABAergic cortical interneuron"": 769, ""medial ganglionic eminence derived GABAergic cortical interneuron"": 338, ""microglial cell"": 1434, ""near-projecting glutamatergic cortical neuron"": 477, ""neural progenitor cell"": 620, ""oligodendrocyte"": 646, ""oligodendrocyte precursor cell"": 3385, ""pvalb GABAergic cortical interneuron"": 2431, ""sncg GABAergic cortical interneuron"": 377, ""sst GABAergic cortical interneuron"": 2819, ""unknown"": 132}"
Homo sapiens,Brodmann (1909) area 17,10x 3' v3,"{""GABAergic neuron"": 5206, ""astrocyte"": 820, ""blood vessel endothelial cell"": 4, ""glutamatergic neuron"": 35124, ""microglial cell"": 181, ""oligodendrocyte"": 1472, ""oligodendrocyte precursor cell"": 255}"
Homo sapiens,Brodmann (1909) area 17,10x multiome,"{""Cajal-Retzius cell"": 100, ""GABAergic neuron"": 14, ""L2/3 intratelencephalic projecting glutamatergic neuron"": 5520, ""L4 intratelencephalic projecting glutamatergic neuron"": 11779, ""L5 extratelencephalic projecting glutamatergic cortical neuron"": 7, ""L5 intratelencephalic projecting glutamatergic neuron"": 3435, ""L6 intratelencephalic projecting glutamatergic neuron"": 1319, ""L6b glutamatergic cortical neuron"": 244, ""VIP GABAergic cortical interneuron"": 1597, ""astrocyte"": 2655, ""brain vascular cell"": 981, ""caudal ganglionic eminence derived cortical interneuron"": 207, ""committed oligodendrocyte precursor"": 527, ""corticothalamic-projecting glutamatergic cortical neuron"": 614, ""forebrain radial glial cell"": 123, ""glutamatergic neuron"": 528, ""immature astrocyte"": 893, ""intratelencephalic-projecting glutamatergic cortical neuron"": 602, ""lamp5 GABAergic cortical interneuron"": 837, ""medial ganglionic eminence derived GABAergic cortical interneuron"": 95, ""microglial cell"": 2156, ""near-projecting glutamatergic cortical neuron"": 144, ""neural progenitor cell"": 134, ""oligodendrocyte"": 12363, ""oligodendrocyte precursor cell"": 4357, ""pvalb GABAergic cortical interneuron"": 2364, ""sncg GABAergic cortical interneuron"": 342, ""sst GABAergic cortical interneuron"": 2760, ""unknown"": 198}"
Homo sapiens,Brodmann (1909) area 17,Drop-seq,"{""GABAergic neuron"": 9922, ""astrocyte"": 941, ""blood vessel endothelial cell"": 16, ""glutamatergic neuron"": 67916, ""microglial cell"": 155, ""oligodendrocyte"": 1174, ""oligodendrocyte precursor cell"": 308}"
Homo sapiens,Brodmann (1909) area 4,10x 3' v2,"{""astrocyte"": 25221, ""endothelial cell of vascular tree"": 2994, ""glutamatergic neuron"": 49667, ""inhibitory interneuron"": 12844, ""microglial cell"": 3511, ""oligodendrocyte"": 29680, ""oligodendrocyte precursor cell"": 9253, ""pericyte"": 557}"
Homo sapiens,Brodmann (1909) area 4,10x 3' v3,"{""GABAergic neuron"": 1402, ""astrocyte"": 1581, ""capillary endothelial cell"": 1034, ""central nervous system macrophage"": 10, ""cerebellar granule cell"": 382, ""committed oligodendrocyte precursor"": 132, ""endothelial cell of artery"": 504, ""ependymal cell"": 11, ""glutamatergic neuron"": 2852, ""leukocyte"": 30, ""microglial cell"": 1090, ""mural cell"": 964, ""neuron"": 50, ""oligodendrocyte"": 7914, ""oligodendrocyte precursor cell"": 1710, ""vascular associated smooth muscle cell"": 134}"
Homo sapiens,Brodmann (1909) area 46,mCT-seq,"{""L2/3 intratelencephalic projecting glutamatergic neuron"": 10664, ""L3 intratelencephalic projecting glutamatergic neuron"": 912, ""L4/5 intratelencephalic projecting glutamatergic neuron"": 7153, ""L5 extratelencephalic projecting glutamatergic cortical neuron"": 63, ""L6 corticothalamic-projecting glutamatergic cortical neuron"": 941, ""L6 intratelencephalic projecting glutamatergic neuron"": 1985, ""L6b glutamatergic cortical neuron"": 832, ""VIP GABAergic cortical interneuron"": 3899, ""astrocyte"": 678, ""lamp5 GABAergic cortical interneuron"": 2138, ""microglial cell"": 189, ""near-projecting glutamatergic cortical neuron"": 697, ""oligodendrocyte"": 780, ""pvalb GABAergic cortical interneuron"": 2534, ""sst GABAergic cortical interneuron"": 3656}"
Homo sapiens,Brodmann (1909) area 7,10x 3' v3,"{""GABAergic neuron"": 20720, ""astrocyte"": 1315, ""blood vessel endothelial cell"": 11, ""glutamatergic neuron"": 72320, ""microglial cell"": 654, ""oligodendrocyte"": 4768, ""oligodendrocyte precursor cell"": 786}"
Homo sapiens,Brodmann (1909) area 7,Drop-seq,"{""GABAergic neuron"": 5982, ""astrocyte"": 680, ""blood vessel endothelial cell"": 4, ""glutamatergic neuron"": 26220, ""microglial cell"": 159, ""oligodendrocyte"": 911, ""oligodendrocyte precursor cell"": 179}"
Homo sapiens,Brodmann (1909) area 9,10x 3' v2,"{""GABAergic neuron"": 24462, ""astrocyte"": 2417, ""blood vessel endothelial cell"": 28, ""glutamatergic neuron"": 76356, ""microglial cell"": 773, ""oligodendrocyte"": 6919, ""oligodendrocyte precursor cell"": 1327}"
Homo sapiens,Brodmann (1909) area 9,10x 3' v3,"{""GABAergic neuron"": 63406, ""astrocyte"": 6095, ""blood vessel endothelial cell"": 92, ""glutamatergic neuron"": 185980, ""microglial cell"": 2734, ""oligodendrocyte"": 17674, ""oligodendrocyte precursor cell"": 2111}"
Homo sapiens,Brodmann (1909) area 9,10x multiome,"{""Cajal-Retzius cell"": 88, ""GABAergic neuron"": 27, ""L2/3 intratelencephalic projecting glutamatergic neuron"": 2972, ""L4 intratelencephalic projecting glutamatergic neuron"": 3467, ""L5 extratelencephalic projecting glutamatergic cortical neuron"": 29, ""L5 intratelencephalic projecting glutamatergic neuron"": 1897, ""L6 intratelencephalic projecting glutamatergic neuron"": 811, ""L6b glutamatergic cortical neuron"": 348, ""VIP GABAergic cortical interneuron"": 1083, ""astrocyte"": 1370, ""brain vascular cell"": 511, ""caudal ganglionic eminence derived cortical interneuron"": 273, ""committed oligodendrocyte precursor"": 206, ""corticothalamic-projecting glutamatergic cortical neuron"": 273, ""forebrain radial glial cell"": 42, ""glutamatergic neuron"": 190, ""immature astrocyte"": 345, ""intratelencephalic-projecting glutamatergic cortical neuron"": 646, ""lamp5 GABAergic cortical interneuron"": 924, ""medial ganglionic eminence derived GABAergic cortical interneuron"": 45, ""microglial cell"": 2482, ""near-projecting glutamatergic cortical neuron"": 222, ""neural progenitor cell"": 40, ""oligodendrocyte"": 10314, ""oligodendrocyte precursor cell"": 3641, ""pvalb GABAergic cortical interneuron"": 1972, ""sncg GABAergic cortical interneuron"": 416, ""sst GABAergic cortical interneuron"": 2168, ""unknown"": 371}"
Homo sapiens,Brodmann (1909) area 9,Drop-seq,"{""GABAergic neuron"": 28890, ""astrocyte"": 2423, ""blood vessel endothelial cell"": 28, ""glutamatergic neuron"": 101944, ""microglial cell"": 415, ""oligodendrocyte"": 3671, ""oligodendrocyte precursor cell"": 804}"
Homo sapiens,abdomen,10x 3' v3,"{""B cell"": 1818, ""Schwann cell"": 7776, ""T cell"": 19113, ""cortical cell of adrenal gland"": 341, ""dendritic cell"": 835, ""endothelial cell"": 7622, ""fallopian tube secretory epithelial cell"": 18141, ""fibroblast"": 31764, ""hepatocyte"": 650, ""kidney cell"": 2951, ""macrophage"": 16521, ""mast cell"": 52, ""monocyte"": 22116, ""neuroblast (sensu Vertebrata)"": 229949, ""plasma cell"": 298}"
Homo sapiens,abdominal aorta,10x 3' v3,"{""blood vessel smooth muscle cell"": 764, ""endothelial cell of artery"": 289, ""fibroblast"": 413, ""lymphocyte"": 83, ""macrophage"": 972, ""microcirculation associated smooth muscle cell"": 330, ""unknown"": 3}"
Homo sapiens,abdominal aorta,Smart-seq2,"{""CD4-positive, alpha-beta T cell"": 114, ""CD8-positive, alpha-beta T cell"": 72, ""capillary endothelial cell"": 12, ""endothelial cell"": 105, ""endothelial cell of artery"": 9, ""fibroblast"": 195, ""macrophage"": 96, ""mast cell"": 21, ""natural killer cell"": 15, ""neutrophil"": 6, ""pericyte"": 117, ""smooth muscle cell"": 60, ""vein endothelial cell"": 6}"
Homo sapiens,abdominal wall,10x 3' v3,"{""B cell"": 17, ""T cell"": 5736, ""dendritic cell"": 136, ""endothelial cell"": 7, ""fallopian tube secretory epithelial cell"": 3734, ""fibroblast"": 22, ""monocyte"": 154, ""plasma cell"": 93}"
Homo sapiens,adipose tissue,10x 3' v3,"{""B cell"": 15531, ""CD4-positive, alpha-beta T cell"": 13563, ""CD8-positive, alpha-beta T cell"": 6717, ""T cell"": 192, ""endothelial cell"": 7899, ""erythrocyte"": 39, ""fibroblast"": 25809, ""hematopoietic precursor cell"": 3, ""intermediate monocyte"": 72, ""macrophage"": 11145, ""mast cell"": 48, ""mature NK T cell"": 294, ""mesenchymal stem cell of adipose tissue"": 2430, ""monocyte"": 1524, ""myofibroblast cell"": 999, ""natural killer cell"": 492, ""neutrophil"": 2517, ""pericyte"": 180, ""plasma cell"": 330, ""smooth muscle cell"": 675}"
Homo sapiens,adipose tissue,Smart-seq2,"{""B cell"": 21, ""CD4-positive, alpha-beta T cell"": 9, ""CD8-positive, alpha-beta T cell"": 30, ""T cell"": 6, ""activated CD4-positive, alpha-beta T cell"": 3, ""endothelial cell"": 93, ""fibroblast"": 51, ""leukocyte"": 327, ""macrophage"": 510, ""mesenchymal stem cell"": 51, ""mesenchymal stem cell of adipose tissue"": 51, ""myeloid dendritic cell"": 3, ""myofibroblast cell"": 18, ""natural killer cell"": 12, ""neutrophil"": 57, ""plasma cell"": 12, ""smooth muscle cell"": 21}"
Homo sapiens,adipose tissue,microwell-seq,"{""T cell"": 2, ""dendritic cell"": 5, ""endothelial cell"": 2, ""epithelial cell"": 2, ""erythroid lineage cell"": 1, ""fibroblast"": 53, ""macrophage"": 1099, ""mast cell"": 1, ""monocyte"": 18, ""neutrophil"": 3, ""plasma cell"": 1, ""smooth muscle cell"": 1, ""stromal cell"": 184}"
Homo sapiens,adnexa of uterus,10x 3' v3,"{""B cell"": 859, ""T cell"": 61814, ""dendritic cell"": 661, ""endothelial cell"": 2567, ""fallopian tube secretory epithelial cell"": 91710, ""fibroblast"": 24848, ""mast cell"": 504, ""monocyte"": 90208, ""plasma cell"": 2806}"
Homo sapiens,adrenal gland,10x 3' v2,"{""B cell"": 95, ""CD4-positive helper T cell"": 627, ""CD8-positive, alpha-beta memory T cell"": 182, ""T cell"": 4461, ""basal cell"": 80, ""ciliated epithelial cell"": 2, ""classical monocyte"": 214, ""conventional dendritic cell"": 45, ""dendritic cell"": 313, ""effector CD8-positive, alpha-beta T cell"": 1228, ""endothelial cell"": 46, ""epithelial cell"": 76, ""exhausted T cell"": 36, ""fibroblast"": 28, ""gamma-delta T cell"": 6, ""goblet cell"": 2, ""hepatocyte"": 8, ""macrophage"": 147, ""myeloid cell"": 422, ""natural killer cell"": 33, ""neuroendocrine cell"": 2, ""neutrophil"": 163, ""plasma cell"": 76, ""plasmacytoid dendritic cell"": 9, ""regulatory T cell"": 116}"
Homo sapiens,adrenal gland,10x 3' v3,"{""B cell"": 348, ""CD4-positive helper T cell"": 202, ""CD4-positive, alpha-beta T cell"": 202, ""CD8-positive, alpha-beta memory T cell"": 287, ""Schwann cell"": 2794, ""T cell"": 2459, ""basal cell"": 10, ""ciliated epithelial cell"": 14, ""classical monocyte"": 502, ""conventional dendritic cell"": 4, ""cortical cell of adrenal gland"": 17245, ""dendritic cell"": 324, ""effector CD8-positive, alpha-beta T cell"": 40, ""endothelial cell"": 4539, ""epithelial cell"": 8815, ""exhausted T cell"": 14, ""fibroblast"": 12611, ""goblet cell"": 8, ""hepatocyte"": 8332, ""ionocyte"": 28, ""kidney cell"": 863, ""macrophage"": 13740, ""mast cell"": 4, ""monocyte"": 251, ""myeloid cell"": 300, ""natural killer cell"": 28, ""neuroblast (sensu Vertebrata)"": 96148, ""neuroendocrine cell"": 2, ""neutrophil"": 107, ""plasma cell"": 3, ""plasmacytoid dendritic cell"": 51, ""pulmonary alveolar epithelial cell"": 62, ""regulatory T cell"": 45, ""tuft cell"": 2}"
Homo sapiens,adrenal gland,microwell-seq,"{""B cell"": 42, ""Sertoli cell"": 2, ""T cell"": 288, ""acinar cell"": 2, ""alternatively activated macrophage"": 18, ""cell of skeletal muscle"": 16, ""cord blood hematopoietic stem cell"": 49, ""dendritic cell"": 484, ""embryonic stem cell"": 1, ""endocrine cell"": 37, ""endothelial cell"": 4009, ""enterocyte"": 1580, ""epithelial cell"": 23896, ""epithelial cell of proximal tubule"": 19, ""erythroid lineage cell"": 248, ""erythroid progenitor cell"": 224, ""fibroblast"": 933, ""goblet cell"": 22, ""inflammatory cell"": 91, ""kidney loop of Henle epithelial cell"": 1, ""macrophage"": 6037, ""mast cell"": 9, ""mesenchymal stem cell"": 690, ""monocyte"": 563, ""myeloid cell"": 1068, ""neuron"": 1355, ""neutrophil"": 198, ""plasma cell"": 342, ""primordial germ cell"": 113, ""professional antigen presenting cell"": 98, ""renal intercalated cell"": 1, ""smooth muscle cell"": 660, ""stromal cell"": 380}"
Homo sapiens,adrenal gland,sci-RNA-seq3,"{""Schwann cell"": 1215, ""blood vessel endothelial cell"": 2190, ""chromaffin cell"": 25433, ""cortical cell of adrenal gland"": 410019, ""endothelial cell of vascular tree"": 18064, ""erythroblast"": 3437, ""innate lymphoid cell"": 792, ""megakaryocyte"": 1171, ""myeloid cell"": 2969, ""stromal cell"": 13124, ""sympathetic neuron"": 4744, ""unknown"": 201}"
Homo sapiens,adrenal tissue,10x 5' transcription profiling,"{""B cell"": 154, ""CD4-positive, CD25-positive, alpha-beta regulatory T cell"": 70, ""CD4-positive, alpha-beta T cell"": 1273, ""CD8-positive, alpha-beta T cell"": 3555, ""IgA plasma cell"": 156, ""IgG plasma cell"": 292, ""MHC-II-positive classical monocyte"": 124, ""activated type II NK T cell"": 767, ""class switched memory B cell"": 9, ""classical monocyte"": 20, ""collagen secreting cell"": 55, ""conventional dendritic cell"": 48, ""effector memory CD4-positive, alpha-beta T cell"": 32, ""effector memory CD8-positive, alpha-beta T cell"": 1088, ""endothelial cell"": 373, ""endothelial cell of lymphatic vessel"": 2, ""epithelial cell"": 3, ""epithelial cell of proximal tubule"": 311, ""fibroblast"": 163, ""gamma-delta T cell"": 150, ""innate lymphoid cell"": 14, ""kidney loop of Henle ascending limb epithelial cell"": 1, ""macrophage"": 915, ""mucosal invariant T cell"": 149, ""naive B cell"": 3, ""naive thymus-derived CD4-positive, alpha-beta T cell"": 3, ""naive thymus-derived CD8-positive, alpha-beta T cell"": 22, ""natural killer cell"": 526, ""non-classical monocyte"": 14, ""plasma cell"": 23, ""plasmacytoid dendritic cell"": 14, ""unknown"": 967, ""unswitched memory B cell"": 3}"
Homo sapiens,adrenal tissue,Smart-seq2,"{""B cell"": 316, ""CD1c-positive myeloid dendritic cell"": 14, ""CD4-positive, alpha-beta T cell"": 106, ""CD8-positive, alpha-beta T cell"": 304, ""bronchus fibroblast of lung"": 16, ""capillary endothelial cell"": 2, ""classical monocyte"": 8, ""dendritic cell"": 2, ""endothelial cell of lymphatic vessel"": 2, ""epithelial cell of lung"": 8, ""fibroblast of lung"": 90, ""macrophage"": 46, ""malignant cell"": 62, ""mast cell"": 36, ""myeloid cell"": 2, ""natural killer cell"": 8, ""pericyte"": 8, ""plasma cell"": 170, ""regulatory T cell"": 36, ""smooth muscle cell"": 20, ""vein endothelial cell"": 20}"
Homo sapiens,alveolar sac,10x 3' v2,"{""basal cell"": 4752, ""ciliated cell"": 1012, ""club cell"": 20956, ""epithelial cell"": 1, ""goblet cell"": 410, ""hepatic stellate cell"": 1, ""intestinal tuft cell"": 1, ""lung secretory cell"": 3760, ""mesothelial cell"": 19, ""neuroendocrine cell"": 374, ""paneth cell"": 1, ""pulmonary alveolar type 1 cell"": 1320, ""pulmonary alveolar type 2 cell"": 33705, ""smooth muscle cell"": 2, ""stem cell"": 14571, ""stromal cell"": 3}"
Homo sapiens,alveolar sac,10x 3' v3,"{""acinar cell"": 4, ""basal cell"": 20678, ""ciliated cell"": 2166, ""club cell"": 21762, ""epithelial cell"": 7, ""goblet cell"": 992, ""intestinal tuft cell"": 1, ""lung secretory cell"": 7979, ""mesothelial cell"": 8, ""neuroendocrine cell"": 598, ""pulmonary alveolar type 1 cell"": 28751, ""pulmonary alveolar type 2 cell"": 57979, ""stem cell"": 8017}"
Homo sapiens,alveolus of lung,10x 3' v3,"{""B cell"": 2128, ""T cell"": 12953, ""alveolar macrophage"": 680, ""ciliated cell"": 117, ""dendritic cell"": 628, ""endothelial cell"": 5874, ""endothelial cell of lymphatic vessel"": 730, ""epithelial cell of lower respiratory tract"": 710, ""fibroblast"": 5415, ""macrophage"": 2982, ""mast cell"": 2495, ""monocyte"": 8823, ""natural killer cell"": 3709, ""pericyte"": 324, ""plasma cell"": 1301, ""pulmonary alveolar type 1 cell"": 673, ""pulmonary alveolar type 2 cell"": 6553, ""smooth muscle cell"": 1652}"
Homo sapiens,ampulla of fallopian tube,10x 3' v3,"{""B cell"": 295, ""blood vessel endothelial cell"": 4260, ""ciliated epithelial cell"": 6723, ""endothelial cell"": 4668, ""endothelial cell of lymphatic vessel"": 2805, ""fallopian tube secretory epithelial cell"": 2196, ""fibroblast"": 3477, ""lymphocyte"": 11128, ""macrophage"": 6434, ""mast cell"": 1246, ""mature NK T cell"": 2066, ""myofibroblast cell"": 6879, ""natural killer cell"": 1706, ""peg cell"": 5687, ""pericyte"": 7207, ""perivascular cell"": 5056, ""plasma cell"": 954, ""secretory cell"": 15189, ""smooth muscle cell"": 6967, ""stromal cell"": 31706}"
Homo sapiens,ampulla of fallopian tube,Drop-seq,"{""B cell"": 23, ""ciliated epithelial cell"": 35, ""endothelial cell"": 37, ""endothelial cell of lymphatic vessel"": 16, ""fallopian tube secretory epithelial cell"": 103, ""lymphocyte"": 96, ""macrophage"": 123, ""mast cell"": 11, ""natural killer cell"": 93, ""pericyte"": 21, ""perivascular cell"": 17, ""plasma cell"": 11, ""secretory cell"": 100, ""smooth muscle cell"": 44, ""stromal cell"": 1416}"
Homo sapiens,amygdala,10x 3' v3,"{""GABAergic interneuron"": 679, ""T cell"": 31, ""TAC3-positive striatal interneuron"": 728, ""astrocyte"": 1638, ""endothelial cell"": 31, ""glutamatergic neuron"": 443, ""microglial cell"": 1201, ""mural cell"": 39, ""oligodendrocyte"": 6080, ""oligodendrocyte precursor cell"": 1459, ""pvalb GABAergic cortical interneuron"": 1296, ""sst GABAergic cortical interneuron"": 414, ""unknown"": 1138}"
Homo sapiens,angular gyrus,10x 3' v3,"{""L2/3-6 intratelencephalic projecting glutamatergic neuron"": 114452, ""L5 extratelencephalic projecting glutamatergic cortical neuron"": 310, ""L6b glutamatergic cortical neuron"": 3396, ""VIP GABAergic cortical interneuron"": 16306, ""astrocyte of the cerebral cortex"": 7664, ""caudal ganglionic eminence derived cortical interneuron"": 1234, ""cerebral cortex endothelial cell"": 194, ""chandelier pvalb GABAergic cortical interneuron"": 1096, ""corticothalamic-projecting glutamatergic cortical neuron"": 3622, ""lamp5 GABAergic cortical interneuron"": 8108, ""microglial cell"": 3712, ""near-projecting glutamatergic cortical neuron"": 3018, ""oligodendrocyte"": 15722, ""oligodendrocyte precursor cell"": 5448, ""pvalb GABAergic cortical interneuron"": 13198, ""sncg GABAergic cortical interneuron"": 3534, ""sst GABAergic cortical interneuron"": 20312, ""vascular leptomeningeal cell"": 178}"
Homo sapiens,anterior cingulate cortex,10x 3' v3,"{""GABAergic interneuron"": 1692, ""L2/3-6 intratelencephalic projecting glutamatergic neuron"": 116984, ""L5 extratelencephalic projecting glutamatergic cortical neuron"": 7652, ""L6b glutamatergic cortical neuron"": 8168, ""VIP GABAergic cortical interneuron"": 17596, ""astrocyte"": 907, ""astrocyte of the cerebral cortex"": 10008, ""caudal ganglionic eminence derived cortical interneuron"": 2500, ""cerebral cortex endothelial cell"": 330, ""chandelier pvalb GABAergic cortical interneuron"": 2850, ""corticothalamic-projecting glutamatergic cortical neuron"": 11756, ""glutamatergic neuron"": 4163, ""lamp5 GABAergic cortical interneuron"": 11942, ""microglial cell"": 5738, ""near-projecting glutamatergic cortical neuron"": 8282, ""neuron"": 20, ""oligodendrocyte"": 15118, ""oligodendrocyte precursor cell"": 6867, ""pvalb GABAergic cortical interneuron"": 22264, ""sncg GABAergic cortical interneuron"": 4276, ""sst GABAergic cortical interneuron"": 26928, ""unknown"": 326, ""vascular leptomeningeal cell"": 226}"
Homo sapiens,anterior cingulate cortex,10x multiome,"{""GABAergic neuron"": 2778, ""astrocyte"": 4091, ""endothelial cell"": 801, ""ependymal cell"": 58, ""glutamatergic neuron"": 3496, ""microglial cell"": 1863, ""oligodendrocyte"": 8246, ""oligodendrocyte precursor cell"": 3339, ""pericyte"": 553, ""perivascular cell"": 909, ""vascular leptomeningeal cell"": 423}"
Homo sapiens,anterior cingulate cortex,Drop-seq,"{""GABAergic neuron"": 1525, ""glial cell"": 290, ""glutamatergic neuron"": 3849, ""neural progenitor cell"": 1753}"
Homo sapiens,anterior cingulate gyrus,Smart-seq v4,"{""L2/3-6 intratelencephalic projecting glutamatergic neuron"": 66, ""L5 extratelencephalic projecting glutamatergic cortical neuron"": 65, ""L6 corticothalamic-projecting glutamatergic cortical neuron"": 273, ""L6b glutamatergic cortical neuron"": 323, ""VIP GABAergic cortical interneuron"": 656, ""astrocyte"": 262, ""caudal ganglionic eminence derived cortical interneuron"": 66, ""endothelial cell"": 6, ""glutamatergic neuron"": 2387, ""lamp5 GABAergic cortical interneuron"": 431, ""microglial cell"": 106, ""near-projecting glutamatergic cortical neuron"": 167, ""oligodendrocyte"": 189, ""oligodendrocyte precursor cell"": 155, ""pericyte"": 2, ""pvalb GABAergic cortical interneuron"": 432, ""sst GABAergic cortical interneuron"": 351, ""unknown"": 340, ""vascular leptomeningeal cell"": 2}"
Homo sapiens,anterior part of tongue,10x 3' v3,"{""B cell"": 9, ""CD4-positive, alpha-beta T cell"": 159, ""CD8-positive, alpha-beta T cell"": 654, ""Schwann cell"": 63, ""T cell"": 15, ""basal cell"": 17628, ""endothelial cell"": 1458, ""endothelial cell of lymphatic vessel"": 150, ""fibroblast"": 2718, ""macrophage"": 294, ""mast cell"": 21, ""monocyte"": 114, ""mural cell"": 480, ""myeloid dendritic cell"": 24, ""myoepithelial cell"": 6, ""natural killer cell"": 3, ""neutrophil"": 15, ""regulatory T cell"": 9, ""salivary gland cell"": 12, ""stratified squamous epithelial cell"": 17268, ""tongue muscle cell"": 249}"
Homo sapiens,anterior part of tongue,Smart-seq2,"{""CD4-positive, alpha-beta T cell"": 240, ""basal cell"": 1683, ""endothelial cell"": 30, ""fibroblast"": 96, ""macrophage"": 6, ""mural cell"": 45, ""neutrophil"": 24, ""salivary gland cell"": 240, ""stratified squamous epithelial cell"": 207, ""taste receptor cell"": 6, ""tongue muscle cell"": 42}"
Homo sapiens,anterior segment of eyeball,10x 3' v3,"{""B cell"": 156, ""CD4-positive, alpha-beta T cell"": 69, ""CD8-positive, alpha-beta T cell"": 186, ""Mueller cell"": 3, ""Schwann cell"": 96, ""T cell"": 9, ""classical monocyte"": 3, ""conjunctival epithelial cell"": 7224, ""corneal epithelial cell"": 7971, ""erythrocyte"": 12, ""fibroblast"": 129, ""keratocyte"": 78, ""macrophage"": 9, ""mast cell"": 3, ""mature NK T cell"": 3, ""microglial cell"": 78, ""monocyte"": 12, ""myeloid leukocyte"": 72, ""natural killer cell"": 6, ""neutrophil"": 3, ""plasma cell"": 15, ""radial glial cell"": 6, ""retinal blood vessel endothelial cell"": 114}"
Homo sapiens,anterior wall of left ventricle,10x 3' v2,"{""B cell"": 19, ""Schwann cell"": 294, ""T cell"": 345, ""cardiac endothelial cell"": 265, ""cardiac muscle cell"": 9619, ""contractile cell"": 2459, ""endothelial cell of lymphatic vessel"": 553, ""endothelial cell of vascular tree"": 6846, ""fibroblast"": 8990, ""fibroblast of cardiac tissue"": 297, ""macrophage"": 3062, ""mast cell"": 65, ""mature NK T cell"": 319, ""professional antigen presenting cell"": 3043, ""smooth muscle cell"": 209, ""subcutaneous adipocyte"": 189}"
Homo sapiens,aorta,10x 3' v3,"{""B cell"": 78, ""CD4-positive, alpha-beta T cell"": 681, ""CD8-positive, alpha-beta T cell"": 2406, ""T cell"": 33, ""basophil"": 462, ""capillary endothelial cell"": 1947, ""classical monocyte"": 6, ""endothelial cell"": 5841, ""endothelial cell of artery"": 633, ""endothelial cell of lymphatic vessel"": 120, ""erythrocyte"": 195, ""fibroblast"": 21276, ""intermediate monocyte"": 24, ""macrophage"": 10413, ""mast cell"": 219, ""mature NK T cell"": 897, ""monocyte"": 246, ""myeloid dendritic cell"": 3, ""natural killer cell"": 300, ""neutrophil"": 795, ""pericyte"": 2133, ""plasma cell"": 111, ""smooth muscle cell"": 15066, ""vein endothelial cell"": 300}"
Homo sapiens,aorta,Smart-seq2,"{""B cell"": 3, ""CD4-positive, alpha-beta T cell"": 24, ""CD8-positive, alpha-beta T cell"": 30, ""T cell"": 3, ""endothelial cell"": 849, ""fibroblast"": 612, ""macrophage"": 687, ""mast cell"": 36, ""myeloid dendritic cell"": 9, ""natural killer cell"": 57, ""pericyte"": 78, ""plasma cell"": 27, ""smooth muscle cell"": 84}"
Homo sapiens,apex of heart,10x 3' v2,"{""B cell"": 192, ""CD14-positive monocyte"": 187, ""CD14-positive, CD16-positive monocyte"": 874, ""CD141-positive myeloid dendritic cell"": 31, ""CD4-positive, alpha-beta cytotoxic T cell"": 914, ""CD8-positive, alpha-beta cytotoxic T cell"": 638, ""T-helper 17 cell"": 1, ""activated CD4-positive, alpha-beta T cell"": 312, ""activated CD8-positive, alpha-beta T cell"": 602, ""adipocyte"": 1170, ""capillary endothelial cell"": 25429, ""cardiac endothelial cell"": 4457, ""cardiac mesenchymal cell"": 1, ""cardiac muscle cell"": 10466, ""cardiac neuron"": 97, ""cardiac ventricle fibroblast"": 4789, ""cycling T cell"": 1, ""cycling macrophage"": 34, ""cytotoxic T cell"": 5, ""dendritic cell"": 190, ""effector T cell"": 5, ""effector memory CD4-positive, alpha-beta T cell"": 1, ""effector memory CD8-positive, alpha-beta T cell"": 4, ""endocardial cell"": 153, ""endothelial cell"": 15801, ""endothelial cell of artery"": 8933, ""endothelial cell of lymphatic vessel"": 411, ""epicardial adipocyte"": 750, ""fetal cardiomyocyte"": 224, ""fibroblast"": 30354, ""fibroblast of cardiac tissue"": 5149, ""innate lymphoid cell"": 255, ""lymphocyte"": 3936, ""macrophage"": 4454, ""mast cell"": 145, ""mature NK T cell"": 491, ""mesothelial cell"": 14, ""mesothelial cell of epicardium"": 28, ""monocyte"": 477, ""mural cell"": 11451, ""myeloid cell"": 7675, ""natural killer cell"": 1860, ""neural cell"": 491, ""neuron"": 210, ""pericyte"": 24061, ""regular atrial cardiac myocyte"": 3, ""regular ventricular cardiac myocyte"": 48718, ""regulatory T cell"": 2, ""smooth muscle cell"": 4522, ""unknown"": 3376, ""vascular associated smooth muscle cell"": 383, ""vein endothelial cell"": 2144, ""ventricular cardiac muscle cell"": 9558}"
Homo sapiens,apex of heart,10x 3' v3,"{""B cell"": 120, ""CD14-positive monocyte"": 130, ""CD14-positive, CD16-positive monocyte"": 306, ""CD141-positive myeloid dendritic cell"": 10, ""CD4-positive, alpha-beta cytotoxic T cell"": 478, ""CD8-positive, alpha-beta cytotoxic T cell"": 202, ""T-helper 17 cell"": 3, ""activated CD4-positive, alpha-beta T cell"": 170, ""activated CD8-positive, alpha-beta T cell"": 404, ""adipocyte"": 1722, ""capillary endothelial cell"": 28181, ""cardiac endothelial cell"": 5962, ""cardiac mesenchymal cell"": 180, ""cardiac muscle cell"": 40346, ""cardiac neuron"": 697, ""cardiac ventricle fibroblast"": 1692, ""central memory CD4-positive, alpha-beta T cell"": 7, ""cycling T cell"": 4, ""cycling macrophage"": 41, ""dendritic cell"": 110, ""effector T cell"": 17, ""effector memory CD4-positive, alpha-beta T cell"": 38, ""effector memory CD8-positive, alpha-beta T cell"": 128, ""endocardial cell"": 683, ""endothelial cell"": 23383, ""endothelial cell of artery"": 8132, ""endothelial cell of lymphatic vessel"": 594, ""epicardial adipocyte"": 1002, ""fetal cardiomyocyte"": 683, ""fibroblast"": 17178, ""fibroblast of cardiac tissue"": 8808, ""innate lymphoid cell"": 995, ""lymphocyte"": 2944, ""macrophage"": 3160, ""mast cell"": 1722, ""mature NK T cell"": 196, ""mesothelial cell"": 10, ""mesothelial cell of epicardium"": 290, ""monocyte"": 408, ""mural cell"": 31879, ""myeloid cell"": 7902, ""natural killer cell"": 829, ""neural cell"": 818, ""neuron"": 375, ""pericyte"": 37589, ""plasma cell"": 2, ""regular atrial cardiac myocyte"": 2, ""regular ventricular cardiac myocyte"": 50474, ""regulatory T cell"": 8, ""smooth muscle cell"": 7327, ""unknown"": 6848, ""vascular associated smooth muscle cell"": 227, ""vein endothelial cell"": 3429, ""ventricular cardiac muscle cell"": 12340}"
Homo sapiens,apex of heart,10x multiome,"{""adipocyte"": 12, ""endothelial cell"": 714, ""endothelial cell of lymphatic vessel"": 1, ""fibroblast"": 957, ""lymphocyte"": 33, ""mast cell"": 7, ""mesothelial cell"": 2, ""mural cell"": 341, ""myeloid cell"": 244, ""neural cell"": 20, ""regular ventricular cardiac myocyte"": 1113}"
Homo sapiens,apical region of left ventricle,10x 3' v3,"{""cardiac muscle cell"": 28632, ""endothelial cell"": 4246, ""erythrocyte"": 99, ""fibroblast"": 9547, ""leukocyte"": 3926, ""mesothelial cell of epicardium"": 3442, ""neuron"": 859, ""smooth muscle cell"": 425}"
Homo sapiens,arch of aorta,10x 3' v3,"{""blood vessel smooth muscle cell"": 7464, ""endothelial cell of artery"": 3030, ""fibroblast"": 2104, ""lymphocyte"": 267, ""macrophage"": 1902, ""microcirculation associated smooth muscle cell"": 1705, ""unknown"": 25}"
Homo sapiens,arcuate nucleus of hypothalamus,Drop-seq,"{""unknown"": 53386}"
Homo sapiens,arm skin,10x 3' v1,"{""CD8-positive, alpha-beta memory T cell, CD45RO-positive"": 48, ""Schwann cell"": 58, ""basal cell"": 2, ""basal cell of epidermis"": 651, ""cell of skeletal muscle"": 1, ""chondrocyte"": 45, ""conventional dendritic cell"": 168, ""cytotoxic T cell"": 10, ""dendritic cell"": 11, ""endothelial cell of lymphatic vessel"": 26, ""endothelial cell of vascular tree"": 615, ""fibroblast"": 2469, ""granular cell of epidermis"": 37, ""hair follicular keratinocyte"": 1036, ""helper T cell"": 142, ""innate lymphoid cell"": 40, ""keratinocyte"": 43, ""macrophage"": 165, ""mast cell"": 4, ""melanocyte of skin"": 44, ""monocyte"": 2, ""natural killer cell"": 68, ""pericyte"": 815, ""plasma cell"": 39, ""plasmacytoid dendritic cell"": 16, ""regulatory T cell"": 60, ""sebocyte"": 78, ""smooth muscle cell"": 114, ""suprabasal keratinocyte"": 1246}"
Homo sapiens,arm skin,10x 5' transcription profiling,"{""B cell"": 5739, ""CD4-positive, alpha-beta T cell"": 1486, ""CD8-positive, CD28-negative, alpha-beta regulatory T cell"": 1185, ""T cell"": 54, ""activated CD8-positive, alpha-beta T cell, human"": 3352, ""central memory CD8-positive, alpha-beta T cell"": 2239, ""dendritic cell"": 44, ""endothelial cell"": 164, ""fibroblast"": 117, ""macrophage"": 1054, ""malignant cell"": 1420, ""mature NK T cell"": 792, ""myofibroblast cell"": 149, ""plasma cell"": 92, ""plasmacytoid dendritic cell, human"": 259, ""regulatory T cell"": 1460}"
Homo sapiens,arm skin,10x gene expression flex,"{""CD4-positive, alpha-beta memory T cell"": 12, ""activated CD8-positive, alpha-beta T cell"": 472, ""basal cell of epithelium of lobular bronchiole"": 1, ""capillary endothelial cell"": 12, ""conventional dendritic cell"": 17, ""macrophage"": 647, ""malignant cell"": 5624, ""mucous cell of stomach"": 3, ""muscle fibroblast"": 191, ""natural killer cell"": 10, ""pericyte"": 23, ""plasmacytoid dendritic cell"": 63, ""plasmacytoid dendritic cell, human"": 21, ""salivary gland glandular cell"": 1}"
Homo sapiens,artery,microwell-seq,"{""B cell"": 8, ""T cell"": 31, ""alternatively activated macrophage"": 4, ""basal cell"": 28, ""dendritic cell"": 4, ""endothelial cell"": 1772, ""epithelial cell"": 11, ""fibroblast"": 5016, ""macrophage"": 1986, ""mast cell"": 42, ""mesothelial cell"": 27, ""monocyte"": 3, ""myeloid cell"": 1, ""neutrophil"": 1, ""plasma cell"": 145, ""smooth muscle cell"": 333, ""stromal cell"": 240}"
Homo sapiens,ascending aorta,10x 3' v3,"{""blood vessel smooth muscle cell"": 4050, ""endothelial cell of artery"": 3167, ""fibroblast"": 2205, ""lymphocyte"": 338, ""macrophage"": 2074, ""microcirculation associated smooth muscle cell"": 2715, ""unknown"": 182}"
Homo sapiens,ascending colon,10x 3' v2,"{""B cell"": 508, ""BEST4+ enterocyte"": 2539, ""CD16-negative, CD56-bright natural killer cell, human"": 7, ""CD16-positive, CD56-dim natural killer cell, human"": 10, ""CD4-positive, alpha-beta T cell"": 2925, ""CD4-positive, alpha-beta memory T cell"": 55, ""CD8-positive, alpha-beta T cell"": 1022, ""CD8-positive, alpha-beta memory T cell"": 56, ""IgA plasma cell"": 9245, ""IgG plasma cell"": 529, ""IgM plasma cell"": 211, ""Langerhans cell"": 5, ""M cell of gut"": 2, ""T cell"": 33, ""T-helper 17 cell"": 6, ""TREM2-positive macrophage"": 215, ""capillary endothelial cell"": 587, ""colon epithelial cell"": 581, ""colon goblet cell"": 765, ""colonocyte"": 13970, ""conventional dendritic cell"": 452, ""cycling T cell"": 15, ""dendritic cell"": 50, ""dendritic cell, human"": 14, ""effector memory CD8-positive, alpha-beta T cell"": 21, ""endothelial cell"": 1448, ""endothelial cell of artery"": 535, ""endothelial cell of lymphatic vessel"": 111, ""enteric neuron"": 32, ""enterocyte"": 1843, ""enterocyte of epithelium of large intestine"": 528, ""enteroendocrine cell"": 193, ""enteroendocrine cell of colon"": 13, ""enteroglial cell"": 808, ""epithelial cell"": 244, ""fibroblast"": 6902, ""fibroblast of gingiva"": 178, ""fibroblastic reticular cell"": 3, ""follicular B cell"": 2, ""gamma-delta T cell"": 102, ""gastrointestinal tract (lamina propria) macrophage"": 854, ""glial cell"": 331, ""goblet cell"": 425, ""group 3 innate lymphoid cell"": 5, ""innate lymphoid cell"": 68, ""interneuron"": 4, ""intestinal crypt stem cell"": 1567, ""intestinal tuft cell"": 2, ""intestine goblet cell"": 7707, ""leukocyte"": 318, ""lymphocyte"": 63, ""macrophage"": 2256, ""mast cell"": 1101, ""memory B cell"": 35, ""mesothelial cell"": 4, ""monocyte"": 544, ""mucosal invariant T cell"": 4, ""myofibroblast cell"": 779, ""naive T cell"": 587, ""naive thymus-derived CD4-positive, alpha-beta T cell"": 12, ""natural killer cell"": 363, ""neuroblast (sensu Vertebrata)"": 44, ""paneth cell"": 7, ""paneth cell of colon"": 349, ""pericyte"": 409, ""plasma cell"": 4269, ""plasmablast"": 22, ""plasmacytoid dendritic cell"": 471, ""progenitor cell"": 1784, ""regulatory T cell"": 582, ""stem cell"": 986, ""stromal cell"": 98, ""transit amplifying cell"": 7219, ""transit amplifying cell of colon"": 417, ""tuft cell"": 59, ""tuft cell of small intestine"": 101, ""type EC enteroendocrine cell"": 3, ""unknown"": 248, ""vascular associated smooth muscle cell"": 564, ""vein endothelial cell"": 853}"
Homo sapiens,ascending colon,10x 3' v3,"{""B cell"": 2907, ""BEST4+ enterocyte"": 1384, ""CD4-positive, alpha-beta T cell"": 2268, ""CD8-positive, alpha-beta T cell"": 1308, ""colon endothelial cell"": 420, ""colon goblet cell"": 462, ""colon macrophage"": 471, ""enterochromaffin-like cell"": 18, ""enterocyte of epithelium of large intestine"": 6173, ""enteroendocrine cell"": 31, ""enteroendocrine cell of colon"": 34, ""enteroglial cell"": 276, ""fibroblast"": 3660, ""gamma-delta T cell"": 2625, ""goblet cell"": 485, ""innate lymphoid cell"": 24, ""intestinal crypt stem cell of colon"": 2031, ""large intestine goblet cell"": 1860, ""mast cell"": 765, ""mature NK T cell"": 30, ""monocyte"": 87, ""myeloid dendritic cell"": 69, ""myeloid leukocyte"": 729, ""myofibroblast cell"": 12, ""naive thymus-derived CD4-positive, alpha-beta T cell"": 303, ""paneth cell of colon"": 24, ""plasma cell"": 4557, ""progenitor cell"": 25, ""regulatory T cell"": 528, ""stem cell"": 67, ""transit amplifying cell"": 779, ""transit amplifying cell of colon"": 482, ""tuft cell of colon"": 521, ""type L enteroendocrine cell"": 69}"
Homo sapiens,ascending colon,10x 5' v2,"{""B cell"": 4, ""BEST4+ enterocyte"": 3938, ""CD16-negative, CD56-bright natural killer cell, human"": 32, ""CD16-positive, CD56-dim natural killer cell, human"": 16, ""CD4-positive, alpha-beta T cell"": 16, ""CD4-positive, alpha-beta memory T cell"": 224, ""CD8-positive, alpha-beta T cell"": 15, ""CD8-positive, alpha-beta memory T cell"": 994, ""IgA plasma cell"": 2990, ""IgG plasma cell"": 58, ""IgM plasma cell"": 76, ""M cell of gut"": 8, ""T follicular helper cell"": 81, ""T-helper 1 cell"": 1, ""T-helper 17 cell"": 135, ""TREM2-positive macrophage"": 90, ""activated CD4-positive, alpha-beta T cell"": 89, ""activated CD8-positive, alpha-beta T cell"": 631, ""central memory CD4-positive, alpha-beta T cell"": 55, ""colon epithelial cell"": 2566, ""colonocyte"": 24924, ""conventional dendritic cell"": 93, ""cycling T cell"": 92, ""dendritic cell, human"": 10, ""effector memory CD8-positive, alpha-beta T cell"": 339, ""endothelial cell of artery"": 392, ""endothelial cell of lymphatic vessel"": 92, ""enterocyte of epithelium of large intestine"": 2634, ""enteroendocrine cell"": 44, ""enteroglial cell"": 8, ""epithelial cell"": 412, ""erythrocyte"": 10, ""fibroblast"": 716, ""fibroblast of gingiva"": 20, ""follicular B cell"": 3, ""gamma-delta T cell"": 5208, ""gastrointestinal tract (lamina propria) macrophage"": 124, ""gastrointestinal tract (lamina propria) macrophage of large intestine"": 10, ""germinal center B cell"": 14, ""glial cell"": 23, ""goblet cell"": 274, ""group 3 innate lymphoid cell"": 50, ""innate lymphoid cell"": 10, ""intestinal crypt stem cell"": 304, ""intestinal tuft cell"": 55, ""intestine goblet cell"": 4541, ""macrophage"": 438, ""mast cell"": 83, ""memory B cell"": 321, ""monocyte"": 150, ""mucosal invariant T cell"": 10, ""naive B cell"": 542, ""naive thymus-derived CD4-positive, alpha-beta T cell"": 276, ""naive thymus-derived CD8-positive, alpha-beta T cell"": 64, ""natural killer cell"": 27, ""pericyte"": 46, ""plasma cell"": 605, ""precursor B cell"": 4, ""regulatory T cell"": 126, ""reticular cell"": 1, ""stem cell"": 107, ""stromal cell"": 639, ""transit amplifying cell"": 4685, ""tuft cell of colon"": 48, ""tuft cell of small intestine"": 184, ""type EC enteroendocrine cell"": 1, ""type L enteroendocrine cell"": 2, ""vascular associated smooth muscle cell"": 88, ""vein endothelial cell"": 90}"
Homo sapiens,ascending colon,TruDrop,"{""B cell"": 252, ""T cell"": 1310, ""abnormal cell"": 4225, ""endothelial cell"": 75, ""fibroblast"": 63, ""goblet cell"": 4951, ""gut absorptive cell"": 18462, ""intestinal crypt stem cell of colon"": 1424, ""intestinal enteroendocrine cell"": 328, ""intestinal epithelial cell"": 839, ""mast cell"": 250, ""myeloid cell"": 425, ""neoplastic cell"": 2807, ""plasma cell"": 528, ""transit amplifying cell"": 3492, ""tuft cell"": 537}"
Homo sapiens,ascending colon,microwell-seq,"{""B cell"": 165, ""T cell"": 164, ""alternatively activated macrophage"": 1, ""dendritic cell"": 25, ""endothelial cell"": 3, ""enterocyte"": 86, ""epithelial cell"": 12, ""macrophage"": 8, ""mast cell"": 11, ""mesenchymal stem cell"": 1, ""monocyte"": 2, ""neuron"": 1, ""plasma cell"": 1492, ""professional antigen presenting cell"": 1, ""smooth muscle cell"": 19, ""stromal cell"": 35}"
Homo sapiens,ascitic fluid,10x 3' v3,"{""B cell"": 3036, ""T cell"": 94470, ""dendritic cell"": 4325, ""endothelial cell"": 8, ""fallopian tube secretory epithelial cell"": 28852, ""fibroblast"": 12735, ""mast cell"": 49, ""monocyte"": 40036, ""plasma cell"": 1869, ""unknown"": 2}"
Homo sapiens,atrioventricular node,10x multiome,"{""adipocyte"": 333, ""endothelial cell"": 4725, ""endothelial cell of lymphatic vessel"": 165, ""fibroblast"": 14674, ""lymphocyte"": 1936, ""mast cell"": 142, ""mesothelial cell"": 43, ""mural cell"": 2809, ""myeloid cell"": 8174, ""neural cell"": 400, ""regular atrial cardiac myocyte"": 1910, ""regular ventricular cardiac myocyte"": 14663}"
Homo sapiens,axilla,10x 3' v2,"{""B cell"": 311, ""T cell"": 1029, ""fibroblast"": 108, ""macrophage"": 161, ""malignant cell"": 1320, ""mast cell"": 1, ""mature NK T cell"": 94, ""monocyte"": 100, ""plasma cell"": 17}"
Homo sapiens,axilla,10x 3' v3,"{""B cell"": 3068, ""CD4-positive helper T cell"": 106, ""CD4-positive, alpha-beta T cell"": 106, ""CD8-positive, alpha-beta memory T cell"": 113, ""T cell"": 17318, ""basal cell"": 34, ""blood vessel endothelial cell"": 7035, ""blood vessel smooth muscle cell"": 2828, ""chondrocyte"": 1, ""ciliated epithelial cell"": 44, ""classical monocyte"": 344, ""conventional dendritic cell"": 27, ""dendritic cell"": 119, ""effector CD8-positive, alpha-beta T cell"": 26, ""endothelial cell"": 1102, ""epithelial cell"": 17321, ""erythrocyte"": 1, ""exhausted T cell"": 10, ""fibroblast"": 16602, ""goblet cell"": 26, ""hepatocyte"": 6, ""ionocyte"": 2, ""macrophage"": 15840, ""malignant cell"": 57146, ""mast cell"": 216, ""mature NK T cell"": 15, ""monocyte"": 514, ""myeloid cell"": 185, ""natural killer cell"": 38, ""neutrophil"": 12, ""plasma cell"": 1055, ""regulatory T cell"": 60}"
Homo sapiens,basal forebrain,10x 3' v2,"{""cell"": 62, ""erythrocyte"": 194, ""glioblast"": 7311, ""macrophage"": 116, ""neuroblast (sensu Nematoda and Protostomia)"": 7622, ""neuroblast (sensu Vertebrata)"": 5704, ""neuron"": 24356, ""oligodendrocyte"": 129, ""radial glial cell"": 6250}"
Homo sapiens,basal forebrain,10x 3' v3,"{""cell"": 812, ""erythrocyte"": 906, ""fibroblast"": 46, ""glioblast"": 17499, ""macrophage"": 718, ""neural crest cell"": 44, ""neuroblast (sensu Nematoda and Protostomia)"": 9082, ""neuroblast (sensu Vertebrata)"": 5622, ""neuron"": 22170, ""oligodendrocyte"": 339, ""radial glial cell"": 6574}"
Homo sapiens,basal ganglion,10x 3' v3,"{""B cell"": 149, ""dendritic cell"": 171, ""endothelial cell"": 6, ""macrophage"": 2347, ""malignant cell"": 575, ""mast cell"": 162, ""mature T cell"": 2175, ""microglial cell"": 1912, ""monocyte"": 979, ""mural cell"": 2, ""natural killer cell"": 5, ""oligodendrocyte"": 237, ""plasma cell"": 275, ""radial glial cell"": 5}"
Homo sapiens,basal zone of heart,10x 3' v3,"{""adipocyte"": 1, ""capillary endothelial cell"": 921, ""cardiac mesenchymal cell"": 134, ""cardiac muscle cell"": 1348, ""endocardial cell"": 897, ""endothelial cell"": 674, ""endothelial cell of artery"": 804, ""fetal cardiomyocyte"": 409, ""fibroblast"": 2457, ""innate lymphoid cell"": 733, ""mesothelial cell of epicardium"": 578, ""myeloid cell"": 2150, ""neuron"": 1913, ""pericyte"": 439, ""smooth muscle cell"": 2736, ""unknown"": 2400, ""vein endothelial cell"": 181}"
Homo sapiens,biliary system,10x 3' v2,"{""epithelial cell"": 1692, ""stem cell"": 22}"
Homo sapiens,biliary system,10x 3' v3,"{""enteroendocrine cell"": 17, ""epithelial cell"": 3030, ""goblet cell"": 3, ""hepatic stellate cell"": 1, ""intestinal tuft cell"": 9, ""neuroendocrine cell"": 2}"
Homo sapiens,biliary system,CEL-seq2,"{""epithelial cell"": 2072}"
Homo sapiens,bladder organ,10x 3' v3,"{""B cell"": 1347, ""CD4-positive, alpha-beta T cell"": 6285, ""CD8-positive, alpha-beta T cell"": 13227, ""T cell"": 2340, ""bladder urothelial cell"": 79989, ""capillary endothelial cell"": 321, ""endothelial cell"": 51, ""endothelial cell of lymphatic vessel"": 309, ""erythrocyte"": 318, ""fibroblast"": 39807, ""macrophage"": 9036, ""mast cell"": 4392, ""mature NK T cell"": 285, ""monocyte"": 13884, ""myofibroblast cell"": 9105, ""natural killer cell"": 465, ""neutrophil"": 522, ""pericyte"": 3354, ""plasma cell"": 3330, ""regulatory T cell"": 69, ""smooth muscle cell"": 3132, ""vein endothelial cell"": 1074}"
Homo sapiens,bladder organ,Smart-seq2,"{""B cell"": 105, ""CD4-positive, alpha-beta T cell"": 282, ""CD8-positive, alpha-beta T cell"": 69, ""T cell"": 3, ""bladder urothelial cell"": 1734, ""endothelial cell"": 60, ""endothelial cell of lymphatic vessel"": 72, ""fibroblast"": 1491, ""macrophage"": 420, ""mast cell"": 312, ""monocyte"": 681, ""myofibroblast cell"": 303, ""natural killer cell"": 30, ""neutrophil"": 201, ""pericyte"": 198, ""plasma cell"": 285, ""smooth muscle cell"": 27, ""vein endothelial cell"": 240}"
Homo sapiens,bladder organ,microwell-seq,"{""B cell"": 23, ""T cell"": 94, ""basal cell"": 3, ""cord blood hematopoietic stem cell"": 2, ""dendritic cell"": 116, ""endocrine cell"": 1, ""endothelial cell"": 866, ""epithelial cell"": 1923, ""erythroid progenitor cell"": 1, ""fibroblast"": 80, ""goblet cell"": 11, ""macrophage"": 165, ""mast cell"": 76, ""monocyte"": 4537, ""neutrophil"": 1, ""plasma cell"": 40, ""smooth muscle cell"": 220, ""stromal cell"": 889}"
Homo sapiens,blood,10x 3' transcription profiling,"{""B cell"": 3024, ""CD14-low, CD16-positive monocyte"": 4140, ""CD14-positive monocyte"": 120843, ""CD16-negative, CD56-bright natural killer cell, human"": 10442, ""CD16-positive, CD56-dim natural killer cell, human"": 92848, ""CD34-positive, CD38-negative hematopoietic stem cell"": 2238, ""CD4-positive, alpha-beta T cell"": 624, ""CD8-positive, alpha-beta T cell"": 1355, ""ILC1, human"": 776, ""IgA plasma cell"": 2699, ""IgG plasma cell"": 3527, ""IgM plasma cell"": 1163, ""T follicular helper cell"": 13608, ""T-helper 1 cell"": 481, ""T-helper 17 cell"": 13, ""T-helper 2 cell"": 55, ""T-helper 22 cell"": 18379, ""central memory CD4-positive, alpha-beta T cell"": 49904, ""class switched memory B cell"": 7244, ""dendritic cell"": 585, ""dendritic cell, human"": 3357, ""effector CD8-positive, alpha-beta T cell"": 53534, ""effector memory CD4-positive, alpha-beta T cell"": 2634, ""effector memory CD8-positive, alpha-beta T cell"": 18917, ""erythrocyte"": 2232, ""erythroid progenitor cell, mammalian"": 773, ""gamma-delta T cell"": 15942, ""group 2 innate lymphoid cell, human"": 93, ""hematopoietic precursor cell"": 180, ""immature B cell"": 5238, ""malignant cell"": 2291, ""mature NK T cell"": 21673, ""megakaryocyte"": 53, ""monocyte"": 649, ""mucosal invariant T cell"": 10992, ""myeloid dendritic cell"": 3243, ""myeloid lineage restricted progenitor cell"": 53, ""naive B cell"": 44136, ""naive thymus-derived CD4-positive, alpha-beta T cell"": 63096, ""naive thymus-derived CD8-positive, alpha-beta T cell"": 31175, ""natural killer cell"": 4963, ""plasmablast"": 4121, ""plasmacytoid dendritic cell"": 4612, ""platelet"": 15847, ""regulatory T cell"": 329, ""unswitched memory B cell"": 3285}"
Homo sapiens,blood,10x 3' v1,"{""B cell"": 345, ""T cell"": 1437, ""megakaryocyte"": 12, ""mononuclear phagocyte"": 666, ""plasmacytoid dendritic cell"": 3}"
Homo sapiens,blood,10x 3' v2,"{""B cell"": 152073, ""CD14-low, CD16-positive monocyte"": 15743, ""CD14-positive monocyte"": 36130, ""CD16-negative, CD56-bright natural killer cell, human"": 7979, ""CD16-positive, CD56-dim natural killer cell, human"": 16006, ""CD1c-positive myeloid dendritic cell"": 30, ""CD4-positive, alpha-beta T cell"": 381250, ""CD4-positive, alpha-beta cytotoxic T cell"": 17993, ""CD8-positive, alpha-beta T cell"": 249232, ""Hofbauer cell"": 7, ""T cell"": 13181, ""basal cell"": 18, ""central memory CD4-positive, alpha-beta T cell"": 327489, ""central memory CD8-positive, alpha-beta T cell"": 21475, ""class switched memory B cell"": 955, ""classical monocyte"": 359717, ""club cell"": 5, ""conventional dendritic cell"": 25856, ""decidual cell"": 1, ""decidual natural killer cell, human"": 185, ""dendritic cell"": 465, ""double negative thymocyte"": 1876, ""effector memory CD4-positive, alpha-beta T cell"": 38128, ""effector memory CD8-positive, alpha-beta T cell"": 181799, ""effector memory CD8-positive, alpha-beta T cell, terminally differentiated"": 8279, ""erythrocyte"": 290, ""gamma-delta T cell"": 22498, ""granulocyte"": 114, ""group 3 innate lymphoid cell, human"": 57, ""hematopoietic multipotent progenitor cell"": 96, ""hematopoietic precursor cell"": 1812, ""hematopoietic stem cell"": 38, ""immature neutrophil"": 4, ""innate lymphoid cell"": 445, ""leukocyte"": 200, ""lymphocyte"": 10073, ""macrophage"": 918, ""megakaryocyte"": 1343, ""memory B cell"": 34776, ""monocyte"": 862, ""mucosal invariant T cell"": 11398, ""myeloid dendritic cell, human"": 1, ""myeloid leukocyte"": 1, ""naive B cell"": 73588, ""naive thymus-derived CD4-positive, alpha-beta T cell"": 272442, ""naive thymus-derived CD8-positive, alpha-beta T cell"": 54632, ""natural killer cell"": 271121, ""neutrophil"": 12, ""non-classical monocyte"": 56703, ""peripheral blood mononuclear cell"": 131, ""plasma cell"": 445, ""plasmablast"": 7890, ""plasmacytoid dendritic cell"": 7806, ""plasmacytoid dendritic cell, human"": 539, ""platelet"": 2654, ""progenitor cell"": 807, ""regulatory T cell"": 27709, ""respiratory basal cell"": 6, ""transitional stage B cell"": 31931, ""unswitched memory B cell"": 464, ""uterine smooth muscle cell"": 1}"
Homo sapiens,blood,10x 3' v3,"{""Axl+ dendritic cell, human"": 4728, ""B cell"": 195749, ""Be cell"": 101981, ""CD14-low, CD16-positive monocyte"": 429978, ""CD14-positive monocyte"": 81260, ""CD14-positive, CD16-negative classical monocyte"": 2633239, ""CD14-positive, CD16-positive monocyte"": 2463, ""CD141-positive myeloid dendritic cell"": 9030, ""CD16-negative, CD56-bright natural killer cell, human"": 114265, ""CD16-positive, CD56-dim natural killer cell, human"": 1300021, ""CD1c-positive myeloid dendritic cell"": 140662, ""CD4-positive helper T cell"": 2444, ""CD4-positive, CD25-positive, alpha-beta regulatory T cell"": 1557, ""CD4-positive, alpha-beta T cell"": 35236, ""CD4-positive, alpha-beta cytotoxic T cell"": 9071, ""CD4-positive, alpha-beta memory T cell"": 234692, ""CD56-positive, CD161-positive immature natural killer cell, human"": 1108, ""CD8-positive, alpha-beta T cell"": 65893, ""CD8-positive, alpha-beta cytotoxic T cell"": 560, ""CD8-positive, alpha-beta memory T cell"": 13549, ""CD8-positive, alpha-beta memory T cell, CD45RO-positive"": 928, ""CD8-positive, alpha-beta regulatory T cell"": 13117, ""CD8aa(I) thymocyte"": 31338, ""IgG memory B cell"": 2048, ""IgG-negative class switched memory B cell"": 4345, ""T cell"": 45828, ""T follicular helper cell"": 218, ""activated CD4-positive, alpha-beta T cell, human"": 2922, ""activated CD8-positive, alpha-beta T cell, human"": 1410, ""alpha-beta T cell"": 366, ""alveolar macrophage"": 14, ""antibody secreting cell"": 619, ""basophil"": 123, ""basophil mast progenitor cell"": 735, ""blood cell"": 1373, ""central memory CD4-positive, alpha-beta T cell"": 1783191, ""central memory CD8-positive, alpha-beta T cell"": 282102, ""class switched memory B cell"": 96, ""classical monocyte"": 186463, ""common dendritic progenitor"": 914, ""common lymphoid progenitor"": 10084, ""common myeloid progenitor"": 10026, ""conventional dendritic cell"": 13534, ""cytotoxic T cell"": 858, ""dendritic cell"": 8086, ""double negative thymocyte"": 22179, ""early pro-B cell"": 32221, ""effector CD4-positive, alpha-beta T cell"": 11724, ""effector CD8-positive, alpha-beta T cell"": 6909, ""effector memory CD4-positive, alpha-beta T cell"": 1394933, ""effector memory CD4-positive, alpha-beta T cell, terminally differentiated"": 124, ""effector memory CD8-positive, alpha-beta T cell"": 1606280, ""effector memory CD8-positive, alpha-beta T cell, terminally differentiated"": 7854, ""endothelial cell"": 652, ""erythrocyte"": 55054, ""erythroid lineage cell"": 436, ""exhausted T cell"": 380, ""gamma-delta T cell"": 16963, ""granulocyte monocyte progenitor cell"": 2285, ""group 1 innate lymphoid cell"": 4, ""group 3 innate lymphoid cell"": 39, ""hematopoietic multipotent progenitor cell"": 391567, ""hematopoietic precursor cell"": 396017, ""hematopoietic stem cell"": 2824, ""immature B cell"": 3660, ""immature innate lymphoid cell"": 1391, ""immature neutrophil"": 2674, ""innate lymphoid cell"": 7353, ""intermediate monocyte"": 119417, ""leukocyte"": 125, ""lymphocyte"": 13428, ""macrophage"": 3367, ""mast cell"": 16, ""mature B cell"": 15859, ""mature NK T cell"": 39854, ""mature alpha-beta T cell"": 27116, ""mature gamma-delta T cell"": 399506, ""megakaryocyte"": 1293, ""megakaryocyte-erythroid progenitor cell"": 529, ""memory B cell"": 475594, ""memory CCR4-positive regulatory T cell"": 24981, ""memory regulatory T cell"": 179168, ""monocyte"": 68453, ""mucosal invariant T cell"": 458052, ""myeloid cell"": 23655, ""myeloid dendritic cell"": 6047, ""myeloid dendritic cell, human"": 40, ""naive B cell"": 897660, ""naive regulatory T cell"": 160751, ""naive thymus-derived CD4-positive, alpha-beta T cell"": 3738459, ""naive thymus-derived CD8-positive, alpha-beta T cell"": 1058732, ""natural killer cell"": 140301, ""neutrophil"": 91115, ""non-classical monocyte"": 18947, ""plasma cell"": 25585, ""plasmablast"": 8927, ""plasmacytoid dendritic cell"": 71652, ""plasmacytoid dendritic cell, human"": 4966, ""platelet"": 103986, ""precursor B cell"": 22913, ""pro-B cell"": 13479, ""progenitor cell"": 153, ""regulatory T cell"": 8087, ""transitional stage B cell"": 115098, ""unknown"": 20523}"
Homo sapiens,blood,10x 5' transcription profiling,"{""B cell"": 62607, ""CD4-positive, CD25-positive, alpha-beta regulatory T cell"": 454, ""CD4-positive, alpha-beta T cell"": 155575, ""CD8-positive, alpha-beta T cell"": 107780, ""IgA plasma cell"": 104, ""IgG plasma cell"": 15, ""MHC-II-positive classical monocyte"": 5, ""activated type II NK T cell"": 234, ""class switched memory B cell"": 537, ""classical monocyte"": 175705, ""conventional dendritic cell"": 8624, ""effector memory CD4-positive, alpha-beta T cell"": 4806, ""effector memory CD8-positive, alpha-beta T cell"": 4673, ""endothelial cell"": 3, ""epithelial cell of proximal tubule segment 1"": 2, ""fibroblast"": 1, ""gamma-delta T cell"": 12869, ""innate lymphoid cell"": 659, ""macrophage"": 139, ""mast cell"": 53, ""mucosal invariant T cell"": 1862, ""naive B cell"": 2893, ""naive thymus-derived CD4-positive, alpha-beta T cell"": 10733, ""naive thymus-derived CD8-positive, alpha-beta T cell"": 1201, ""natural killer cell"": 69567, ""non-classical monocyte"": 25869, ""plasma cell"": 16, ""plasmablast"": 6600, ""plasmacytoid dendritic cell"": 2682, ""progenitor cell"": 2011, ""unknown"": 1604, ""unswitched memory B cell"": 1130}"
Homo sapiens,blood,10x 5' v1,"{""B cell"": 66273, ""B-2 B cell"": 503, ""CD14-low, CD16-positive monocyte"": 1923, ""CD14-positive monocyte"": 25679, ""CD141-positive myeloid dendritic cell"": 1, ""CD16-negative, CD56-bright natural killer cell, human"": 12378, ""CD16-positive, CD56-dim natural killer cell, human"": 54479, ""CD1c-positive myeloid dendritic cell"": 56, ""CD38-negative naive B cell"": 7877, ""CD4-negative, CD8-negative, alpha-beta intraepithelial T cell"": 102, ""CD4-positive helper T cell"": 37924, ""CD4-positive, alpha-beta T cell"": 314260, ""CD4-positive, alpha-beta cytotoxic T cell"": 5431, ""CD4-positive, alpha-beta memory T cell"": 113158, ""CD8-positive, alpha-beta T cell"": 138669, ""CD8-positive, alpha-beta cytotoxic T cell"": 40627, ""CD8-positive, alpha-beta memory T cell"": 52894, ""CD8-positive, alpha-beta memory T cell, CD45RO-positive"": 310, ""T cell"": 8684, ""T follicular helper cell"": 4, ""activated CD4-positive, alpha-beta T cell"": 13537, ""activated CD8-positive, alpha-beta T cell"": 6002, ""alpha-beta T cell"": 1823, ""blood cell"": 52444, ""central memory CD4-positive, alpha-beta T cell"": 27972, ""central memory CD8-positive, alpha-beta T cell"": 14904, ""class switched memory B cell"": 4882, ""classical monocyte"": 379684, ""conventional dendritic cell"": 11508, ""dendritic cell"": 13084, ""double negative T regulatory cell"": 4557, ""double negative thymocyte"": 5164, ""double-positive, alpha-beta thymocyte"": 6735, ""effector CD8-positive, alpha-beta T cell"": 8956, ""effector memory CD4-positive, alpha-beta T cell"": 6505, ""effector memory CD4-positive, alpha-beta T cell, terminally differentiated"": 858, ""effector memory CD8-positive, alpha-beta T cell"": 25976, ""effector memory CD8-positive, alpha-beta T cell, terminally differentiated"": 14113, ""enucleated reticulocyte"": 304, ""erythrocyte"": 4292, ""erythroid lineage cell"": 70, ""gamma-delta T cell"": 28276, ""granulocyte"": 801, ""group 3 innate lymphoid cell"": 4, ""hematopoietic multipotent progenitor cell"": 36, ""hematopoietic precursor cell"": 1437, ""hematopoietic stem cell"": 2138, ""immature B cell"": 255, ""innate lymphoid cell"": 419, ""intermediate monocyte"": 5129, ""leukocyte"": 176, ""lymphocyte"": 152, ""macrophage"": 3806, ""mast cell"": 72, ""mature B cell"": 636, ""mature NK T cell"": 2494, ""megakaryocyte"": 750, ""megakaryocyte-erythroid progenitor cell"": 1563, ""memory B cell"": 32546, ""memory T cell"": 1166, ""monocyte"": 60155, ""mucosal invariant T cell"": 19088, ""myeloid cell"": 285, ""naive B cell"": 78914, ""naive thymus-derived CD4-positive, alpha-beta T cell"": 177256, ""naive thymus-derived CD8-positive, alpha-beta T cell"": 66870, ""natural killer cell"": 165708, ""neutrophil"": 299, ""non-classical monocyte"": 55660, ""plasma cell"": 2630, ""plasmablast"": 13408, ""plasmacytoid dendritic cell"": 3470, ""platelet"": 7635, ""progenitor cell"": 2, ""regulatory T cell"": 21645, ""stem cell"": 510, ""type I NK T cell"": 5636, ""unknown"": 3645, ""unswitched memory B cell"": 4725}"
Homo sapiens,blood,10x 5' v2,"{""B cell"": 415851, ""B-2 B cell"": 99, ""CD14-low, CD16-positive monocyte"": 105954, ""CD14-positive monocyte"": 402157, ""CD14-positive, CD16-negative classical monocyte"": 245900, ""CD14-positive, CD16-positive monocyte"": 8577, ""CD141-positive myeloid dendritic cell"": 1324, ""CD16-negative, CD56-bright natural killer cell, human"": 13025, ""CD16-positive, CD56-dim natural killer cell, human"": 325885, ""CD1c-positive myeloid dendritic cell"": 29875, ""CD38-negative naive B cell"": 4961, ""CD4-negative, CD8-negative, alpha-beta intraepithelial T cell"": 653, ""CD4-positive helper T cell"": 4, ""CD4-positive, CD25-positive, alpha-beta regulatory T cell"": 1976, ""CD4-positive, alpha-beta T cell"": 92013, ""CD4-positive, alpha-beta cytotoxic T cell"": 30582, ""CD4-positive, alpha-beta memory T cell"": 46124, ""CD8-positive, alpha-beta T cell"": 389448, ""CD8-positive, alpha-beta cytotoxic T cell"": 110315, ""CD8-positive, alpha-beta memory T cell"": 71725, ""CD8-positive, alpha-beta memory T cell, CD45RO-positive"": 32, ""T cell"": 74632, ""abnormal cell"": 77, ""activated CD4-positive, alpha-beta T cell"": 274, ""activated CD4-positive, alpha-beta T cell, human"": 90, ""activated CD8-positive, alpha-beta T cell"": 38, ""alpha-beta T cell"": 10, ""central memory CD4-positive, alpha-beta T cell"": 276965, ""central memory CD8-positive, alpha-beta T cell"": 9823, ""class switched memory B cell"": 3685, ""classical monocyte"": 103327, ""conventional dendritic cell"": 2067, ""cytotoxic T cell"": 806, ""dendritic cell"": 14475, ""dendritic cell, human"": 68, ""double negative T regulatory cell"": 1079, ""effector CD4-positive, alpha-beta T cell"": 35256, ""effector CD8-positive, alpha-beta T cell"": 4273, ""effector memory CD4-positive, alpha-beta T cell"": 67838, ""effector memory CD4-positive, alpha-beta T cell, terminally differentiated"": 2947, ""effector memory CD8-positive, alpha-beta T cell"": 15351, ""effector memory CD8-positive, alpha-beta T cell, terminally differentiated"": 25445, ""erythrocyte"": 2403, ""erythroid lineage cell"": 3, ""gamma-delta T cell"": 68491, ""group 1 innate lymphoid cell"": 34, ""group 3 innate lymphoid cell"": 85, ""hematopoietic multipotent progenitor cell"": 7, ""hematopoietic precursor cell"": 1523, ""hematopoietic stem cell"": 153, ""immature innate lymphoid cell"": 2157, ""innate lymphoid cell"": 1559, ""intermediate monocyte"": 287, ""leukocyte"": 362, ""lymphocyte"": 8, ""macrophage"": 1807, ""mast cell"": 8, ""mature B cell"": 20751, ""mature NK T cell"": 6164, ""mature alpha-beta T cell"": 226712, ""mature gamma-delta T cell"": 15073, ""megakaryocyte"": 13959, ""memory B cell"": 72570, ""monocyte"": 52445, ""mucosal invariant T cell"": 50298, ""myeloid cell"": 26020, ""naive B cell"": 106073, ""naive T cell"": 9557, ""naive thymus-derived CD4-positive, alpha-beta T cell"": 336606, ""naive thymus-derived CD8-positive, alpha-beta T cell"": 180011, ""natural killer cell"": 140722, ""neutrophil"": 8880, ""non-classical monocyte"": 9668, ""plasma cell"": 16611, ""plasmablast"": 1133, ""plasmacytoid dendritic cell"": 9624, ""platelet"": 26684, ""pre-conventional dendritic cell"": 894, ""progenitor cell"": 391, ""regulatory T cell"": 32315, ""stem cell"": 231, ""unknown"": 2089, ""unswitched memory B cell"": 6321}"
Homo sapiens,blood,10x gene expression flex,"{""B cell"": 350, ""CD14-low, CD16-positive monocyte"": 3662, ""CD14-positive monocyte"": 19686, ""CD4-positive, alpha-beta T cell"": 2524, ""cytotoxic T cell"": 862, ""dendritic cell"": 130, ""megakaryocyte"": 374, ""natural killer cell"": 1672, ""plasmacytoid dendritic cell"": 598, ""unknown"": 1142}"
Homo sapiens,blood,Asteria scRNA-seq kit,"{""B cell"": 174, ""CD14-low, CD16-positive monocyte"": 2774, ""CD14-positive monocyte"": 11152, ""CD4-positive, alpha-beta T cell"": 314, ""cytotoxic T cell"": 94, ""dendritic cell"": 106, ""megakaryocyte"": 178, ""natural killer cell"": 232, ""plasmacytoid dendritic cell"": 244, ""unknown"": 496}"
Homo sapiens,blood,BD Rhapsody Targeted mRNA,"{""CD16-negative, CD56-bright natural killer cell, human"": 35, ""CD16-positive, CD56-dim natural killer cell, human"": 409, ""CD4-positive, alpha-beta cytotoxic T cell"": 2, ""CD4-positive, alpha-beta memory T cell"": 1129, ""CD8-positive, alpha-beta memory T cell"": 363, ""basophil mast progenitor cell"": 3, ""central memory CD8-positive, alpha-beta T cell"": 65, ""class switched memory B cell"": 185, ""classical monocyte"": 2534, ""common dendritic progenitor"": 1, ""conventional dendritic cell"": 166, ""early promyelocyte"": 6, ""effector memory CD8-positive, alpha-beta T cell"": 235, ""erythroid progenitor cell"": 6, ""gamma-delta T cell"": 62, ""hematopoietic multipotent progenitor cell"": 14, ""immature B cell"": 24, ""late promyelocyte"": 2, ""lymphoid lineage restricted progenitor cell"": 10, ""megakaryocyte progenitor cell"": 15, ""megakaryocyte-erythroid progenitor cell"": 5, ""memory B cell"": 3, ""myelocyte"": 108, ""naive B cell"": 483, ""naive thymus-derived CD4-positive, alpha-beta T cell"": 160, ""naive thymus-derived CD8-positive, alpha-beta T cell"": 128, ""non-classical monocyte"": 657, ""plasma cell"": 19, ""plasmacytoid dendritic cell"": 15, ""unswitched memory B cell"": 301}"
Homo sapiens,blood,BD Rhapsody Whole Transcriptome Analysis,"{""B cell"": 382, ""CD14-low, CD16-positive monocyte"": 3860, ""CD14-positive monocyte"": 19504, ""CD4-positive, alpha-beta T cell"": 2714, ""cytotoxic T cell"": 914, ""dendritic cell"": 504, ""megakaryocyte"": 86, ""natural killer cell"": 1720, ""plasmacytoid dendritic cell"": 484, ""unknown"": 832}"
Homo sapiens,blood,HIVE CLX Single-Cell RNAseq Solution,"{""B cell"": 438, ""CD14-low, CD16-positive monocyte"": 2132, ""CD14-positive monocyte"": 22636, ""CD4-positive, alpha-beta T cell"": 2262, ""cytotoxic T cell"": 478, ""dendritic cell"": 250, ""megakaryocyte"": 470, ""natural killer cell"": 1082, ""plasmacytoid dendritic cell"": 690, ""unknown"": 562}"
Homo sapiens,blood,Parse Evercode Whole Transcriptome v2,"{""B cell"": 200, ""CD14-low, CD16-positive monocyte"": 1774, ""CD14-positive monocyte"": 9380, ""CD4-positive, alpha-beta T cell"": 1430, ""cytotoxic T cell"": 344, ""dendritic cell"": 274, ""megakaryocyte"": 14, ""natural killer cell"": 812, ""plasmacytoid dendritic cell"": 276, ""unknown"": 996}"
Homo sapiens,blood,ScaleBio single cell RNA sequencing,"{""B cell"": 32858, ""CD14-low, CD16-positive monocyte"": 19450, ""CD14-positive monocyte"": 136512, ""CD141-positive myeloid dendritic cell"": 236, ""CD16-negative, CD56-bright natural killer cell, human"": 2073, ""CD1c-positive myeloid dendritic cell"": 3505, ""CD4-positive, alpha-beta T cell"": 1469, ""central memory CD4-positive, alpha-beta T cell"": 218252, ""central memory CD8-positive, alpha-beta T cell"": 17125, ""cytotoxic T cell"": 264, ""dendritic cell"": 68, ""double negative thymocyte"": 6044, ""effector memory CD4-positive, alpha-beta T cell"": 3133, ""effector memory CD8-positive, alpha-beta T cell"": 25462, ""gamma-delta T cell"": 672, ""hematopoietic precursor cell"": 632, ""innate lymphoid cell"": 631, ""megakaryocyte"": 24, ""memory B cell"": 189, ""mucosal invariant T cell"": 32807, ""naive B cell"": 92305, ""naive thymus-derived CD4-positive, alpha-beta T cell"": 1601, ""naive thymus-derived CD8-positive, alpha-beta T cell"": 39549, ""natural killer cell"": 46578, ""plasmablast"": 457, ""plasmacytoid dendritic cell"": 1574, ""platelet"": 484, ""regulatory T cell"": 15778, ""unknown"": 792}"
Homo sapiens,blood,Seq-Well,"{""B cell"": 3681, ""CD14-positive monocyte"": 10339, ""CD16-negative, CD56-bright natural killer cell, human"": 843, ""CD4-positive, alpha-beta T cell"": 459, ""CD4-positive, alpha-beta memory T cell"": 4098, ""CD8-positive, alpha-beta memory T cell"": 6065, ""IgA plasmablast"": 3562, ""IgG plasmablast"": 4242, ""activated CD4-positive, alpha-beta T cell, human"": 3117, ""central memory CD4-positive, alpha-beta T cell"": 7974, ""class switched memory B cell"": 1341, ""classical monocyte"": 25409, ""conventional dendritic cell"": 1358, ""double negative thymocyte"": 363, ""effector CD8-positive, alpha-beta T cell"": 697, ""effector memory CD8-positive, alpha-beta T cell"": 16134, ""erythrocyte"": 4311, ""gamma-delta T cell"": 2773, ""granulocyte"": 530, ""hematopoietic stem cell"": 648, ""immature neutrophil"": 354, ""lymphocyte"": 2148, ""memory B cell"": 2420, ""monocyte"": 1348, ""mucosal invariant T cell"": 843, ""naive B cell"": 4263, ""naive T cell"": 3840, ""naive thymus-derived CD4-positive, alpha-beta T cell"": 8100, ""naive thymus-derived CD8-positive, alpha-beta T cell"": 2583, ""natural killer cell"": 26651, ""neutrophil"": 691, ""non-classical monocyte"": 2582, ""plasmacytoid dendritic cell"": 234, ""plasmacytoid dendritic cell, human"": 428, ""platelet"": 1762, ""regulatory T cell"": 1467, ""transitional stage B cell"": 4340}"
Homo sapiens,blood,Smart-seq2,"{""B cell"": 704, ""CD16-negative, CD56-bright natural killer cell, human"": 32, ""CD16-positive, CD56-dim natural killer cell, human"": 94, ""CD4-positive, alpha-beta T cell"": 1791, ""CD8-positive, alpha-beta T cell"": 291, ""T cell"": 740, ""class switched memory B cell"": 453, ""classical monocyte"": 1103, ""conventional dendritic cell"": 40, ""decidual natural killer cell, human"": 3, ""effector memory CD4-positive, alpha-beta T cell"": 113, ""effector memory CD8-positive, alpha-beta T cell"": 59, ""erythrocyte"": 54, ""granulocyte"": 11, ""hematopoietic stem cell"": 21, ""macrophage"": 1, ""mature NK T cell"": 57, ""monocyte"": 2182, ""myeloid dendritic cell"": 3, ""naive B cell"": 377, ""naive thymus-derived CD4-positive, alpha-beta T cell"": 136, ""naive thymus-derived CD8-positive, alpha-beta T cell"": 98, ""natural killer cell"": 353, ""neutrophil"": 1283, ""non-classical monocyte"": 16, ""placental villous trophoblast"": 7, ""plasma cell"": 45, ""plasmacytoid dendritic cell, human"": 4, ""platelet"": 120, ""unswitched memory B cell"": 494}"
Homo sapiens,blood,microwell-seq,"{""B cell"": 751, ""T cell"": 4848, ""cord blood hematopoietic stem cell"": 27, ""dendritic cell"": 771, ""epithelial cell"": 7, ""erythroid lineage cell"": 6, ""erythroid progenitor cell"": 8, ""monocyte"": 6429, ""neutrophil"": 662, ""plasma cell"": 186, ""primordial germ cell"": 1, ""professional antigen presenting cell"": 3635}"
Homo sapiens,blood,particle-templated instant partition sequencing,"{""B cell"": 1144, ""CD14-low, CD16-positive monocyte"": 7210, ""CD14-positive monocyte"": 19290, ""CD4-positive, alpha-beta T cell"": 7544, ""cytotoxic T cell"": 1972, ""dendritic cell"": 596, ""megakaryocyte"": 586, ""natural killer cell"": 4412, ""plasmacytoid dendritic cell"": 1270, ""unknown"": 2476}"
Homo sapiens,body of stomach,10x 3' v2,"{""B cell"": 46, ""BEST4+ enterocyte"": 148, ""CD16-negative, CD56-bright natural killer cell, human"": 544, ""CD16-positive, CD56-dim natural killer cell, human"": 572, ""CD4-positive helper T cell"": 2169, ""CD4-positive, alpha-beta memory T cell"": 3756, ""CD8-positive, alpha-beta memory T cell"": 4912, ""IgA plasma cell"": 48713, ""IgG plasma cell"": 7378, ""IgM plasma cell"": 4140, ""Langerhans cell"": 50, ""P/D1 enteroendocrine cell"": 399, ""T follicular helper cell"": 2620, ""T-helper 17 cell"": 3984, ""TREM2-positive macrophage"": 220, ""activated CD8-positive, alpha-beta T cell"": 8433, ""afferent neuron"": 192, ""angiogenic pericyte"": 12, ""basal cell"": 3, ""capillary endothelial cell"": 3641, ""conventional dendritic cell"": 805, ""cycling T cell"": 152, ""dendritic cell"": 213, ""dendritic cell, human"": 65, ""effector memory CD8-positive, alpha-beta T cell"": 3212, ""endothelial cell"": 149, ""endothelial cell of artery"": 2447, ""endothelial cell of lymphatic vessel"": 44, ""enteric neuron"": 36, ""enterocyte"": 21791, ""enteroendocrine cell"": 4770, ""enteroglial cell"": 128, ""epithelial cell"": 17421, ""epithelial cell of esophagus"": 28, ""epithelial cell of lung"": 10, ""erythroblast"": 22, ""erythrocyte"": 339, ""fibroblast"": 16641, ""fibroblast of gingiva"": 364, ""fibroblastic reticular cell"": 60, ""follicular dendritic cell"": 4, ""foveolar cell of stomach"": 70995, ""gamma-delta T cell"": 6309, ""gastrointestinal tract (lamina propria) macrophage"": 5988, ""germinal center B cell"": 1720, ""glial cell"": 48, ""group 3 innate lymphoid cell"": 472, ""immature pericyte"": 264, ""inhibitory motor neuron"": 48, ""interneuron"": 16, ""intestine goblet cell"": 2818, ""macrophage"": 2410, ""mast cell"": 5135, ""mature NK T cell"": 82, ""memory B cell"": 15504, ""memory T cell"": 5604, ""mesenchymal cell"": 3559, ""mesodermal cell"": 3260, ""mesothelial cell"": 82, ""monocyte"": 1475, ""motor neuron"": 400, ""mucosal invariant T cell"": 672, ""mucous neck cell of gastric gland"": 37819, ""myeloid leukocyte"": 101, ""myofibroblast cell"": 2600, ""naive B cell"": 10716, ""naive thymus-derived CD4-positive, alpha-beta T cell"": 3428, ""naive thymus-derived CD8-positive, alpha-beta T cell"": 336, ""natural T-regulatory cell"": 5427, ""natural killer cell"": 471, ""neuroblast (sensu Vertebrata)"": 44, ""parietal cell"": 1605, ""peptic cell"": 4728, ""pericyte"": 1058, ""peripheral nervous system neuron"": 174, ""plasmablast"": 48, ""plasmacytoid dendritic cell, human"": 40, ""precursor B cell"": 48, ""pro-B cell"": 56, ""regulatory T cell"": 3856, ""smooth muscle cell"": 548, ""stem cell"": 7407, ""type EC enteroendocrine cell"": 960, ""type G enteroendocrine cell"": 4713, ""type X enteroendocrine cell"": 324, ""unknown"": 3453, ""vascular associated smooth muscle cell"": 1032, ""vein endothelial cell"": 3093}"
Homo sapiens,body of stomach,10x 3' v3,"{""CD4-positive helper T cell"": 498, ""IgA plasma cell"": 423, ""IgG plasma cell"": 177, ""P/D1 enteroendocrine cell"": 777, ""activated CD8-positive, alpha-beta T cell"": 1230, ""dendritic cell"": 84, ""enterocyte"": 4329, ""enteroendocrine cell"": 981, ""erythrocyte"": 116, ""fibroblast"": 42, ""foveolar cell of stomach"": 5544, ""gamma-delta T cell"": 330, ""intestine goblet cell"": 594, ""macrophage"": 168, ""mast cell"": 90, ""memory B cell"": 435, ""memory T cell"": 165, ""monocyte"": 15, ""mucous neck cell of gastric gland"": 1470, ""natural T-regulatory cell"": 1524, ""natural killer cell"": 111, ""parietal cell"": 9, ""peptic cell"": 258, ""stem cell"": 696, ""type G enteroendocrine cell"": 3, ""unknown"": 744, ""vein endothelial cell"": 12}"
Homo sapiens,body of stomach,10x 5' v1,"{""unknown"": 147240}"
Homo sapiens,bone marrow,10x 3' v2,"{""B-1 B cell"": 132, ""B-2 B cell"": 528, ""CD14-positive monocyte"": 24359, ""CD14-positive, CD16-positive monocyte"": 4845, ""CD16-negative, CD56-bright natural killer cell, human"": 1930, ""CD4-positive, CD25-positive, alpha-beta regulatory T cell"": 1467, ""CD4-positive, alpha-beta T cell"": 2695, ""CD4-positive, alpha-beta thymocyte"": 2275, ""CD8-alpha-alpha-positive, alpha-beta intraepithelial T cell"": 20, ""CD8-positive, alpha-beta T cell"": 981, ""CD8-positive, alpha-beta memory T cell"": 1406, ""CD8-positive, alpha-beta thymocyte"": 806, ""Kupffer cell"": 3, ""Schwann cell"": 8, ""T cell"": 850, ""adipocyte"": 121, ""basophil"": 39, ""basophil mast progenitor cell"": 2009, ""basophilic erythroblast"": 5217, ""cell of skeletal muscle"": 32, ""central memory CD4-positive, alpha-beta T cell"": 11269, ""central memory CD8-positive, alpha-beta T cell"": 2304, ""chondrocyte"": 148, ""common dendritic progenitor"": 251, ""common lymphoid progenitor"": 2936, ""common myeloid progenitor"": 12841, ""conventional dendritic cell"": 3940, ""dendritic cell"": 2825, ""double negative thymocyte"": 53, ""double-positive, alpha-beta thymocyte"": 8, ""early lymphoid progenitor"": 1117, ""effector memory CD4-positive, alpha-beta T cell"": 6843, ""effector memory CD8-positive, alpha-beta T cell"": 11386, ""endosteal cell"": 44, ""endothelial cell"": 545, ""endothelial cell of sinusoid"": 125, ""endothelial tip cell"": 145, ""eosinophil"": 163, ""epithelial cell of nephron"": 2, ""erythrocyte"": 19086, ""erythroid progenitor cell"": 21168, ""eurydendroid cell"": 2, ""fibroblast"": 212, ""fraction A pre-pro B cell"": 5786, ""granulocyte"": 954, ""granulocyte monocyte progenitor cell"": 28055, ""group 2 innate lymphoid cell"": 12, ""group 3 innate lymphoid cell"": 160, ""hematopoietic multipotent progenitor cell"": 12199, ""hematopoietic oligopotent progenitor cell"": 6645, ""hematopoietic stem cell"": 13981, ""hepatocyte"": 2, ""immature B cell"": 3291, ""immature alpha-beta T cell"": 49, ""immature innate lymphoid cell"": 34, ""immature natural killer cell"": 9, ""innate lymphoid cell"": 28, ""large pre-B-II cell"": 11739, ""late pro-B cell"": 11450, ""lymphoid lineage restricted progenitor cell"": 10, ""macrophage"": 4192, ""macrophage dendritic cell progenitor"": 5, ""mast cell"": 1547, ""mature B cell"": 6250, ""mature NK T cell"": 31, ""mature alpha-beta T cell"": 87, ""megakaryocyte"": 5604, ""megakaryocyte progenitor cell"": 2046, ""megakaryocyte-erythroid progenitor cell"": 5534, ""monocyte"": 26025, ""muscle cell"": 99, ""muscle precursor cell"": 236, ""myelocyte"": 2479, ""myeloid lineage restricted progenitor cell"": 44, ""myofibroblast cell"": 48, ""naive B cell"": 682, ""naive thymus-derived CD4-positive, alpha-beta T cell"": 22174, ""naive thymus-derived CD8-positive, alpha-beta T cell"": 7964, ""natural killer cell"": 7283, ""neutrophil"": 2501, ""orthochromatic erythroblast"": 3725, ""osteoblast"": 1293, ""osteoclast"": 2977, ""plasma cell"": 2521, ""plasmacytoid dendritic cell"": 1240, ""plasmacytoid dendritic cell, human"": 8018, ""polychromatophilic erythroblast"": 5017, ""pre-conventional dendritic cell"": 3845, ""precursor B cell"": 8523, ""precursor cell"": 77, ""preosteoblast"": 266, ""primitive red blood cell"": 3020, ""pro-B cell"": 12508, ""progenitor cell"": 1699, ""promonocyte"": 20904, ""promyelocyte"": 3871, ""regulatory T cell"": 161, ""skeletal muscle satellite cell"": 26, ""small pre-B-II cell"": 7033, ""stromal cell of bone marrow"": 211, ""unknown"": 1521, ""vascular associated smooth muscle cell"": 6}"
Homo sapiens,bone marrow,10x 3' v3,"{""B cell"": 3311, ""CD14-positive monocyte"": 3394, ""CD14-positive, CD16-positive monocyte"": 151, ""CD16-negative, CD56-bright natural killer cell, human"": 2451, ""CD16-positive, CD56-dim natural killer cell, human"": 31266, ""CD4-positive helper T cell"": 172, ""CD4-positive, CD25-positive, alpha-beta regulatory T cell"": 566, ""CD4-positive, alpha-beta T cell"": 4551, ""CD4-positive, alpha-beta memory T cell"": 221, ""CD8-positive, alpha-beta T cell"": 3930, ""CD8-positive, alpha-beta memory T cell"": 2093, ""CD8-positive, alpha-beta memory T cell, CD45RO-positive"": 4204, ""T cell"": 284, ""T follicular helper cell"": 664, ""alpha-beta T cell"": 392, ""alveolar macrophage"": 28, ""basophil"": 84, ""basophil mast progenitor cell"": 27, ""basophilic erythroblast"": 36, ""central memory CD4-positive, alpha-beta T cell"": 11408, ""central memory CD8-positive, alpha-beta T cell"": 865, ""classical monocyte"": 20550, ""common dendritic progenitor"": 554, ""common lymphoid progenitor"": 596, ""common myeloid progenitor"": 1832, ""conventional dendritic cell"": 758, ""dendritic cell"": 143, ""early lymphoid progenitor"": 322, ""effector memory CD4-positive, alpha-beta T cell"": 7480, ""effector memory CD4-positive, alpha-beta T cell, terminally differentiated"": 700, ""effector memory CD8-positive, alpha-beta T cell"": 6825, ""effector memory CD8-positive, alpha-beta T cell, terminally differentiated"": 23154, ""endothelial cell"": 3706, ""endothelial cell of sinusoid"": 42, ""endothelial tip cell"": 11, ""eosinophil"": 22, ""epithelial cell"": 377, ""erythroblast"": 25, ""erythrocyte"": 1836, ""erythroid lineage cell"": 2127, ""erythroid progenitor cell"": 1433, ""fibroblast"": 18, ""fraction A pre-pro B cell"": 248, ""gamma-delta T cell"": 4708, ""germinal center B cell"": 5, ""germinal center T cell"": 1, ""granulocyte"": 1518, ""granulocyte monocyte progenitor cell"": 1123, ""group 1 innate lymphoid cell"": 1, ""group 3 innate lymphoid cell"": 66, ""hematopoietic cell"": 15347, ""hematopoietic multipotent progenitor cell"": 4853, ""hematopoietic oligopotent progenitor cell"": 73, ""hematopoietic precursor cell"": 3930, ""hematopoietic stem cell"": 907, ""immature B cell"": 582, ""immature innate lymphoid cell"": 1039, ""intermediate monocyte"": 513, ""large pre-B-II cell"": 272, ""late pro-B cell"": 202, ""lymphocyte"": 1471, ""lymphoid lineage restricted progenitor cell"": 1270, ""macrophage"": 699, ""mast cell"": 373, ""mature B cell"": 513, ""mature NK T cell"": 774, ""megakaryocyte"": 157, ""megakaryocyte progenitor cell"": 526, ""megakaryocyte-erythroid progenitor cell"": 903, ""memory B cell"": 1536, ""mesenchymal cell"": 11427, ""mesodermal cell"": 189, ""monocyte"": 3066, ""mucosal invariant T cell"": 1063, ""myeloid dendritic cell"": 213, ""myeloid lineage restricted progenitor cell"": 589, ""naive B cell"": 1677, ""naive thymus-derived CD4-positive, alpha-beta T cell"": 16056, ""naive thymus-derived CD8-positive, alpha-beta T cell"": 2271, ""natural killer cell"": 2101, ""neutrophil"": 26975, ""neutrophil progenitor cell"": 1712, ""non-classical monocyte"": 1322, ""orthochromatic erythroblast"": 9, ""osteoclast"": 58, ""plasma cell"": 2388, ""plasmablast"": 624, ""plasmacytoid dendritic cell"": 1353, ""plasmacytoid dendritic cell, human"": 834, ""polychromatophilic erythroblast"": 44, ""pre-conventional dendritic cell"": 93, ""precursor B cell"": 2759, ""primitive red blood cell"": 517, ""pro-B cell"": 3792, ""proerythroblast"": 69, ""progenitor cell"": 2839, ""promonocyte"": 1704, ""promyelocyte"": 435, ""regulatory T cell"": 1058, ""small pre-B-II cell"": 342, ""stromal cell of bone marrow"": 2, ""thymocyte"": 104, ""unknown"": 1682}"
Homo sapiens,bone marrow,10x 5' transcription profiling,"{""CD16-negative, CD56-bright natural killer cell, human"": 1, ""CD16-positive, CD56-dim natural killer cell, human"": 362, ""T follicular helper cell"": 4, ""central memory CD4-positive, alpha-beta T cell"": 481, ""central memory CD8-positive, alpha-beta T cell"": 88, ""classical monocyte"": 68, ""conventional dendritic cell"": 2, ""effector memory CD4-positive, alpha-beta T cell"": 128, ""effector memory CD8-positive, alpha-beta T cell"": 732, ""effector memory CD8-positive, alpha-beta T cell, terminally differentiated"": 417, ""erythrocyte"": 7, ""erythroid lineage cell"": 59, ""gamma-delta T cell"": 123, ""hematopoietic multipotent progenitor cell"": 8, ""mast cell"": 4, ""mature NK T cell"": 28, ""megakaryocyte progenitor cell"": 3, ""megakaryocyte-erythroid progenitor cell"": 11, ""memory B cell"": 291, ""mucosal invariant T cell"": 88, ""naive B cell"": 173, ""neutrophil"": 6, ""neutrophil progenitor cell"": 3, ""non-classical monocyte"": 74, ""plasma cell"": 19, ""plasmablast"": 23, ""plasmacytoid dendritic cell"": 1, ""promyelocyte"": 1, ""regulatory T cell"": 24, ""small pre-B-II cell"": 1}"
Homo sapiens,bone marrow,10x 5' v1,"{""B-1 B cell"": 159, ""B-2 B cell"": 1026, ""CD14-positive monocyte"": 6671, ""CD16-negative, CD56-bright natural killer cell, human"": 573, ""CD16-positive, CD56-dim natural killer cell, human"": 1641, ""CD4-positive helper T cell"": 36, ""CD4-positive, alpha-beta T cell"": 148, ""CD8-alpha-alpha-positive, alpha-beta intraepithelial T cell"": 40, ""CD8-positive, alpha-beta T cell"": 303, ""CD8-positive, alpha-beta memory T cell"": 32, ""CD8-positive, alpha-beta memory T cell, CD45RO-positive"": 842, ""Kupffer cell"": 12, ""Schwann cell"": 1, ""T cell"": 684, ""T follicular helper cell"": 28, ""adipocyte"": 232, ""alpha-beta T cell"": 106, ""alveolar macrophage"": 8, ""basophil"": 100, ""basophil mast progenitor cell"": 122, ""cell of skeletal muscle"": 30, ""central memory CD4-positive, alpha-beta T cell"": 431, ""central memory CD8-positive, alpha-beta T cell"": 67, ""chondrocyte"": 96, ""classical monocyte"": 17649, ""common dendritic progenitor"": 173, ""common myeloid progenitor"": 5910, ""conventional dendritic cell"": 141, ""dendritic cell"": 5011, ""double negative thymocyte"": 93, ""double-positive, alpha-beta thymocyte"": 24, ""early lymphoid progenitor"": 870, ""effector memory CD4-positive, alpha-beta T cell"": 851, ""effector memory CD8-positive, alpha-beta T cell"": 608, ""effector memory CD8-positive, alpha-beta T cell, terminally differentiated"": 2315, ""endosteal cell"": 10, ""endothelial cell"": 1594, ""endothelial cell of sinusoid"": 425, ""endothelial tip cell"": 217, ""eosinophil"": 221, ""erythrocyte"": 66508, ""erythroid lineage cell"": 490, ""erythroid progenitor cell"": 493, ""fibroblast"": 102, ""fraction A pre-pro B cell"": 6510, ""gamma-delta T cell"": 481, ""germinal center B cell"": 8, ""granulocyte"": 1002, ""granulocyte monocyte progenitor cell"": 6950, ""group 2 innate lymphoid cell"": 24, ""group 3 innate lymphoid cell"": 202, ""hematopoietic multipotent progenitor cell"": 1021, ""hematopoietic stem cell"": 2243, ""immature B cell"": 440, ""immature innate lymphoid cell"": 46, ""immature natural killer cell"": 17, ""innate lymphoid cell"": 16, ""large pre-B-II cell"": 12183, ""late pro-B cell"": 10038, ""lymphocyte"": 2410, ""lymphoid lineage restricted progenitor cell"": 24, ""macrophage"": 3904, ""macrophage dendritic cell progenitor"": 26, ""mast cell"": 1558, ""mature B cell"": 97, ""mature NK T cell"": 160, ""megakaryocyte"": 5811, ""megakaryocyte progenitor cell"": 11, ""megakaryocyte-erythroid progenitor cell"": 903, ""memory B cell"": 2331, ""mesenchymal stem cell"": 53, ""monocyte"": 29241, ""mucosal invariant T cell"": 264, ""muscle cell"": 32, ""muscle precursor cell"": 18, ""myelocyte"": 4279, ""myeloid lineage restricted progenitor cell"": 48, ""myofibroblast cell"": 38, ""naive B cell"": 2988, ""naive thymus-derived CD4-positive, alpha-beta T cell"": 1224, ""naive thymus-derived CD8-positive, alpha-beta T cell"": 454, ""natural killer cell"": 6501, ""neutrophil"": 5324, ""neutrophil progenitor cell"": 110, ""non-classical monocyte"": 5247, ""osteoblast"": 2549, ""osteoclast"": 1874, ""plasma cell"": 1365, ""plasmablast"": 75, ""plasmacytoid dendritic cell"": 1955, ""plasmacytoid dendritic cell, human"": 1272, ""pre-conventional dendritic cell"": 165, ""precursor B cell"": 6372, ""precursor cell"": 114, ""preosteoblast"": 470, ""primitive red blood cell"": 5802, ""pro-B cell"": 12085, ""progenitor cell"": 2736, ""promonocyte"": 18829, ""promyelocyte"": 3843, ""regulatory T cell"": 337, ""skeletal muscle satellite cell"": 4, ""small pre-B-II cell"": 10790, ""stromal cell"": 4, ""unknown"": 56664, ""vascular associated smooth muscle cell"": 6}"
Homo sapiens,bone marrow,10x 5' v2,"{""B cell"": 2218, ""CD16-negative, CD56-bright natural killer cell, human"": 4177, ""CD16-positive, CD56-dim natural killer cell, human"": 59627, ""CD4-positive helper T cell"": 126, ""CD4-positive, CD25-positive, alpha-beta regulatory T cell"": 1448, ""CD4-positive, alpha-beta T cell"": 3507, ""CD4-positive, alpha-beta memory T cell"": 984, ""CD8-positive, alpha-beta T cell"": 2955, ""CD8-positive, alpha-beta memory T cell"": 4457, ""CD8-positive, alpha-beta memory T cell, CD45RO-positive"": 744, ""T cell"": 12, ""T follicular helper cell"": 118, ""alpha-beta T cell"": 104, ""alveolar macrophage"": 2, ""central memory CD4-positive, alpha-beta T cell"": 9748, ""central memory CD8-positive, alpha-beta T cell"": 1127, ""classical monocyte"": 28155, ""common dendritic progenitor"": 19, ""common myeloid progenitor"": 101, ""conventional dendritic cell"": 564, ""early lymphoid progenitor"": 7, ""effector memory CD4-positive, alpha-beta T cell"": 9281, ""effector memory CD4-positive, alpha-beta T cell, terminally differentiated"": 6153, ""effector memory CD8-positive, alpha-beta T cell"": 6531, ""effector memory CD8-positive, alpha-beta T cell, terminally differentiated"": 19205, ""erythrocyte"": 628, ""erythroid lineage cell"": 489, ""erythroid progenitor cell"": 1431, ""fibroblast"": 3, ""gamma-delta T cell"": 8156, ""germinal center B cell"": 24, ""granulocyte"": 9, ""granulocyte monocyte progenitor cell"": 24, ""group 1 innate lymphoid cell"": 32, ""group 3 innate lymphoid cell"": 187, ""hematopoietic multipotent progenitor cell"": 189, ""hematopoietic precursor cell"": 1230, ""hematopoietic stem cell"": 756, ""immature innate lymphoid cell"": 2942, ""innate lymphoid cell"": 3, ""intermediate monocyte"": 159, ""lymphocyte"": 50, ""macrophage"": 3410, ""mast cell"": 67, ""mature NK T cell"": 125, ""megakaryocyte"": 4, ""megakaryocyte progenitor cell"": 67, ""megakaryocyte-erythroid progenitor cell"": 123, ""memory B cell"": 9390, ""monocyte"": 1668, ""mucosal invariant T cell"": 2429, ""myeloid dendritic cell"": 108, ""naive B cell"": 16033, ""naive thymus-derived CD4-positive, alpha-beta T cell"": 9781, ""naive thymus-derived CD8-positive, alpha-beta T cell"": 5733, ""natural killer cell"": 654, ""neutrophil"": 789, ""neutrophil progenitor cell"": 137, ""non-classical monocyte"": 6144, ""plasma cell"": 4067, ""plasmablast"": 1940, ""plasmacytoid dendritic cell"": 382, ""precursor B cell"": 283, ""pro-B cell"": 36, ""progenitor cell"": 10611, ""promyelocyte"": 43, ""regulatory T cell"": 250, ""small pre-B-II cell"": 22, ""thymocyte"": 1, ""unknown"": 168}"
Homo sapiens,bone marrow,BD Rhapsody Targeted mRNA,"{""CD16-negative, CD56-bright natural killer cell, human"": 365, ""CD16-positive, CD56-dim natural killer cell, human"": 7114, ""CD4-positive, alpha-beta cytotoxic T cell"": 598, ""CD4-positive, alpha-beta memory T cell"": 6929, ""CD8-positive, alpha-beta memory T cell"": 3013, ""basophil mast progenitor cell"": 321, ""central memory CD8-positive, alpha-beta T cell"": 3454, ""class switched memory B cell"": 1688, ""classical monocyte"": 15299, ""common dendritic progenitor"": 604, ""conventional dendritic cell"": 2985, ""early promyelocyte"": 6153, ""effector memory CD8-positive, alpha-beta T cell"": 5930, ""erythroid lineage cell"": 632, ""erythroid progenitor cell"": 4515, ""fraction A pre-pro B cell"": 18, ""gamma-delta T cell"": 975, ""hematopoietic multipotent progenitor cell"": 3438, ""immature B cell"": 507, ""late promyelocyte"": 1697, ""lymphoid lineage restricted progenitor cell"": 2513, ""megakaryocyte progenitor cell"": 770, ""megakaryocyte-erythroid progenitor cell"": 611, ""memory B cell"": 130, ""mesenchymal cell"": 41, ""myelocyte"": 4353, ""naive B cell"": 4975, ""naive thymus-derived CD4-positive, alpha-beta T cell"": 723, ""naive thymus-derived CD8-positive, alpha-beta T cell"": 551, ""natural killer cell"": 174, ""non-classical monocyte"": 2481, ""plasma cell"": 565, ""plasmacytoid dendritic cell"": 385, ""pre-natural killer cell"": 28, ""precursor B cell"": 472, ""pro-B cell"": 479, ""progenitor cell"": 82, ""small pre-B-II cell"": 4, ""unswitched memory B cell"": 3428}"
Homo sapiens,bone marrow,BD Rhapsody Whole Transcriptome Analysis,"{""CD16-negative, CD56-bright natural killer cell, human"": 131, ""CD16-positive, CD56-dim natural killer cell, human"": 760, ""CD4-positive, alpha-beta memory T cell"": 1742, ""CD8-positive, alpha-beta memory T cell"": 1037, ""basophil mast progenitor cell"": 59, ""central memory CD8-positive, alpha-beta T cell"": 215, ""class switched memory B cell"": 130, ""classical monocyte"": 163, ""common dendritic progenitor"": 145, ""conventional dendritic cell"": 312, ""early promyelocyte"": 369, ""effector memory CD8-positive, alpha-beta T cell"": 263, ""erythroid lineage cell"": 2, ""erythroid progenitor cell"": 651, ""fraction A pre-pro B cell"": 22, ""gamma-delta T cell"": 92, ""hematopoietic multipotent progenitor cell"": 805, ""immature B cell"": 242, ""late promyelocyte"": 380, ""lymphoid lineage restricted progenitor cell"": 452, ""megakaryocyte progenitor cell"": 181, ""megakaryocyte-erythroid progenitor cell"": 214, ""myelocyte"": 325, ""naive B cell"": 2152, ""naive thymus-derived CD4-positive, alpha-beta T cell"": 285, ""naive thymus-derived CD8-positive, alpha-beta T cell"": 413, ""natural killer cell"": 1, ""non-classical monocyte"": 97, ""plasma cell"": 30, ""plasmacytoid dendritic cell"": 103, ""pre-natural killer cell"": 11, ""precursor B cell"": 189, ""pro-B cell"": 515, ""small pre-B-II cell"": 12, ""unswitched memory B cell"": 665}"
Homo sapiens,bone marrow,MARS-seq,"{""T cell"": 597, ""conventional dendritic cell"": 305, ""macrophage"": 863, ""monocyte"": 467, ""plasma cell"": 51909, ""platelet"": 26, ""primitive red blood cell"": 257, ""stromal cell"": 329}"
Homo sapiens,bone marrow,Smart-seq2,"{""B cell"": 420, ""CD16-positive, CD56-dim natural killer cell, human"": 205, ""CD4-positive, alpha-beta T cell"": 1500, ""CD8-positive, alpha-beta T cell"": 1023, ""central memory CD4-positive, alpha-beta T cell"": 461, ""classical monocyte"": 195, ""common dendritic progenitor"": 6, ""common myeloid progenitor"": 209, ""conventional dendritic cell"": 7, ""early lymphoid progenitor"": 2, ""effector memory CD8-positive, alpha-beta T cell"": 114, ""effector memory CD8-positive, alpha-beta T cell, terminally differentiated"": 142, ""endothelial cell"": 3, ""erythrocyte"": 72, ""erythroid lineage cell"": 108, ""erythroid progenitor cell"": 363, ""fibroblast"": 12, ""granulocyte"": 483, ""hematopoietic multipotent progenitor cell"": 93, ""hematopoietic stem cell"": 786, ""macrophage"": 3, ""mast cell"": 9, ""mature NK T cell"": 1, ""megakaryocyte progenitor cell"": 13, ""megakaryocyte-erythroid progenitor cell"": 36, ""memory B cell"": 8, ""monocyte"": 1386, ""myeloid dendritic cell"": 3, ""naive B cell"": 59, ""natural killer cell"": 762, ""neutrophil"": 1632, ""neutrophil progenitor cell"": 60, ""non-classical monocyte"": 22, ""plasma cell"": 1449, ""plasmablast"": 16, ""plasmacytoid dendritic cell"": 6, ""promyelocyte"": 10}"
Homo sapiens,bone marrow,microwell-seq,"{""B cell"": 76, ""T cell"": 69, ""cord blood hematopoietic stem cell"": 23, ""dendritic cell"": 67, ""erythroid lineage cell"": 1580, ""erythroid progenitor cell"": 1437, ""macrophage"": 8, ""monocyte"": 29, ""neutrophil"": 4381, ""plasma cell"": 210, ""primordial germ cell"": 1, ""professional antigen presenting cell"": 821, ""stromal cell"": 2}"
Homo sapiens,bone spine,10x 3' v2,"{""B cell"": 965, ""CD4-positive helper T cell"": 65, ""CD8-positive, alpha-beta memory T cell"": 26, ""T cell"": 2235, ""basal cell"": 100, ""chondrocyte"": 253, ""classical monocyte"": 214, ""conventional dendritic cell"": 3, ""dendritic cell"": 57, ""effector CD8-positive, alpha-beta T cell"": 56, ""endothelial cell"": 94, ""epithelial cell"": 2135, ""erythrocyte"": 706, ""exhausted T cell"": 1, ""fibroblast"": 246, ""gamma-delta T cell"": 1, ""hepatocyte"": 68, ""ionocyte"": 2, ""macrophage"": 486, ""malignant cell"": 136, ""mast cell"": 3, ""mature NK T cell"": 125, ""monocyte"": 345, ""myeloid cell"": 228, ""natural killer cell"": 4, ""neutrophil"": 12, ""plasma cell"": 69, ""regulatory T cell"": 14}"
Homo sapiens,bone spine,10x 3' v3,"{""T cell"": 196, ""blood vessel endothelial cell"": 639, ""blood vessel smooth muscle cell"": 5, ""chondrocyte"": 2113, ""endothelial stalk cell"": 1, ""fibroblast"": 10, ""macrophage"": 1, ""malignant cell"": 2666}"
Homo sapiens,brain,10x 3' v2,"{""B cell"": 3695, ""CD1c-positive myeloid dendritic cell"": 614, ""CD4-positive helper T cell"": 2818, ""CD4-positive, alpha-beta T cell"": 3636, ""CD8-positive, alpha-beta T cell"": 2908, ""CD8-positive, alpha-beta memory T cell"": 464, ""GABAergic interneuron"": 546, ""GABAergic neuron"": 3260, ""Mueller cell"": 2476, ""Purkinje cell"": 1000, ""T cell"": 7225, ""alveolar macrophage"": 480, ""amacrine cell"": 1172, ""astrocyte"": 8175, ""basal cell"": 106, ""blood vessel endothelial cell"": 304, ""bronchus fibroblast of lung"": 78, ""capillary endothelial cell"": 4, ""central nervous system neuron"": 7352, ""cerebellum glutamatergic neuron"": 1846, ""cerebral cortex GABAergic interneuron"": 8728, ""cerebral cortex neuron"": 28414, ""cerebral cortex pyramidal neuron"": 30798, ""choroid plexus epithelial cell"": 2983, ""ciliated epithelial cell"": 16, ""classical monocyte"": 2501, ""club cell"": 10, ""conventional dendritic cell"": 63, ""dendritic cell"": 4183, ""effector CD8-positive, alpha-beta T cell"": 4, ""endothelial cell"": 1375, ""endothelial cell of lymphatic vessel"": 4, ""epithelial cell"": 4226, ""epithelial cell of lung"": 1066, ""exhausted T cell"": 14, ""extracellular matrix secreting cell"": 3942, ""eye photoreceptor cell"": 3594, ""fibroblast"": 127, ""fibroblast of lung"": 164, ""forebrain neuroblast"": 280, ""forebrain radial glial cell"": 13248, ""gamma-delta T cell"": 1, ""glial cell"": 3686, ""glioblast"": 2250, ""glutamatergic neuron"": 1920, ""hepatocyte"": 244, ""hypothalamus cell"": 2564, ""interneuron"": 12758, ""ionocyte"": 10, ""leukocyte"": 423, ""macrophage"": 63351, ""malignant cell"": 125474, ""mast cell"": 885, ""mature T cell"": 44100, ""mesenchymal cell"": 2692, ""mesodermal cell"": 988, ""mesothelial cell"": 2, ""microglial cell"": 67866, ""midbrain dopaminergic neuron"": 6084, ""monocyte"": 6764, ""multiciliated epithelial cell"": 44, ""mural cell"": 239, ""myeloid cell"": 1365, ""natural killer cell"": 4984, ""neural cell"": 6334, ""neural crest cell"": 950, ""neural crest derived neuron"": 762, ""neural progenitor cell"": 53432, ""neurectodermal cell"": 1558, ""neuroblast (sensu Vertebrata)"": 36032, ""neuroendocrine cell"": 26, ""neuroepithelial stem cell"": 5910, ""neuron"": 10268, ""neutrophil"": 115, ""non-classical monocyte"": 20, ""oligodendrocyte"": 17952, ""oligodendrocyte precursor cell"": 3392, ""pericyte"": 747, ""pigmented epithelial cell"": 252, ""plasma cell"": 2421, ""plasmacytoid dendritic cell"": 14, ""progenitor cell"": 271, ""pulmonary alveolar type 2 cell"": 988, ""pulmonary artery endothelial cell"": 4, ""pyramidal neuron"": 17598, ""radial glial cell"": 28130, ""regulatory T cell"": 869, ""retinal progenitor cell"": 7436, ""smooth muscle cell"": 46, ""stem cell"": 156, ""stromal cell"": 12, ""unknown"": 42584, ""vascular associated smooth muscle cell"": 112, ""vein endothelial cell"": 226}"
Homo sapiens,brain,10x 3' v3,"{""B cell"": 864, ""astrocyte"": 116, ""caudal ganglionic eminence derived cortical interneuron"": 4376, ""cell"": 153, ""central nervous system neuron"": 43834, ""cerebral cortex neuron"": 1528, ""choroid plexus epithelial cell"": 4058, ""dendritic cell"": 4334, ""endothelial cell"": 530, ""epithelial cell"": 28, ""erythrocyte"": 42, ""fibroblast"": 2, ""forebrain neuroblast"": 6926, ""forebrain radial glial cell"": 9158, ""glioblast"": 9, ""macrophage"": 74519, ""malignant cell"": 44106, ""mast cell"": 246, ""mature T cell"": 20523, ""mesenchymal cell"": 3778, ""microglial cell"": 64799, ""midbrain dopaminergic neuron"": 12034, ""monocyte"": 17680, ""mural cell"": 406, ""natural killer cell"": 1433, ""neural crest cell"": 310, ""neural crest derived neuron"": 76, ""neural progenitor cell"": 31640, ""neural stem cell"": 20454, ""neuroblast (sensu Nematoda and Protostomia)"": 3636, ""neuroblast (sensu Vertebrata)"": 65298, ""neuron"": 52861, ""neuron of the forebrain"": 1332, ""neutrophil"": 263, ""oligodendrocyte"": 11374, ""oligodendrocyte precursor cell"": 13083, ""plasma cell"": 307, ""pluripotent stem cell"": 5884, ""radial glial cell"": 86711, ""retinal progenitor cell"": 2862, ""unknown"": 61258}"
Homo sapiens,brain,10x 5' v1,"{""B cell"": 26, ""dendritic cell"": 76, ""macrophage"": 9497, ""malignant cell"": 224, ""mast cell"": 6, ""mature T cell"": 50054, ""microglial cell"": 2450, ""monocyte"": 124, ""natural killer cell"": 152, ""neutrophil"": 1, ""oligodendrocyte"": 18, ""plasma cell"": 4}"
Homo sapiens,brain,10x multiome,"{""GABAergic neuron"": 2050, ""Purkinje cell"": 1066, ""dopaminergic neuron"": 298, ""endothelial cell"": 220, ""glioblast"": 868, ""glutamatergic neuron"": 1842, ""glycinergic neuron"": 612, ""immature T cell"": 2, ""interneuron"": 928, ""leukocyte"": 54, ""microglial cell"": 26, ""neural progenitor cell"": 200, ""neuroblast (sensu Nematoda and Protostomia)"": 122, ""neuroblast (sensu Vertebrata)"": 66, ""neuron"": 78, ""oligodendrocyte precursor cell"": 352, ""pericyte"": 38, ""perivascular macrophage"": 2, ""progenitor cell"": 356, ""radial glial cell"": 5440, ""sensory neuron of dorsal root ganglion"": 82, ""serotonergic neuron"": 262, ""unknown"": 368, ""vascular associated smooth muscle cell"": 2, ""vascular leptomeningeal cell"": 6}"
Homo sapiens,brain,BD Rhapsody Whole Transcriptome Analysis,"{""B cell"": 80, ""dendritic cell"": 134, ""endothelial cell"": 104, ""macrophage"": 9236, ""malignant cell"": 3424, ""mast cell"": 14, ""mature T cell"": 2270, ""microglial cell"": 1004, ""monocyte"": 792, ""mural cell"": 734, ""natural killer cell"": 44, ""oligodendrocyte"": 2586}"
Homo sapiens,brain,CEL-seq2,"{""B cell"": 2, ""macrophage"": 146, ""mature T cell"": 51, ""microglial cell"": 753, ""monocyte"": 9, ""natural killer cell"": 1, ""oligodendrocyte"": 3, ""plasma cell"": 1}"
Homo sapiens,brain,Quartz-seq,"{""unknown"": 2882}"
Homo sapiens,brain,STRT-seq,"{""B cell"": 6, ""astrocyte"": 32, ""dendritic cell"": 58, ""endothelial cell"": 16, ""macrophage"": 784, ""malignant cell"": 5606, ""mast cell"": 4, ""mature T cell"": 570, ""microglial cell"": 940, ""monocyte"": 319, ""mural cell"": 14, ""natural killer cell"": 18, ""neutrophil"": 3, ""oligodendrocyte"": 862, ""oligodendrocyte precursor cell"": 44, ""plasma cell"": 110}"
Homo sapiens,brain,Smart-seq2,"{""B cell"": 50, ""CD8-positive, alpha-beta T cell"": 4, ""T cell"": 5700, ""astrocyte"": 158, ""bronchus fibroblast of lung"": 4, ""dendritic cell"": 56, ""endothelial cell"": 24, ""epithelial cell of lung"": 2, ""fibroblast of lung"": 8, ""macrophage"": 2276, ""malignant cell"": 7206, ""mast cell"": 2, ""mature T cell"": 12, ""microglial cell"": 1047, ""monocyte"": 452, ""mural cell"": 74, ""neuron"": 38, ""neutrophil"": 2, ""oligodendrocyte"": 160, ""oligodendrocyte precursor cell"": 748, ""pericyte"": 26, ""plasma cell"": 4, ""radial glial cell"": 2, ""smooth muscle cell"": 20, ""vein endothelial cell"": 4}"
Homo sapiens,brain,microwell-seq,"{""B cell"": 2, ""T cell"": 8, ""astrocyte"": 4, ""cord blood hematopoietic stem cell"": 4, ""dendritic cell"": 4, ""embryonic stem cell"": 2, ""endocrine cell"": 193, ""endothelial cell"": 60, ""epithelial cell"": 226, ""erythroid lineage cell"": 86, ""erythroid progenitor cell"": 4, ""macrophage"": 749, ""malignant cell"": 1842, ""mesenchymal stem cell"": 606, ""microglial cell"": 19, ""monocyte"": 1, ""mural cell"": 8, ""neuron"": 11673, ""neutrophil"": 18, ""oligodendrocyte"": 86, ""oligodendrocyte precursor cell"": 1, ""primordial germ cell"": 49, ""professional antigen presenting cell"": 8, ""radial glial cell"": 19, ""stromal cell"": 7}"
Homo sapiens,brain meninx,10x 3' v3,"{""Schwann cell"": 344, ""Schwann cell precursor"": 8, ""arachnoid barrier cell"": 22, ""capillary endothelial cell"": 696, ""choroid plexus epithelial cell"": 5150, ""choroid plexus macrophage"": 492, ""common myeloid progenitor"": 2, ""dendritic cell"": 2, ""embryonic blood vessel endothelial progenitor cell"": 26, ""endothelial cell"": 46, ""endothelial cell of arteriole"": 14, ""endothelial cell of artery"": 306, ""epithelial cell"": 280, ""erythroblast"": 206, ""erythroid progenitor cell"": 6, ""fibroblast"": 4, ""fibroblast of choroid plexus"": 8206, ""fibrocyte"": 2, ""glioblast (sensu Vertebrata)"": 12, ""innate lymphoid cell"": 12, ""interneuron"": 12, ""leptomeningeal cell"": 252, ""mast cell"": 2, ""megakaryocyte"": 12, ""mesenchymal cell"": 40, ""mesenchyme condensation cell"": 2, ""metamyelocyte"": 6, ""microglial cell"": 374, ""monocyte"": 50, ""mucosa-associated lymphoid tissue macrophage"": 110, ""natural killer cell"": 10, ""neural progenitor cell"": 1834, ""neuroblast (sensu Vertebrata)"": 610, ""neuron"": 372, ""neuronal-restricted precursor"": 1066, ""oligodendrocyte precursor cell"": 4, ""pericyte"": 246, ""perivascular cell"": 756, ""pinealocyte"": 16, ""platelet"": 10, ""promyelocyte"": 2, ""radial glial cell"": 1376, ""reticulocyte"": 2502, ""smooth muscle cell"": 246, ""tip cell"": 124, ""vein endothelial cell"": 4}"
Homo sapiens,brain white matter,10x 3' v2,"{""astrocyte"": 366, ""endothelial cell"": 113, ""macrophage"": 1, ""microglial cell"": 10, ""neuron"": 1645, ""oligodendrocyte"": 2758, ""oligodendrocyte precursor cell"": 124, ""pericyte"": 132, ""progenitor cell"": 81}"
Homo sapiens,breast,10x 3' transcription profiling,"{""CD4-positive helper T cell"": 17, ""CD8-positive, alpha-beta memory T cell"": 28, ""Tc1 cell"": 8, ""basal-myoepithelial cell of mammary gland"": 765, ""capillary endothelial cell"": 9, ""class switched memory B cell"": 4, ""effector memory CD8-positive, alpha-beta T cell"": 4, ""endothelial cell of artery"": 5, ""endothelial cell of lymphatic vessel"": 11, ""endothelial tip cell"": 189, ""fibroblast of mammary gland"": 248, ""luminal adaptive secretory precursor cell of mammary gland"": 4302, ""luminal hormone-sensing cell of mammary gland"": 1616, ""macrophage"": 6, ""mammary gland epithelial cell"": 28, ""naive B cell"": 5, ""naive thymus-derived CD4-positive, alpha-beta T cell"": 18, ""perivascular cell"": 136, ""plasma cell"": 2, ""unknown"": 255, ""unswitched memory B cell"": 2, ""vein endothelial cell"": 51}"
Homo sapiens,breast,10x 3' v2,"{""CD4-positive helper T cell"": 3184, ""CD4-positive, CD25-positive, CCR4-positive, alpha-beta regulatory T cell"": 6549, ""CD4-positive, alpha-beta T cell"": 8898, ""CD8-positive, alpha-beta T cell"": 3910, ""CD8-positive, alpha-beta memory T cell"": 3666, ""CD8-positive, alpha-beta regulatory T cell"": 2893, ""IgA plasma cell"": 856, ""IgG plasma cell"": 8598, ""T cell"": 3508, ""T follicular helper cell"": 4560, ""Tc1 cell"": 1002, ""activated CD4-positive, alpha-beta T cell"": 12, ""activated CD8-positive, alpha-beta T cell"": 50, ""adipocyte of breast"": 3958, ""alternatively activated macrophage"": 1916, ""basal cell"": 40945, ""basal-myoepithelial cell of mammary gland"": 103533, ""capillary endothelial cell"": 10172, ""class switched memory B cell"": 1361, ""classical monocyte"": 1090, ""contractile cell"": 130, ""conventional dendritic cell"": 4491, ""cycling T cell"": 3592, ""cycling macrophage"": 3660, ""cycling stromal cell"": 92, ""dendritic cell"": 212, ""effector memory CD4-positive, alpha-beta T cell"": 6642, ""effector memory CD8-positive, alpha-beta T cell"": 12427, ""endothelial cell"": 7159, ""endothelial cell of artery"": 12317, ""endothelial cell of lymphatic vessel"": 10202, ""endothelial cell of vascular tree"": 4344, ""endothelial tip cell"": 31543, ""exhausted T cell"": 10486, ""fibroblast"": 62717, ""fibroblast of breast"": 4782, ""fibroblast of mammary gland"": 92542, ""gamma-delta T cell"": 18, ""inflammatory macrophage"": 1312, ""innate lymphoid cell"": 42, ""keratinocyte"": 297, ""lactocyte"": 15973, ""leukocyte"": 2700, ""luminal adaptive secretory precursor cell of mammary gland"": 80791, ""luminal epithelial cell of mammary gland"": 59034, ""luminal hormone-sensing cell of mammary gland"": 73670, ""lymphocyte"": 418, ""macrophage"": 31862, ""malignant cell"": 255764, ""mammary gland epithelial cell"": 28383, ""mast cell"": 1699, ""mature NK T cell"": 4093, ""memory B cell"": 8451, ""monocyte"": 1439, ""myeloid cell"": 4543, ""myeloid dendritic cell"": 483, ""myofibroblast cell"": 3092, ""naive B cell"": 1230, ""naive T cell"": 6079, ""naive thymus-derived CD4-positive, alpha-beta T cell"": 7573, ""natural killer cell"": 9044, ""non-classical monocyte"": 564, ""pericyte"": 8139, ""perivascular cell"": 35614, ""plasma cell"": 1204, ""plasmablast"": 840, ""plasmacytoid dendritic cell"": 1641, ""progenitor cell of mammary luminal epithelium"": 13702, ""regulatory T cell"": 224, ""subcutaneous adipocyte"": 1756, ""unknown"": 16305, ""unswitched memory B cell"": 252, ""vascular associated smooth muscle cell"": 8750, ""vascular lymphangioblast"": 8796, ""vein endothelial cell"": 48191}"
Homo sapiens,breast,10x 3' v3,"{""CD4-positive helper T cell"": 68338, ""CD4-positive, CD25-positive, CCR4-positive, alpha-beta regulatory T cell"": 17705, ""CD4-positive, alpha-beta T cell"": 13384, ""CD8-positive, alpha-beta T cell"": 1710, ""CD8-positive, alpha-beta memory T cell"": 74543, ""CD8-positive, alpha-beta regulatory T cell"": 14111, ""IgA plasma cell"": 9610, ""IgG plasma cell"": 15470, ""T cell"": 6640, ""T follicular helper cell"": 10842, ""Tc1 cell"": 12853, ""activated CD4-positive, alpha-beta T cell"": 4234, ""activated CD8-positive, alpha-beta T cell"": 2014, ""adipocyte"": 595, ""adipocyte of breast"": 5822, ""alternatively activated macrophage"": 16202, ""basal cell"": 186950, ""basal-myoepithelial cell of mammary gland"": 203782, ""blood vessel endothelial cell"": 136424, ""blood vessel smooth muscle cell"": 300, ""capillary endothelial cell"": 97424, ""chondrocyte"": 1, ""class switched memory B cell"": 13217, ""classical monocyte"": 7242, ""conventional dendritic cell"": 24819, ""cycling T cell"": 5166, ""cycling macrophage"": 4386, ""cycling stromal cell"": 354, ""dendritic cell"": 2044, ""effector memory CD4-positive, alpha-beta T cell"": 29974, ""effector memory CD8-positive, alpha-beta T cell"": 53288, ""endothelial cell"": 15022, ""endothelial cell of artery"": 98173, ""endothelial cell of hepatic sinusoid"": 1, ""endothelial cell of lymphatic vessel"": 65905, ""endothelial cell of vascular tree"": 18389, ""endothelial tip cell"": 98346, ""exhausted T cell"": 9996, ""fibroblast"": 437366, ""fibroblast of breast"": 998, ""fibroblast of mammary gland"": 740991, ""gamma-delta T cell"": 1040, ""inflammatory macrophage"": 16394, ""innate lymphoid cell"": 796, ""leukocyte"": 27559, ""luminal adaptive secretory precursor cell of mammary gland"": 650258, ""luminal epithelial cell of mammary gland"": 211165, ""luminal hormone-sensing cell of mammary gland"": 454799, ""lymphocyte"": 2916, ""macrophage"": 77964, ""malignant cell"": 144084, ""mammary gland epithelial cell"": 55673, ""mast cell"": 7409, ""mature NK T cell"": 10688, ""memory B cell"": 20009, ""monocyte"": 254, ""mural cell"": 2303, ""myeloid cell"": 5816, ""myeloid dendritic cell"": 2713, ""myofibroblast cell"": 6968, ""naive B cell"": 9214, ""naive T cell"": 12379, ""naive thymus-derived CD4-positive, alpha-beta T cell"": 26438, ""natural killer cell"": 34584, ""neutrophil"": 884, ""non-classical monocyte"": 1428, ""pericyte"": 55955, ""perivascular cell"": 331757, ""plasma cell"": 7214, ""plasmablast"": 250, ""plasmacytoid dendritic cell"": 2651, ""regulatory T cell"": 4506, ""unknown"": 72742, ""unswitched memory B cell"": 2479, ""vascular associated smooth muscle cell"": 60276, ""vein endothelial cell"": 222822}"
Homo sapiens,breast,10x 5' transcription profiling,"{""B cell"": 11835, ""CD4-positive helper T cell"": 360, ""CD4-positive, CD25-positive, CCR4-positive, alpha-beta regulatory T cell"": 6106, ""CD8-positive, alpha-beta regulatory T cell"": 5536, ""IgG plasma cell"": 4454, ""T cell"": 70344, ""T follicular helper cell"": 3180, ""capillary endothelial cell"": 88, ""conventional dendritic cell"": 1558, ""cycling T cell"": 1342, ""cycling macrophage"": 568, ""cycling stromal cell"": 106, ""effector memory CD4-positive, alpha-beta T cell"": 8076, ""effector memory CD8-positive, alpha-beta T cell"": 7406, ""endothelial cell"": 14412, ""endothelial cell of artery"": 478, ""endothelial cell of vascular tree"": 1566, ""exhausted T cell"": 5934, ""fibroblast"": 53443, ""macrophage"": 9290, ""malignant cell"": 115952, ""mast cell"": 1976, ""memory B cell"": 7378, ""myeloid cell"": 22492, ""myeloid dendritic cell"": 174, ""myofibroblast cell"": 1226, ""naive T cell"": 6388, ""natural killer cell"": 6530, ""pericyte"": 1396, ""plasmacytoid dendritic cell"": 526, ""plasmacytoid dendritic cell, human"": 644, ""vascular associated smooth muscle cell"": 1586, ""vein endothelial cell"": 1446}"
Homo sapiens,breast,10x 5' v1,"{""CD4-positive helper T cell"": 38, ""CD4-positive, CD25-positive, CCR4-positive, alpha-beta regulatory T cell"": 6168, ""CD4-positive, alpha-beta T cell"": 26578, ""CD8-positive, alpha-beta T cell"": 17354, ""CD8-positive, alpha-beta regulatory T cell"": 3704, ""IgG plasma cell"": 6496, ""T cell"": 2576, ""T follicular helper cell"": 3294, ""basal-myoepithelial cell of mammary gland"": 1032, ""capillary endothelial cell"": 426, ""conventional dendritic cell"": 2012, ""cycling T cell"": 2526, ""cycling macrophage"": 792, ""cycling stromal cell"": 578, ""effector memory CD4-positive, alpha-beta T cell"": 8288, ""effector memory CD8-positive, alpha-beta T cell"": 7122, ""endothelial cell"": 13024, ""endothelial cell of artery"": 974, ""endothelial cell of lymphatic vessel"": 260, ""endothelial cell of vascular tree"": 1104, ""exhausted T cell"": 5138, ""fibroblast"": 9218, ""fibroblast of breast"": 8128, ""luminal epithelial cell of mammary gland"": 17236, ""macrophage"": 19904, ""malignant cell"": 38524, ""mammary gland epithelial cell"": 17612, ""mature NK T cell"": 1148, ""memory B cell"": 7894, ""monocyte"": 3056, ""myeloid cell"": 1956, ""myeloid dendritic cell"": 116, ""myofibroblast cell"": 1170, ""naive B cell"": 768, ""naive T cell"": 7324, ""natural killer cell"": 7124, ""pericyte"": 7328, ""plasmablast"": 5958, ""plasmacytoid dendritic cell"": 390, ""vascular associated smooth muscle cell"": 2758, ""vein endothelial cell"": 4466}"
Homo sapiens,breast,10x 5' v2,"{""B cell"": 2039, ""CD4-positive helper T cell"": 346, ""CD4-positive, CD25-positive, CCR4-positive, alpha-beta regulatory T cell"": 3076, ""CD8-positive, alpha-beta regulatory T cell"": 2120, ""IgG plasma cell"": 2782, ""T cell"": 10786, ""T follicular helper cell"": 1800, ""capillary endothelial cell"": 46, ""conventional dendritic cell"": 800, ""cycling T cell"": 832, ""cycling macrophage"": 216, ""cycling stromal cell"": 32, ""effector memory CD4-positive, alpha-beta T cell"": 4178, ""effector memory CD8-positive, alpha-beta T cell"": 3556, ""endothelial cell"": 2889, ""endothelial cell of artery"": 282, ""endothelial cell of vascular tree"": 1336, ""epithelial cell"": 2897, ""exhausted T cell"": 3164, ""fibroblast"": 15733, ""macrophage"": 4876, ""malignant cell"": 27387, ""mast cell"": 917, ""megakaryocyte"": 1, ""memory B cell"": 3810, ""mononuclear phagocyte"": 1668, ""myeloid dendritic cell"": 92, ""myofibroblast cell"": 922, ""naive T cell"": 4064, ""natural killer cell"": 3482, ""pericyte"": 882, ""plasmacytoid dendritic cell"": 421, ""vascular associated smooth muscle cell"": 830, ""vein endothelial cell"": 1038}"
Homo sapiens,breast,10x multiome,"{""T cell"": 305, ""adipocyte"": 475, ""basal-myoepithelial cell of mammary gland"": 1752, ""endothelial cell"": 1210, ""fibroblast"": 963, ""luminal adaptive secretory precursor cell of mammary gland"": 661, ""luminal hormone-sensing cell of mammary gland"": 465, ""macrophage"": 439}"
Homo sapiens,breast,Smart-seq2,"{""B cell"": 34, ""T cell"": 8, ""endothelial cell"": 17, ""epithelial cell"": 428, ""fibroblast"": 125, ""malignant cell"": 385, ""mast cell"": 2, ""mononuclear phagocyte"": 10, ""plasmacytoid dendritic cell"": 1}"
Homo sapiens,breast,inDrop,"{""B cell"": 3533, ""T cell"": 29706, ""endothelial cell"": 32, ""fibroblast"": 20, ""mast cell"": 424, ""mononuclear phagocyte"": 4038, ""neutrophil"": 297, ""plasmacytoid dendritic cell"": 169}"
Homo sapiens,bronchial mucosa,CEL-seq2,"{""T cell"": 245, ""basal cell of epithelium of bronchus"": 521, ""bronchial goblet cell"": 195, ""club cell"": 135, ""dendritic cell"": 41, ""deuterosomal cell"": 20, ""lung secretory cell"": 371, ""mast cell"": 53, ""multiciliated epithelial cell of the bronchus"": 88, ""myeloid cell"": 142, ""natural killer cell"": 53, ""pulmonary ionocyte"": 41, ""respiratory tract epithelial cell"": 102, ""respiratory tract suprabasal cell"": 68}"
Homo sapiens,bronchopulmonary lymph node,10x 3' v2,"{""CD16-negative, CD56-bright natural killer cell, human"": 2, ""CD16-positive, CD56-dim natural killer cell, human"": 2, ""CD4-positive, alpha-beta T cell"": 8406, ""CD4-positive, alpha-beta thymocyte"": 6719, ""CD8-positive, alpha-beta T cell"": 538, ""CD8-positive, alpha-beta thymocyte"": 343, ""T cell"": 16, ""T follicular helper cell"": 51, ""activated CD4-positive, alpha-beta T cell"": 8894, ""central memory CD4-positive, alpha-beta T cell"": 6406, ""central memory CD8-positive, alpha-beta T cell"": 12, ""effector memory CD4-positive, alpha-beta T cell"": 6, ""effector memory CD8-positive, alpha-beta T cell"": 360, ""immature alpha-beta T cell"": 121, ""innate lymphoid cell"": 2, ""mature alpha-beta T cell"": 400, ""mucosal invariant T cell"": 1, ""plasma cell"": 12, ""regulatory T cell"": 763}"
Homo sapiens,bronchus,10x 3' v2,"{""B cell"": 17, ""CD4-positive, alpha-beta T cell"": 43, ""Schwann cell"": 2, ""alternatively activated macrophage"": 132, ""blood vessel smooth muscle cell"": 298, ""bronchiolar smooth muscle cell"": 18, ""bronchus fibroblast of lung"": 103, ""chondrocyte"": 33, ""conventional dendritic cell"": 6, ""deuterosomal cell"": 530, ""endothelial cell of artery"": 27, ""endothelial cell of lymphatic vessel"": 63, ""fibroblast"": 702, ""lung microvascular endothelial cell"": 24, ""macrophage"": 262, ""mast cell"": 12, ""mature NK T cell"": 20, ""monocyte"": 158, ""multiciliated columnar cell of tracheobronchial tree"": 781, ""natural killer cell"": 18, ""pericyte"": 6, ""plasma cell"": 19, ""pulmonary alveolar type 1 cell"": 2, ""pulmonary alveolar type 2 cell"": 1053, ""pulmonary capillary endothelial cell"": 259, ""pulmonary ionocyte"": 1, ""pulmonary neuroendocrine cell"": 1, ""respiratory basal cell"": 3, ""respiratory tract goblet cell"": 19, ""respiratory tract suprabasal cell"": 84, ""serous cell of epithelium of lobular bronchiole"": 108, ""serous secreting cell of bronchus submucosal gland"": 1, ""tracheobronchial serous cell"": 964, ""unknown"": 2, ""vascular associated smooth muscle cell"": 33, ""vein endothelial cell of respiratory system"": 791}"
Homo sapiens,bronchus,10x 3' v3,"{""B cell"": 2366, ""CD14-positive monocyte"": 32, ""CD4-positive, alpha-beta T cell"": 4597, ""CD8-positive, alpha-beta T cell"": 1468, ""IgA plasma cell"": 306, ""IgG plasma cell"": 60, ""Schwann cell"": 145, ""T cell"": 912, ""acinar cell"": 5, ""adventitial cell"": 1190, ""airway submucosal gland duct basal cell"": 132, ""alternatively activated macrophage"": 1180, ""alveolar macrophage"": 53, ""basal cell"": 4254, ""blood vessel endothelial cell"": 8, ""blood vessel smooth muscle cell"": 2940, ""bronchiolar smooth muscle cell"": 326, ""bronchus fibroblast of lung"": 4893, ""chondrocyte"": 642, ""ciliated cell"": 489, ""club cell"": 3996, ""conventional dendritic cell"": 874, ""dendritic cell"": 2, ""deuterosomal cell"": 195, ""effector CD4-positive, alpha-beta T cell"": 250, ""effector memory CD8-positive, alpha-beta T cell"": 270, ""endothelial cell of artery"": 100, ""endothelial cell of lymphatic vessel"": 627, ""epithelial cell"": 12, ""fibroblast"": 888, ""fibroblast of lung"": 774, ""gamma-delta T cell"": 16, ""goblet cell"": 158, ""innate lymphoid cell"": 10, ""lung interstitial macrophage"": 2, ""lung macrophage"": 301, ""lung microvascular endothelial cell"": 2090, ""lung perichondrial fibroblast"": 276, ""lung pericyte"": 84, ""lung resident memory CD4-positive, alpha-beta T cell"": 14, ""lung resident memory CD8-positive, alpha-beta T cell"": 324, ""lung secretory cell"": 4030, ""macrophage"": 865, ""mast cell"": 2142, ""mature NK T cell"": 3136, ""memory B cell"": 83, ""mesothelial cell"": 6, ""metallothionein-positive alveolar macrophage"": 4, ""monocyte"": 3468, ""mucosal invariant T cell"": 38, ""mucus secreting cell of bronchus submucosal gland"": 16, ""multiciliated columnar cell of tracheobronchial tree"": 11628, ""myoepithelial cell"": 106, ""myoepithelial cell of bronchus submucosal gland"": 6, ""myofibroblast cell"": 8, ""naive B cell"": 21, ""naive thymus-derived CD4-positive, alpha-beta T cell"": 196, ""natural killer cell"": 1365, ""neuroendocrine cell"": 4, ""neutrophil"": 1104, ""non-myelinating Schwann cell"": 8, ""pericyte"": 460, ""plasma cell"": 333, ""plasmablast"": 8, ""plasmacytoid dendritic cell"": 40, ""pulmonary alveolar type 1 cell"": 264, ""pulmonary alveolar type 2 cell"": 2704, ""pulmonary artery endothelial cell"": 20, ""pulmonary capillary endothelial cell"": 1652, ""pulmonary ionocyte"": 47, ""pulmonary neuroendocrine cell"": 90, ""regulatory T cell"": 118, ""respiratory basal cell"": 2197, ""respiratory tract goblet cell"": 1027, ""respiratory tract suprabasal cell"": 571, ""serous cell of epithelium of lobular bronchiole"": 259, ""serous secreting cell of bronchus submucosal gland"": 2090, ""smooth muscle cell"": 70, ""smooth muscle cell of the pulmonary artery"": 28, ""stem cell"": 2, ""tracheobronchial serous cell"": 1521, ""unknown"": 599, ""vascular associated smooth muscle cell"": 365, ""vein endothelial cell"": 40, ""vein endothelial cell of respiratory system"": 3721}"
Homo sapiens,bronchus,10x 5' transcription profiling,"{""CD14-positive monocyte"": 5320, ""CD16-negative, CD56-bright natural killer cell, human"": 279, ""CD16-positive, CD56-dim natural killer cell, human"": 4470, ""IgA plasma cell"": 197, ""IgG plasma cell"": 177, ""T follicular helper cell"": 14, ""adventitial cell"": 2526, ""airway submucosal gland duct basal cell"": 150, ""alveolar capillary type 2 endothelial cell"": 359, ""alveolar macrophage"": 15467, ""alveolar type 1 fibroblast cell"": 3, ""basal cell"": 2655, ""blood vessel endothelial cell"": 3840, ""blood vessel smooth muscle cell"": 34, ""bronchus fibroblast of lung"": 140, ""capillary endothelial cell"": 1548, ""central memory CD4-positive, alpha-beta T cell"": 334, ""chondrocyte"": 1, ""ciliated cell"": 1698, ""classical monocyte"": 2852, ""club cell"": 1235, ""conventional dendritic cell"": 783, ""dendritic cell"": 416, ""dendritic cell, human"": 146, ""deuterosomal cell"": 18, ""effector CD4-positive, alpha-beta T cell"": 1636, ""effector memory CD4-positive, alpha-beta T cell"": 1080, ""effector memory CD8-positive, alpha-beta T cell"": 3967, ""effector memory CD8-positive, alpha-beta T cell, terminally differentiated"": 559, ""endothelial cell of artery"": 540, ""endothelial cell of lymphatic vessel"": 1104, ""epithelial cell"": 30, ""erythrocyte"": 56, ""fibroblast"": 1473, ""fibroblast of lung"": 1574, ""gamma-delta T cell"": 196, ""goblet cell"": 672, ""innate lymphoid cell"": 194, ""ionocyte"": 15, ""lung interstitial macrophage"": 150, ""lung macrophage"": 9595, ""lung multiciliated epithelial cell"": 858, ""lung pericyte"": 376, ""lung resident memory CD4-positive, alpha-beta T cell"": 526, ""lung resident memory CD8-positive, alpha-beta T cell"": 1644, ""lung secretory cell"": 72, ""macrophage"": 4838, ""mast cell"": 1166, ""megakaryocyte"": 2, ""memory B cell"": 1884, ""mesothelial cell"": 87, ""metallothionein-positive alveolar macrophage"": 148, ""monocyte"": 2878, ""mucosal invariant T cell"": 724, ""myelinating Schwann cell"": 2, ""myofibroblast cell"": 135, ""naive B cell"": 710, ""naive thymus-derived CD4-positive, alpha-beta T cell"": 1652, ""natural killer cell"": 7271, ""neuroendocrine cell"": 10, ""non-classical monocyte"": 1287, ""non-myelinating Schwann cell"": 6, ""pericyte"": 120, ""plasma cell"": 206, ""plasmablast"": 43, ""plasmacytoid dendritic cell"": 677, ""pulmonary alveolar type 1 cell"": 562, ""pulmonary alveolar type 2 cell"": 2761, ""pulmonary artery endothelial cell"": 788, ""regulatory T cell"": 403, ""respiratory tract suprabasal cell"": 564, ""serous secreting cell of bronchus submucosal gland"": 36, ""smooth muscle cell"": 4, ""smooth muscle cell of the pulmonary artery"": 416, ""vein endothelial cell"": 3059}"
Homo sapiens,bronchus,10x 5' v1,"{""B cell"": 3, ""CD16-negative, CD56-bright natural killer cell, human"": 21, ""CD16-positive, CD56-dim natural killer cell, human"": 38, ""CD4-positive, alpha-beta T cell"": 3, ""CD4-positive, alpha-beta memory T cell"": 4, ""CD8-positive, alpha-beta memory T cell"": 321, ""Langerhans cell"": 58, ""T cell"": 129, ""alternatively activated macrophage"": 753, ""basal cell of epithelium of trachea"": 1426, ""brush cell of trachea"": 7, ""ciliated cell"": 6167, ""club cell"": 3171, ""conventional dendritic cell"": 17, ""dendritic cell"": 319, ""duct epithelial cell"": 78, ""gamma-delta T cell"": 33, ""innate lymphoid cell"": 5, ""macrophage"": 951, ""mast cell"": 23, ""mature NK T cell"": 53, ""melanocyte"": 2, ""memory B cell"": 139, ""monocyte"": 795, ""mucosal invariant T cell"": 119, ""multiciliated epithelial cell"": 648, ""naive B cell"": 23, ""naive T cell"": 131, ""neutrophil"": 57, ""plasma cell"": 198, ""plasmacytoid dendritic cell, human"": 8, ""pulmonary ionocyte"": 201, ""regulatory T cell"": 51, ""secretory cell"": 212, ""squamous epithelial cell"": 5, ""tracheal goblet cell"": 934, ""unknown"": 19}"
Homo sapiens,bronchus,10x gene expression flex,"{""CD4-positive, alpha-beta memory T cell"": 3, ""activated CD8-positive, alpha-beta T cell"": 311, ""basal cell of epithelium of lobular bronchiole"": 97, ""capillary endothelial cell"": 94, ""conventional dendritic cell"": 12, ""macrophage"": 600, ""malignant cell"": 1019, ""mucous cell of stomach"": 15, ""muscle fibroblast"": 287, ""pericyte"": 4, ""plasma cell"": 2, ""plasmacytoid dendritic cell"": 26, ""salivary gland glandular cell"": 15}"
Homo sapiens,brown adipose tissue,10x 3' v3,"{""B cell"": 28545, ""CD4-positive, alpha-beta T cell"": 18291, ""CD8-positive, alpha-beta T cell"": 5880, ""T cell"": 696, ""classical monocyte"": 6, ""endothelial cell"": 5136, ""erythrocyte"": 618, ""fibroblast"": 21825, ""hematopoietic precursor cell"": 216, ""intermediate monocyte"": 30, ""macrophage"": 19899, ""mast cell"": 51, ""mature NK T cell"": 453, ""mesenchymal stem cell of adipose tissue"": 8640, ""monocyte"": 399, ""muscle cell"": 789, ""myeloid dendritic cell"": 12, ""natural killer cell"": 1047, ""neutrophil"": 4281, ""pericyte"": 2385, ""plasma cell"": 531, ""platelet"": 3, ""smooth muscle cell"": 4107}"
Homo sapiens,buccal mucosa,10x 3' v3,"{""B cell"": 136, ""CD16-negative, CD56-bright natural killer cell, human"": 460, ""CD16-positive, CD56-dim natural killer cell, human"": 168, ""CD4-positive helper T cell"": 5440, ""CD4-positive, alpha-beta T cell"": 18, ""CD4-positive, alpha-beta memory T cell"": 1312, ""CD8-positive, alpha-beta T cell"": 5555, ""CD8-positive, alpha-beta memory T cell"": 2748, ""IgG plasma cell"": 4, ""Langerhans cell"": 719, ""Schwann cell"": 158, ""T cell"": 3, ""T follicular helper cell"": 160, ""T-helper 17 cell"": 2316, ""TREM2-positive macrophage"": 140, ""acinar cell of salivary gland"": 356, ""adult skeletal muscle myoblast"": 3, ""basal cell"": 1140, ""blood vessel endothelial cell"": 18925, ""capillary endothelial cell"": 7984, ""conventional dendritic cell"": 6080, ""cycling T cell"": 68, ""dendritic cell"": 2114, ""dendritic cell, human"": 290, ""effector memory CD8-positive, alpha-beta T cell"": 3084, ""endothelial cell"": 419, ""endothelial cell of artery"": 8196, ""endothelial cell of lymphatic vessel"": 4908, ""endothelial cell of vascular tree"": 10847, ""enteric neuron"": 4, ""enteroglial cell"": 88, ""epithelial cell"": 2637, ""erythrocyte"": 50, ""fibroblast"": 40898, ""fibroblast of gingiva"": 424, ""fibroblastic reticular cell"": 12, ""gamma-delta T cell"": 836, ""gastrointestinal tract (lamina propria) macrophage"": 6196, ""group 3 innate lymphoid cell"": 532, ""innate lymphoid cell"": 553, ""keratinocyte"": 3264, ""keratocyte"": 35, ""lymphocyte"": 4045, ""macrophage"": 5612, ""mast cell"": 562, ""mature NK T cell"": 9, ""melanocyte"": 1372, ""memory B cell"": 8, ""monocyte"": 345, ""mucosal invariant T cell"": 88, ""mural cell"": 7597, ""muscle cell"": 3, ""myeloid cell"": 2012, ""myoepithelial cell"": 2, ""myofibroblast cell"": 28, ""naive B cell"": 16, ""naive thymus-derived CD4-positive, alpha-beta T cell"": 388, ""naive thymus-derived CD8-positive, alpha-beta T cell"": 116, ""natural killer cell"": 1125, ""neutrophil"": 451, ""pericyte"": 2300, ""plasma cell"": 226, ""plasmacytoid dendritic cell, human"": 5, ""regulatory T cell"": 648, ""salivary gland glandular cell"": 22, ""vascular associated smooth muscle cell"": 8792, ""vein endothelial cell"": 30916}"
Homo sapiens,bulb of aorta,10x 3' v3,"{""blood vessel smooth muscle cell"": 2607, ""endothelial cell of artery"": 994, ""fibroblast"": 2558, ""lymphocyte"": 36, ""macrophage"": 499, ""microcirculation associated smooth muscle cell"": 611, ""unknown"": 31}"
Homo sapiens,caecum,10x 3' v2,"{""B cell"": 76, ""BEST4+ enterocyte"": 282, ""CD16-negative, CD56-bright natural killer cell, human"": 331, ""CD16-positive, CD56-dim natural killer cell, human"": 133, ""CD4-positive, alpha-beta T cell"": 425, ""CD4-positive, alpha-beta memory T cell"": 4880, ""CD8-positive, alpha-beta T cell"": 624, ""CD8-positive, alpha-beta memory T cell"": 1410, ""IgA plasma cell"": 13286, ""IgG plasma cell"": 264, ""IgM plasma cell"": 428, ""Langerhans cell"": 31, ""T follicular helper cell"": 1200, ""T-helper 1 cell"": 1811, ""T-helper 17 cell"": 8173, ""TREM2-positive macrophage"": 1031, ""capillary endothelial cell"": 375, ""central memory CD4-positive, alpha-beta T cell"": 199, ""colon epithelial cell"": 117, ""colon macrophage"": 35, ""colonocyte"": 5025, ""conventional dendritic cell"": 465, ""cycling T cell"": 58, ""dendritic cell"": 10, ""dendritic cell, human"": 29, ""effector memory CD8-positive, alpha-beta T cell"": 1905, ""endothelial cell of artery"": 251, ""endothelial cell of lymphatic vessel"": 147, ""enteric neuron"": 4, ""enterocyte of epithelium of large intestine"": 41, ""enteroendocrine cell"": 11, ""enteroglial cell"": 163, ""eosinophil"": 4, ""epithelial cell"": 15, ""fibroblast"": 2631, ""fibroblast of gingiva"": 669, ""follicular B cell"": 606, ""gamma-delta T cell"": 1198, ""gastrointestinal tract (lamina propria) macrophage"": 342, ""gastrointestinal tract (lamina propria) macrophage of large intestine"": 5, ""germinal center B cell"": 59, ""glial cell"": 101, ""goblet cell"": 6, ""group 3 innate lymphoid cell"": 85, ""immature neutrophil"": 5, ""innate lymphoid cell"": 202, ""intestinal crypt stem cell"": 181, ""intestinal tuft cell"": 2, ""intestine goblet cell"": 1233, ""macrophage"": 1885, ""mast cell"": 2841, ""memory B cell"": 2410, ""memory T cell"": 157, ""mesothelial cell"": 99, ""monocyte"": 1533, ""mucosal invariant T cell"": 69, ""myofibroblast cell"": 99, ""naive B cell"": 3042, ""naive thymus-derived CD4-positive, alpha-beta T cell"": 1996, ""naive thymus-derived CD8-positive, alpha-beta T cell"": 26, ""natural killer cell"": 118, ""neuroblast (sensu Vertebrata)"": 3, ""neutrophil"": 2, ""pericyte"": 330, ""plasma cell"": 3652, ""plasmablast"": 20, ""plasmacytoid dendritic cell, human"": 42, ""precursor B cell"": 4, ""regulatory T cell"": 2482, ""reticular cell"": 6, ""stem cell"": 124, ""stromal cell"": 150, ""transit amplifying cell"": 20151, ""tuft cell of colon"": 1, ""tuft cell of small intestine"": 68, ""vascular associated smooth muscle cell"": 455, ""vein endothelial cell"": 508}"
Homo sapiens,caecum,10x 3' v3,"{""B cell"": 43, ""BEST4+ colonocyte"": 2, ""T cell"": 6707, ""colon goblet cell"": 4, ""colonocyte"": 34, ""dendritic cell"": 12, ""early colonocyte"": 82, ""endothelial cell"": 341, ""enteroendocrine cell of colon"": 2, ""fallopian tube secretory epithelial cell"": 1706, ""fibroblast"": 2300, ""intestinal crypt stem cell of colon"": 36, ""malignant cell"": 3807, ""mast cell"": 30, ""monocyte"": 3104, ""plasma cell"": 124, ""secretory cell"": 34, ""tuft cell of colon"": 94}"
Homo sapiens,caecum,10x 5' v1,"{""BEST4+ enterocyte"": 384, ""CD16-negative, CD56-bright natural killer cell, human"": 2, ""CD16-positive, CD56-dim natural killer cell, human"": 10, ""CD4-positive helper T cell"": 38, ""CD4-positive, alpha-beta memory T cell"": 52, ""CD8-positive, alpha-beta memory T cell"": 180, ""CD8-positive, alpha-beta memory T cell, CD45RO-positive"": 10, ""IgA plasma cell"": 488, ""IgG plasma cell"": 8, ""IgM plasma cell"": 56, ""T follicular helper cell"": 20, ""T-helper 17 cell"": 8, ""TREM2-positive macrophage"": 15, ""alpha-beta T cell"": 54, ""alveolar macrophage"": 4, ""classical monocyte"": 2, ""colonocyte"": 3556, ""conventional dendritic cell"": 101, ""dendritic cell, human"": 20, ""effector memory CD4-positive, alpha-beta T cell"": 10, ""effector memory CD8-positive, alpha-beta T cell"": 40, ""effector memory CD8-positive, alpha-beta T cell, terminally differentiated"": 14, ""enterocyte"": 8, ""fibroblast"": 4, ""fibroblast of gingiva"": 4, ""gamma-delta T cell"": 360, ""gastrointestinal tract (lamina propria) macrophage"": 20, ""germinal center B cell"": 28, ""group 3 innate lymphoid cell"": 12, ""intestinal crypt stem cell"": 16, ""intestine goblet cell"": 408, ""lymphocyte"": 2, ""macrophage"": 45, ""mast cell"": 18, ""memory B cell"": 102, ""monocyte"": 15, ""mucosal invariant T cell"": 6, ""naive B cell"": 8, ""naive thymus-derived CD4-positive, alpha-beta T cell"": 46, ""naive thymus-derived CD8-positive, alpha-beta T cell"": 2, ""plasma cell"": 350, ""plasmablast"": 16, ""regulatory T cell"": 30, ""transit amplifying cell"": 164, ""tuft cell of small intestine"": 104, ""unknown"": 4, ""vascular associated smooth muscle cell"": 4, ""vein endothelial cell"": 4}"
Homo sapiens,caecum,10x 5' v2,"{""B cell"": 55, ""BEST4+ enterocyte"": 2339, ""CD16-negative, CD56-bright natural killer cell, human"": 164, ""CD16-positive, CD56-dim natural killer cell, human"": 12, ""CD4-positive, alpha-beta T cell"": 35, ""CD4-positive, alpha-beta memory T cell"": 712, ""CD8-positive, alpha-beta T cell"": 34, ""CD8-positive, alpha-beta memory T cell"": 701, ""IgA plasma cell"": 9716, ""IgG plasma cell"": 255, ""IgM plasma cell"": 328, ""Langerhans cell"": 10, ""M cell of gut"": 2, ""T follicular helper cell"": 185, ""T-helper 1 cell"": 3, ""T-helper 17 cell"": 270, ""TREM2-positive macrophage"": 65, ""activated CD4-positive, alpha-beta T cell"": 51, ""activated CD8-positive, alpha-beta T cell"": 132, ""capillary endothelial cell"": 82, ""central memory CD4-positive, alpha-beta T cell"": 50, ""colon epithelial cell"": 1272, ""colon macrophage"": 5, ""colonocyte"": 3584, ""conventional dendritic cell"": 165, ""cycling T cell"": 32, ""effector memory CD8-positive, alpha-beta T cell"": 530, ""endothelial cell of artery"": 238, ""endothelial cell of lymphatic vessel"": 110, ""enterocyte"": 10, ""enterocyte of epithelium of large intestine"": 1267, ""enteroendocrine cell"": 39, ""epithelial cell"": 194, ""erythrocyte"": 10, ""fibroblast"": 684, ""fibroblast of gingiva"": 668, ""follicular B cell"": 27, ""follicular dendritic cell"": 4, ""gamma-delta T cell"": 2019, ""gastrointestinal tract (lamina propria) macrophage"": 92, ""gastrointestinal tract (lamina propria) macrophage of large intestine"": 46, ""germinal center B cell"": 179, ""glial cell"": 63, ""goblet cell"": 236, ""group 3 innate lymphoid cell"": 444, ""innate lymphoid cell"": 15, ""intestinal crypt stem cell"": 428, ""intestinal tuft cell"": 136, ""intestine goblet cell"": 1953, ""macrophage"": 351, ""mast cell"": 1750, ""memory B cell"": 2225, ""memory T cell"": 5, ""monocyte"": 231, ""mucosal invariant T cell"": 140, ""myofibroblast cell"": 51, ""naive B cell"": 327, ""naive thymus-derived CD4-positive, alpha-beta T cell"": 344, ""naive thymus-derived CD8-positive, alpha-beta T cell"": 28, ""natural killer cell"": 29, ""pericyte"": 104, ""plasma cell"": 1836, ""plasmablast"": 32, ""precursor B cell"": 4, ""pro-B cell"": 4, ""progenitor cell of endocrine pancreas"": 1, ""regulatory T cell"": 229, ""stem cell"": 61, ""stromal cell"": 267, ""transit amplifying cell"": 4591, ""tuft cell of colon"": 136, ""tuft cell of small intestine"": 124, ""type EC enteroendocrine cell"": 4, ""type L enteroendocrine cell"": 5, ""type N enteroendocrine cell"": 1, ""vascular associated smooth muscle cell"": 52, ""vein endothelial cell"": 132}"
Homo sapiens,caecum epithelium,10x 3' v2,"{""B cell"": 2, ""BEST4+ enterocyte"": 27, ""CD4-positive, alpha-beta T cell"": 15, ""CD8-alpha-beta-positive, alpha-beta intraepithelial T cell"": 6, ""CD8-positive, alpha-beta T cell"": 26, ""colonocyte"": 1220, ""enterocyte"": 2402, ""enteroendocrine cell"": 20, ""epithelial cell"": 258, ""goblet cell"": 488, ""intestinal crypt stem cell"": 34, ""intestinal tuft cell"": 10, ""intestine goblet cell"": 445, ""leukocyte"": 2, ""macrophage"": 2, ""mast cell"": 5, ""natural killer cell"": 13, ""plasma cell"": 8, ""stem cell"": 407, ""transit amplifying cell"": 488, ""transit amplifying cell of colon"": 2955, ""tuft cell"": 7, ""tuft cell of small intestine"": 3, ""unknown"": 41}"
Homo sapiens,caecum epithelium,10x 3' v3,"{""B cell"": 15, ""BEST4+ enterocyte"": 22, ""CD4-positive, alpha-beta T cell"": 80, ""CD8-positive, alpha-beta T cell"": 86, ""T cell"": 18, ""colonocyte"": 700, ""conventional dendritic cell"": 3, ""dendritic cell"": 1, ""enterocyte"": 633, ""enteroendocrine cell"": 8, ""epithelial cell"": 141, ""goblet cell"": 227, ""innate lymphoid cell"": 1, ""intestinal crypt stem cell"": 2, ""intestine goblet cell"": 258, ""leukocyte"": 7, ""macrophage"": 11, ""mast cell"": 2, ""naive T cell"": 12, ""natural killer cell"": 27, ""paneth cell"": 6, ""plasma cell"": 14, ""plasmacytoid dendritic cell"": 17, ""regulatory T cell"": 2, ""stem cell"": 221, ""transit amplifying cell"": 234, ""tuft cell"": 71, ""tuft cell of small intestine"": 68, ""unknown"": 58}"
Homo sapiens,calcaneal tendon,10x 3' v3,"{""T cell"": 99, ""chondrocyte"": 78, ""endothelial cell of lymphatic vessel"": 85, ""endothelial cell of vascular tree"": 934, ""fibroblast"": 34324, ""macrophage"": 2116, ""mast cell"": 64, ""monocyte"": 69, ""muscle cell"": 71, ""neural cell"": 341, ""skeletal muscle fiber"": 275, ""skeletal muscle satellite cell"": 592, ""smooth muscle cell"": 987}"
Homo sapiens,cardia of stomach,10x 3' v2,"{""CD4-positive helper T cell"": 24, ""IgA plasma cell"": 357, ""IgG plasma cell"": 60, ""P/D1 enteroendocrine cell"": 1257, ""activated CD8-positive, alpha-beta T cell"": 354, ""capillary endothelial cell"": 618, ""dendritic cell"": 75, ""endothelial cell of artery"": 1617, ""enterocyte"": 27, ""enteroendocrine cell"": 363, ""epithelial cell of esophagus"": 20, ""erythrocyte"": 64, ""fibroblast"": 2499, ""foveolar cell of stomach"": 8571, ""gamma-delta T cell"": 108, ""glandular cell of esophagus"": 4, ""macrophage"": 39, ""mast cell"": 138, ""memory B cell"": 84, ""memory T cell"": 33, ""monocyte"": 51, ""mucous neck cell of gastric gland"": 1233, ""natural T-regulatory cell"": 174, ""natural killer cell"": 45, ""parietal cell"": 861, ""peptic cell"": 1188, ""stem cell"": 102, ""type G enteroendocrine cell"": 12, ""unknown"": 759, ""vein endothelial cell"": 1350}"
Homo sapiens,cardia of stomach,10x 3' v3,"{""CD4-positive helper T cell"": 360, ""IgA plasma cell"": 1446, ""IgG plasma cell"": 426, ""P/D1 enteroendocrine cell"": 726, ""activated CD8-positive, alpha-beta T cell"": 2151, ""capillary endothelial cell"": 12, ""dendritic cell"": 495, ""endothelial cell of artery"": 21, ""enterocyte"": 2202, ""enteroendocrine cell"": 1278, ""epithelial cell of esophagus"": 4, ""erythrocyte"": 438, ""fibroblast"": 129, ""foveolar cell of stomach"": 11157, ""gamma-delta T cell"": 777, ""glandular cell of esophagus"": 36, ""intestine goblet cell"": 750, ""macrophage"": 285, ""mast cell"": 363, ""memory B cell"": 909, ""memory T cell"": 480, ""monocyte"": 42, ""mucous neck cell of gastric gland"": 4008, ""natural T-regulatory cell"": 1134, ""natural killer cell"": 207, ""parietal cell"": 174, ""peptic cell"": 1482, ""stem cell"": 705, ""unknown"": 1839, ""vein endothelial cell"": 90}"
Homo sapiens,cardiac atrium,10x 3' v3,"{""B cell"": 6, ""CD4-positive, alpha-beta T cell"": 9, ""CD8-positive, alpha-beta T cell"": 18, ""cardiac endothelial cell"": 6879, ""fibroblast of cardiac tissue"": 321, ""macrophage"": 30, ""mesothelial cell"": 12, ""monocyte"": 27, ""natural killer cell"": 18, ""neutrophil"": 15, ""pericyte"": 36, ""regular atrial cardiac myocyte"": 17076, ""smooth muscle cell"": 603}"
Homo sapiens,cardiac atrium,Smart-seq2,"{""cardiac endothelial cell"": 249, ""fibroblast of cardiac tissue"": 144, ""macrophage"": 39, ""neutrophil"": 3, ""regular atrial cardiac myocyte"": 36, ""smooth muscle cell"": 96}"
Homo sapiens,cardiac ventricle,10x 3' v3,"{""B cell"": 3, ""CD4-positive, alpha-beta T cell"": 12, ""CD8-positive, alpha-beta T cell"": 9, ""cardiac endothelial cell"": 3297, ""erythrocyte"": 3, ""fibroblast of cardiac tissue"": 456, ""macrophage"": 93, ""mesothelial cell"": 9, ""monocyte"": 12, ""natural killer cell"": 3, ""neutrophil"": 3, ""pericyte"": 114, ""plasmacytoid dendritic cell"": 15, ""smooth muscle cell"": 594, ""ventricular cardiac muscle cell"": 6552}"
Homo sapiens,cardiac ventricle,Smart-seq2,"{""cardiac endothelial cell"": 210, ""macrophage"": 42, ""smooth muscle cell"": 3, ""ventricular cardiac muscle cell"": 3}"
Homo sapiens,carina of trachea,10x 3' v2,"{""B cell"": 12, ""CD4-positive helper T cell"": 47, ""CD8-positive, alpha-beta T cell"": 739, ""alveolar adventitial fibroblast"": 6, ""alveolar type 1 fibroblast cell"": 7, ""basal cell"": 11869, ""club cell"": 733, ""cytotoxic T cell"": 72, ""dendritic cell, human"": 253, ""endocardial cell"": 1302, ""epithelial cell of lung"": 15, ""fibroblast of lung"": 224, ""ionocyte"": 19, ""macrophage"": 31, ""mast cell"": 58, ""mature T cell"": 1, ""monocyte"": 13, ""mucus secreting cell of bronchus submucosal gland"": 1970, ""nasal mucosa goblet cell"": 56, ""natural killer cell"": 3, ""non-classical monocyte"": 2, ""pericyte"": 6, ""plasma cell"": 114, ""pulmonary neuroendocrine cell"": 23, ""respiratory tract goblet cell"": 14, ""respiratory tract multiciliated cell"": 1609, ""respiratory tract suprabasal cell"": 4464, ""secretory cell"": 542, ""stromal cell"": 616}"
Homo sapiens,carina of trachea,10x 3' v3,"{""B cell"": 149, ""CD4-positive helper T cell"": 654, ""CD8-positive, alpha-beta T cell"": 1679, ""alveolar adventitial fibroblast"": 1, ""alveolar type 1 fibroblast cell"": 2, ""basal cell"": 458, ""bronchial goblet cell"": 2, ""club cell"": 840, ""cytotoxic T cell"": 778, ""dendritic cell, human"": 240, ""endocardial cell"": 113, ""epithelial cell of lung"": 5, ""fibroblast of lung"": 21, ""ionocyte"": 101, ""macrophage"": 253, ""mast cell"": 203, ""mature T cell"": 5, ""monocyte"": 313, ""mucus secreting cell of bronchus submucosal gland"": 187, ""nasal mucosa goblet cell"": 27, ""natural killer cell"": 91, ""non-classical monocyte"": 58, ""plasma cell"": 21, ""pulmonary neuroendocrine cell"": 2, ""respiratory tract goblet cell"": 1, ""respiratory tract multiciliated cell"": 8538, ""respiratory tract suprabasal cell"": 586, ""secretory cell"": 428, ""stromal cell"": 99}"
Homo sapiens,carotid artery segment,10x 3' v2,"{""B cell"": 1063, ""T cell"": 23062, ""dendritic cell"": 1992, ""endothelial cell"": 229, ""fibroblast"": 98, ""macrophage"": 4623, ""mast cell"": 290, ""monocyte"": 3329, ""natural killer cell"": 5434, ""neutrophil"": 51, ""plasma cell"": 403, ""smooth muscle cell"": 149}"
Homo sapiens,carotid artery segment,10x 3' v3,"{""B cell"": 3506, ""T cell"": 53079, ""blood vessel smooth muscle cell"": 4551, ""dendritic cell"": 4628, ""endothelial cell"": 9789, ""endothelial cell of artery"": 2452, ""fibroblast"": 12582, ""lymphocyte"": 200, ""macrophage"": 33779, ""mast cell"": 2219, ""microcirculation associated smooth muscle cell"": 2865, ""monocyte"": 9084, ""natural killer cell"": 3559, ""neutrophil"": 2038, ""plasma cell"": 1394, ""smooth muscle cell"": 20760, ""unknown"": 101}"
Homo sapiens,caudal ganglionic eminence,10x 3' v2,"{""astrocyte"": 14, ""microglial cell"": 9, ""neural cell"": 4643, ""oligodendrocyte precursor cell"": 3, ""unknown"": 29}"
Homo sapiens,caudal ganglionic eminence,Drop-seq,"{""GABAergic neuron"": 19588, ""glial cell"": 1030, ""glutamatergic neuron"": 13615, ""neural progenitor cell"": 9254}"
Homo sapiens,caudate lobe of liver,10x 3' v2,"{""B cell"": 1958, ""CD16-negative, CD56-bright natural killer cell, human"": 75, ""CD16-positive, CD56-dim natural killer cell, human"": 55, ""CD4-positive, alpha-beta T cell"": 2499, ""CD8-positive, alpha-beta T cell"": 3440, ""Kupffer cell"": 5397, ""T cell"": 938, ""alpha-beta T cell"": 936, ""blood vessel endothelial cell"": 757, ""centrilobular region hepatocyte"": 19523, ""cholangiocyte"": 842, ""classical monocyte"": 1237, ""conventional dendritic cell"": 5, ""cycling myeloid cell"": 146, ""cycling plasma cell"": 800, ""effector memory CD8-positive, alpha-beta T cell"": 97, ""effector memory CD8-positive, alpha-beta T cell, terminally differentiated"": 34, ""endothelial cell of artery"": 119, ""endothelial cell of hepatic sinusoid"": 4031, ""endothelial cell of pericentral hepatic sinusoid"": 8148, ""endothelial cell of periportal hepatic sinusoid"": 2043, ""erythroblast"": 378, ""erythrocyte"": 58, ""erythroid lineage cell"": 693, ""fibroblast"": 86, ""gamma-delta T cell"": 549, ""hematopoietic stem cell"": 296, ""hepatic pit cell"": 2521, ""hepatic stellate cell"": 1602, ""hepatocyte"": 10695, ""inflammatory macrophage"": 2432, ""intrahepatic cholangiocyte"": 479, ""leukocyte"": 3382, ""liver dendritic cell"": 1130, ""lymphocyte"": 1450, ""macrophage"": 2455, ""mature B cell"": 1135, ""midzonal region hepatocyte"": 20531, ""monocyte"": 1756, ""mononuclear phagocyte"": 1528, ""mucosal invariant T cell"": 368, ""myeloid cell"": 1555, ""naive B cell"": 108, ""natural killer cell"": 4441, ""non-classical monocyte"": 23, ""periportal region hepatocyte"": 54795, ""plasma cell"": 821, ""plasmablast"": 301, ""platelet"": 14, ""progenitor cell"": 293, ""unknown"": 2127, ""vascular associated smooth muscle cell"": 36, ""vein endothelial cell"": 777}"
Homo sapiens,caudate lobe of liver,10x 3' v3,"{""B cell"": 462, ""CD4-positive, alpha-beta T cell"": 1570, ""Kupffer cell"": 12142, ""T cell"": 9496, ""alpha-beta T cell"": 458, ""blood vessel endothelial cell"": 1320, ""centrilobular region hepatocyte"": 56865, ""cholangiocyte"": 3732, ""classical monocyte"": 1, ""conventional dendritic cell"": 52, ""cycling myeloid cell"": 546, ""cycling plasma cell"": 114, ""effector memory CD8-positive, alpha-beta T cell"": 725, ""endothelial cell of hepatic sinusoid"": 11670, ""endothelial cell of pericentral hepatic sinusoid"": 16716, ""endothelial cell of periportal hepatic sinusoid"": 3047, ""erythrocyte"": 500, ""erythroid lineage cell"": 5, ""fibroblast"": 837, ""gamma-delta T cell"": 3781, ""hematopoietic stem cell"": 874, ""hepatic pit cell"": 1112, ""hepatic stellate cell"": 9184, ""hepatocyte"": 5883, ""inflammatory macrophage"": 1444, ""intrahepatic cholangiocyte"": 6887, ""leukocyte"": 4, ""macrophage"": 5065, ""mature B cell"": 1089, ""midzonal region hepatocyte"": 19167, ""monocyte"": 1903, ""mononuclear phagocyte"": 5538, ""mucosal invariant T cell"": 1, ""natural killer cell"": 7591, ""neutrophil"": 2267, ""periportal region hepatocyte"": 86343, ""plasma cell"": 1233, ""platelet"": 212, ""progenitor cell"": 857, ""unknown"": 9399, ""vascular associated smooth muscle cell"": 610, ""vein endothelial cell"": 252}"
Homo sapiens,caudate lobe of liver,10x 5' v1,"{""B cell"": 114, ""CD4-positive, alpha-beta T cell"": 502, ""CD8-positive, alpha-beta T cell"": 751, ""Kupffer cell"": 1773, ""T cell"": 910, ""centrilobular region hepatocyte"": 7273, ""cholangiocyte"": 26, ""classical monocyte"": 79, ""conventional dendritic cell"": 22, ""cycling myeloid cell"": 4, ""cycling plasma cell"": 6, ""endothelial cell of artery"": 126, ""endothelial cell of hepatic sinusoid"": 719, ""endothelial cell of pericentral hepatic sinusoid"": 3846, ""endothelial cell of periportal hepatic sinusoid"": 706, ""erythroblast"": 55, ""erythrocyte"": 7, ""erythroid lineage cell"": 74, ""fibroblast"": 258, ""gamma-delta T cell"": 52, ""hematopoietic stem cell"": 42, ""hepatic pit cell"": 689, ""hepatic stellate cell"": 1327, ""hepatocyte"": 3135, ""intrahepatic cholangiocyte"": 425, ""liver dendritic cell"": 311, ""lymphocyte"": 175, ""macrophage"": 1149, ""mature B cell"": 324, ""midzonal region hepatocyte"": 4615, ""monocyte"": 682, ""mononuclear phagocyte"": 254, ""myeloid cell"": 270, ""naive B cell"": 16, ""natural killer cell"": 552, ""neutrophil"": 15, ""periportal region hepatocyte"": 33912, ""plasma cell"": 122, ""plasmablast"": 11, ""plasmacytoid dendritic cell"": 324, ""unknown"": 1536, ""vascular associated smooth muscle cell"": 9, ""vein endothelial cell"": 222}"
Homo sapiens,caudate lobe of liver,10x 5' v2,"{""CD4-positive, alpha-beta T cell"": 5360, ""CD8-positive, alpha-beta T cell"": 5987, ""Kupffer cell"": 5862, ""T cell"": 5331, ""centrilobular region hepatocyte"": 1043, ""cholangiocyte"": 2158, ""conventional dendritic cell"": 342, ""cycling myeloid cell"": 888, ""cycling plasma cell"": 134, ""endothelial cell of artery"": 1172, ""endothelial cell of hepatic sinusoid"": 10924, ""endothelial cell of pericentral hepatic sinusoid"": 1864, ""endothelial cell of periportal hepatic sinusoid"": 1025, ""erythrocyte"": 1600, ""fibroblast"": 1205, ""gamma-delta T cell"": 586, ""hematopoietic stem cell"": 2400, ""hepatic pit cell"": 5507, ""hepatic stellate cell"": 718, ""hepatocyte"": 1250, ""intrahepatic cholangiocyte"": 1507, ""macrophage"": 6231, ""mast cell"": 116, ""mature B cell"": 5261, ""midzonal region hepatocyte"": 651, ""monocyte"": 6405, ""mononuclear phagocyte"": 2414, ""natural killer cell"": 8448, ""neutrophil"": 1944, ""periportal region hepatocyte"": 1208, ""plasma cell"": 919, ""plasmacytoid dendritic cell"": 122, ""platelet"": 256, ""unknown"": 5430, ""vein endothelial cell"": 702}"
Homo sapiens,caudate nucleus,10x 3' v3,"{""astrocyte"": 4939, ""direct pathway medium spiny neuron"": 3498, ""endothelial cell"": 346, ""indirect pathway medium spiny neuron"": 3740, ""inhibitory interneuron"": 899, ""medium spiny neuron"": 402, ""microglial cell"": 3384, ""mural cell"": 101, ""oligodendrocyte"": 36376, ""oligodendrocyte precursor cell"": 3886}"
Homo sapiens,caudate nucleus,10x multiome,"{""GABAergic neuron"": 544, ""astrocyte"": 3386, ""endothelial cell"": 336, ""ependymal cell"": 222, ""glutamatergic neuron"": 899, ""microglial cell"": 931, ""oligodendrocyte"": 10642, ""oligodendrocyte precursor cell"": 2291, ""pericyte"": 322, ""perivascular cell"": 1600, ""vascular leptomeningeal cell"": 99}"
Homo sapiens,caudate-putamen,10x 3' v3,"{""cell"": 20, ""erythrocyte"": 40, ""glioblast"": 10432, ""macrophage"": 16, ""neuroblast (sensu Nematoda and Protostomia)"": 8913, ""neuroblast (sensu Vertebrata)"": 27, ""neuron"": 21525, ""oligodendrocyte"": 16, ""radial glial cell"": 1107}"
Homo sapiens,cecum mucosa,10x 3' v2,"{""B cell"": 2023, ""BEST4+ enterocyte"": 1, ""CD4-positive, alpha-beta T cell"": 2239, ""CD8-positive, alpha-beta T cell"": 577, ""T cell"": 14, ""colonocyte"": 31, ""conventional dendritic cell"": 23, ""dendritic cell"": 31, ""endothelial cell"": 82, ""enterocyte"": 55, ""enteroendocrine cell"": 4, ""epithelial cell"": 27, ""fibroblast"": 560, ""glial cell"": 65, ""goblet cell"": 24, ""innate lymphoid cell"": 33, ""intestinal crypt stem cell"": 14, ""intestine goblet cell"": 36, ""leukocyte"": 242, ""lymphocyte"": 1, ""macrophage"": 628, ""mast cell"": 115, ""monocyte"": 47, ""myofibroblast cell"": 50, ""naive T cell"": 816, ""natural killer cell"": 91, ""pericyte"": 10, ""plasma cell"": 2535, ""plasmacytoid dendritic cell"": 114, ""regulatory T cell"": 441, ""stem cell"": 37, ""stromal cell"": 3, ""transit amplifying cell"": 28, ""tuft cell"": 1, ""tuft cell of small intestine"": 1, ""unknown"": 242}"
Homo sapiens,cecum mucosa,10x 3' v3,"{""B cell"": 241, ""CD4-positive, alpha-beta T cell"": 946, ""CD8-positive, alpha-beta T cell"": 457, ""T cell"": 22, ""colonocyte"": 30, ""conventional dendritic cell"": 32, ""dendritic cell"": 16, ""endothelial cell"": 57, ""enterocyte"": 39, ""enteroendocrine cell"": 1, ""epithelial cell"": 6, ""fibroblast"": 341, ""glial cell"": 30, ""goblet cell"": 18, ""innate lymphoid cell"": 54, ""intestinal crypt stem cell"": 1, ""intestine goblet cell"": 25, ""leukocyte"": 35, ""lymphocyte"": 7, ""macrophage"": 354, ""mast cell"": 277, ""monocyte"": 20, ""myofibroblast cell"": 73, ""naive T cell"": 280, ""natural killer cell"": 100, ""pericyte"": 4, ""plasma cell"": 4189, ""plasmacytoid dendritic cell"": 176, ""regulatory T cell"": 189, ""stem cell"": 5, ""transit amplifying cell"": 7, ""tuft cell"": 8, ""tuft cell of small intestine"": 8, ""unknown"": 146}"
Homo sapiens,central retina,10x 3' v1,"{""Mueller cell"": 783, ""amacrine cell"": 1589, ""microglial cell"": 22, ""retina horizontal cell"": 1043, ""retinal astrocyte"": 100, ""retinal cone cell"": 463, ""retinal ganglion cell"": 639, ""retinal progenitor cell"": 3877, ""retinal rod cell"": 1565}"
Homo sapiens,central retina,10x 3' v2,"{""Mueller cell"": 169, ""amacrine cell"": 505, ""microglial cell"": 8, ""retina horizontal cell"": 343, ""retinal astrocyte"": 4, ""retinal cone cell"": 94, ""retinal ganglion cell"": 19, ""retinal progenitor cell"": 541, ""retinal rod cell"": 396}"
Homo sapiens,cerebellar cortex,10x 3' v2,"{""Bergmann glial cell"": 51, ""central nervous system macrophage"": 6, ""cerebellar granule cell"": 8669, ""cerebellar granule cell precursor"": 93, ""erythroid lineage cell"": 4, ""immature astrocyte"": 19, ""interneuron"": 239, ""leukocyte"": 5, ""macroglial cell"": 18, ""meningeal macrophage"": 12, ""microglial cell"": 40, ""neuroblast (sensu Vertebrata)"": 1, ""oligodendrocyte"": 283, ""oligodendrocyte precursor cell"": 98, ""unipolar brush cell"": 13, ""unknown"": 98}"
Homo sapiens,cerebellar peduncular complex,10x 3' v2,"{""cell"": 180, ""erythrocyte"": 180, ""glioblast"": 3952, ""macrophage"": 219, ""neuroblast (sensu Nematoda and Protostomia)"": 690, ""neuroblast (sensu Vertebrata)"": 3708, ""neuron"": 20733, ""oligodendrocyte"": 12, ""radial glial cell"": 8694}"
Homo sapiens,cerebellar peduncular complex,10x 3' v3,"{""cell"": 1058, ""erythrocyte"": 456, ""fibroblast"": 360, ""glioblast"": 9508, ""macrophage"": 1188, ""neural crest cell"": 3, ""neuroblast (sensu Vertebrata)"": 39, ""neuron"": 159, ""oligodendrocyte"": 1888, ""radial glial cell"": 594}"
Homo sapiens,cerebellum,10x 3' v2,"{""Bergmann glial cell"": 325, ""GABAergic neuron"": 2603, ""Purkinje cell"": 33492, ""T cell"": 2, ""brain vascular cell"": 27, ""cell"": 295, ""central nervous system macrophage"": 15, ""cerebellar granule cell"": 14263, ""cerebellar granule cell precursor"": 984, ""erythrocyte"": 453, ""erythroid lineage cell"": 19, ""fibroblast"": 119, ""glioblast"": 7919, ""glutamatergic neuron"": 1969, ""immature astrocyte"": 27, ""interneuron"": 3026, ""leukocyte"": 34, ""macroglial cell"": 6943, ""macrophage"": 485, ""meningeal macrophage"": 40, ""microglial cell"": 279, ""neural crest cell"": 152, ""neuroblast (sensu Nematoda and Protostomia)"": 13204, ""neuroblast (sensu Vertebrata)"": 50956, ""neuron"": 56928, ""neuroplacodal cell"": 388, ""noradrenergic cell"": 16, ""oligodendrocyte"": 133, ""oligodendrocyte precursor cell"": 289, ""progenitor cell"": 70, ""radial glial cell"": 37208, ""unipolar brush cell"": 3079, ""unknown"": 3585}"
Homo sapiens,cerebellum,10x 3' v3,"{""Bergmann glial cell"": 25283, ""GABAergic neuron"": 1225, ""Purkinje cell"": 10614, ""T cell"": 16903, ""astrocyte"": 20220, ""brain vascular cell"": 40, ""cell"": 745, ""central nervous system macrophage"": 14946, ""cerebellar granule cell"": 25354, ""cerebellar granule cell precursor"": 1637, ""cerebellar neuron"": 2418, ""choroid plexus epithelial cell"": 5498, ""committed oligodendrocyte precursor"": 53, ""endothelial cell"": 1563, ""ependymal cell"": 54, ""epithelial cell"": 674, ""erythrocyte"": 1245, ""erythroid lineage cell"": 13, ""fibroblast"": 2029, ""glioblast"": 28345, ""glutamatergic neuron"": 770, ""immature astrocyte"": 309, ""interneuron"": 3926, ""leukocyte"": 963, ""macroglial cell"": 11926, ""macrophage"": 7182, ""meningeal macrophage"": 151, ""microglial cell"": 168, ""neural crest cell"": 73, ""neural progenitor cell"": 11250, ""neuroblast (sensu Nematoda and Protostomia)"": 17231, ""neuroblast (sensu Vertebrata)"": 88665, ""neuron"": 419568, ""neuroplacodal cell"": 185, ""noradrenergic cell"": 122, ""oligodendrocyte"": 68451, ""oligodendrocyte precursor cell"": 22200, ""pericyte"": 804, ""progenitor cell"": 30, ""radial glial cell"": 31300, ""unipolar brush cell"": 755, ""unknown"": 5150, ""vascular associated smooth muscle cell"": 72}"
Homo sapiens,cerebellum,10x multiome,"{""GABAergic neuron"": 1920, ""Purkinje cell"": 27358, ""committed oligodendrocyte precursor"": 2, ""endothelial cell"": 1394, ""glioblast"": 22488, ""glutamatergic neuron"": 6342, ""glycinergic neuron"": 124, ""immature T cell"": 12, ""interneuron"": 38, ""leukocyte"": 252, ""microglial cell"": 2824, ""neural progenitor cell"": 1256, ""neuroblast (sensu Nematoda and Protostomia)"": 1368, ""neuroblast (sensu Vertebrata)"": 8, ""oligodendrocyte"": 52, ""oligodendrocyte precursor cell"": 296, ""pericyte"": 1688, ""perivascular macrophage"": 58, ""progenitor cell"": 2074, ""radial glial cell"": 3080, ""serotonergic neuron"": 2, ""unknown"": 596, ""vascular associated smooth muscle cell"": 78, ""vascular leptomeningeal cell"": 16}"
Homo sapiens,cerebellum,SPLiT-seq,"{""Bergmann glial cell"": 2957, ""GABAergic interneuron"": 1202, ""Purkinje cell"": 25724, ""astrocyte"": 1225, ""brainstem motor neuron"": 2849, ""cerebellar granule cell precursor"": 2677, ""choroid plexus epithelial cell"": 1544, ""endothelial cell"": 990, ""ependymal cell"": 4408, ""glial cell"": 4721, ""granule cell"": 6727, ""inhibitory interneuron"": 4141, ""interneuron"": 7588, ""meningeal macrophage"": 379, ""microglial cell"": 867, ""oligodendrocyte precursor cell"": 986, ""pericyte"": 189}"
Homo sapiens,cerebellum,microwell-seq,"{""B cell"": 12, ""T cell"": 33, ""astrocyte"": 2655, ""dendritic cell"": 10, ""endocrine cell"": 4, ""endothelial cell"": 126, ""enterocyte"": 1, ""epithelial cell"": 1, ""fibroblast"": 2, ""goblet cell"": 1, ""macrophage"": 1528, ""monocyte"": 145, ""neuron"": 34, ""neutrophil"": 123, ""oligodendrocyte"": 2541, ""plasma cell"": 27, ""professional antigen presenting cell"": 15, ""smooth muscle cell"": 60, ""stromal cell"": 6}"
Homo sapiens,cerebellum,sci-RNA-seq3,"{""Purkinje cell"": 370751, ""astrocyte"": 361309, ""endothelial cell of vascular tree"": 9247, ""glial cell"": 45175, ""granule cell"": 113617, ""inhibitory interneuron"": 161616, ""macroglial cell"": 28814, ""microglial cell"": 5519, ""neuron"": 24525, ""neuron associated cell (sensu Vertebrata)"": 79325, ""oligodendrocyte"": 20080, ""stellate neuron"": 75294, ""unipolar brush cell"": 65674}"
Homo sapiens,cerebellum vermis lobule,10x 3' v3,"{""Bergmann glial cell"": 167, ""T cell"": 2, ""brain vascular cell"": 1, ""cerebellar granule cell"": 6214, ""committed oligodendrocyte precursor"": 122, ""interneuron"": 399, ""leukocyte"": 2, ""macroglial cell"": 225, ""meningeal macrophage"": 4, ""microglial cell"": 45, ""oligodendrocyte"": 786, ""unknown"": 66}"
Homo sapiens,cerebral cortex,10x 3' v2,"{""L6b glutamatergic cortical neuron"": 9946, ""astrocyte"": 5133, ""cerebral cortex pyramidal neuron"": 20686, ""endothelial cell"": 4016, ""glutamatergic neuron"": 60964, ""interneuron"": 48, ""mature astrocyte"": 518, ""microglial cell"": 200, ""neural cell"": 40237, ""neural progenitor cell"": 2242, ""oligodendrocyte precursor cell"": 186, ""radial glial cell"": 96233, ""sst GABAergic cortical interneuron"": 130, ""unknown"": 63076}"
Homo sapiens,cerebral cortex,10x 3' v3,"{""astrocyte"": 121596, ""central nervous system macrophage"": 40932, ""choroid plexus epithelial cell"": 9, ""endothelial cell"": 3552, ""ependymal cell"": 3, ""fibroblast"": 3513, ""glial cell"": 1474, ""glioblast"": 1098, ""glutamatergic neuron"": 6818, ""interneuron"": 3408, ""leukocyte"": 1209, ""medium spiny neuron"": 24, ""midbrain dopaminergic neuron"": 168, ""neuroblast (sensu Vertebrata)"": 3184, ""neuron"": 3468146, ""oligodendrocyte"": 198528, ""oligodendrocyte precursor cell"": 76662, ""pericyte"": 1416, ""radial glial cell"": 98, ""unknown"": 94303, ""vascular associated smooth muscle cell"": 411}"
Homo sapiens,cerebral cortex,10x multiome,"{""astrocyte"": 814, ""microglial cell"": 51, ""neural cell"": 7869, ""oligodendrocyte"": 17, ""oligodendrocyte precursor cell"": 172, ""unknown"": 58}"
Homo sapiens,cerebral cortex,BD Rhapsody Whole Transcriptome Analysis,"{""unknown"": 37140}"
Homo sapiens,cerebral cortex,Drop-seq,"{""astrocyte"": 60650, ""caudal ganglionic eminence derived cortical interneuron"": 28864, ""cerebral cortex neuron"": 141390, ""glial cell"": 47064, ""medial ganglionic eminence derived GABAergic cortical interneuron"": 12808, ""neural progenitor cell"": 34034, ""neuroblast (sensu Vertebrata)"": 15654, ""neuron"": 26720, ""oligodendrocyte precursor cell"": 4062, ""radial glial cell"": 32934}"
Homo sapiens,cerebral cortex,SPLiT-seq,"{""astrocyte"": 1376, ""cerebral cortex pyramidal neuron"": 8234, ""neuroblast (sensu Vertebrata)"": 906, ""radial glial cell"": 2246}"
Homo sapiens,cerebral cortex,Smart-seq2,"{""astrocyte"": 88, ""cerebral cortex neuron"": 406, ""immature astrocyte"": 794, ""mature astrocyte"": 152, ""myeloid cell"": 1847, ""neoplastic cell"": 1091, ""neuron"": 21, ""oligodendrocyte"": 85, ""oligodendrocyte precursor cell"": 406, ""unknown"": 562, ""vascular lymphangioblast"": 51}"
Homo sapiens,cerebral nuclei,10x 3' v3,"{""Bergmann glial cell"": 6, ""astrocyte"": 88122, ""central nervous system macrophage"": 71574, ""choroid plexus epithelial cell"": 18348, ""endothelial cell"": 1605, ""ependymal cell"": 4416, ""fibroblast"": 4566, ""leukocyte"": 1917, ""neuron"": 1115232, ""oligodendrocyte"": 217419, ""oligodendrocyte precursor cell"": 44910, ""pericyte"": 1380, ""vascular associated smooth muscle cell"": 432}"
Homo sapiens,cerebral subcortex,10x 3' v3,"{""cell"": 653, ""erythrocyte"": 2242, ""fibroblast"": 34, ""glioblast"": 24945, ""macrophage"": 440, ""neural crest cell"": 52, ""neuroblast (sensu Nematoda and Protostomia)"": 8880, ""neuroblast (sensu Vertebrata)"": 2658, ""neuron"": 22358, ""oligodendrocyte"": 630, ""radial glial cell"": 2608}"
Homo sapiens,cerebrospinal fluid,10x 5' v2,"{""B cell"": 8035, ""CD4-positive, alpha-beta T cell"": 30112, ""CD8-positive, alpha-beta T cell"": 15898, ""dendritic cell, human"": 5247, ""macrophage"": 4893, ""monocyte"": 4683, ""natural killer cell"": 3347, ""stromal cell"": 480}"
Homo sapiens,cervical lymph node,10x 3' v2,"{""endothelial cell of lymphatic vessel"": 4355}"
Homo sapiens,cervical lymph node,10x 3' v3,"{""B cell"": 568, ""T cell"": 247, ""cortical cell of adrenal gland"": 2, ""dendritic cell"": 17, ""endothelial cell"": 99, ""fibroblast"": 221, ""kidney cell"": 12, ""macrophage"": 330, ""neuroblast (sensu Vertebrata)"": 18551}"
Homo sapiens,cervical lymph node,10x gene expression flex,"{""CD4-positive, alpha-beta memory T cell"": 855, ""activated CD8-positive, alpha-beta T cell"": 1464, ""basal cell of epithelium of lobular bronchiole"": 2, ""capillary endothelial cell"": 96, ""conventional dendritic cell"": 200, ""macrophage"": 828, ""malignant cell"": 8641, ""mucous cell of stomach"": 1, ""muscle fibroblast"": 1050, ""natural killer cell"": 319, ""pericyte"": 35, ""plasma cell"": 27, ""plasmacytoid dendritic cell"": 237, ""plasmacytoid dendritic cell, human"": 611, ""salivary gland glandular cell"": 9}"
Homo sapiens,cervical spinal cord white matter,10x 3' v3,"{""GABAergic neuron"": 3580, ""astrocyte"": 3907, ""capillary endothelial cell"": 1830, ""central nervous system macrophage"": 202, ""cerebellar granule cell"": 472, ""committed oligodendrocyte precursor"": 150, ""endothelial cell of artery"": 660, ""ependymal cell"": 109, ""glutamatergic neuron"": 1152, ""leukocyte"": 323, ""microglial cell"": 3728, ""mural cell"": 1758, ""neuron"": 108, ""oligodendrocyte"": 18322, ""oligodendrocyte precursor cell"": 2442, ""vascular associated smooth muscle cell"": 234}"
Homo sapiens,chest,10x 3' v3,"{""B cell"": 29, ""Schwann cell"": 81, ""T cell"": 211, ""cortical cell of adrenal gland"": 5, ""dendritic cell"": 17, ""endothelial cell"": 236, ""fibroblast"": 1243, ""kidney cell"": 2, ""macrophage"": 3627, ""neuroblast (sensu Vertebrata)"": 21856}"
Homo sapiens,chest wall,10x 3' v3,"{""T cell"": 1725, ""blood vessel endothelial cell"": 2360, ""blood vessel smooth muscle cell"": 257, ""cell of skeletal muscle"": 3418, ""chondrocyte"": 1, ""fibroblast"": 3867, ""macrophage"": 4633, ""malignant cell"": 15279, ""mature NK T cell"": 1}"
Homo sapiens,chorionic villus,microwell-seq,"{""T cell"": 6, ""alternatively activated macrophage"": 2, ""cord blood hematopoietic stem cell"": 2, ""endothelial cell"": 10, ""epithelial cell"": 4523, ""erythroid lineage cell"": 9, ""erythroid progenitor cell"": 3, ""fibroblast"": 9, ""kidney loop of Henle epithelial cell"": 1, ""macrophage"": 4679, ""mesenchymal stem cell"": 3, ""monocyte"": 5, ""neutrophil"": 12, ""plasma cell"": 1, ""primordial germ cell"": 1, ""professional antigen presenting cell"": 1, ""smooth muscle cell"": 2, ""stratified epithelial cell"": 3, ""stromal cell"": 626}"
Homo sapiens,chorioretinal region,10x 3' v2,"{""Mueller cell"": 25, ""microglial cell"": 55, ""retinal pigment epithelial cell"": 23}"
Homo sapiens,chorioretinal region,10x 3' v3,"{""B cell"": 16356, ""GABAergic amacrine cell"": 608, ""H1 horizontal cell"": 40, ""H2 horizontal cell"": 57, ""Mueller cell"": 3254, ""OFFx cell"": 63, ""ON-blue cone bipolar cell"": 11, ""S cone cell"": 35, ""Schwann cell"": 204, ""T cell"": 36066, ""amacrine cell"": 120, ""astrocyte"": 100, ""blood vessel smooth muscle cell"": 16150, ""classical monocyte"": 2095, ""cytotoxic T cell"": 18445, ""dendritic cell"": 986, ""diffuse bipolar 1 cell"": 165, ""diffuse bipolar 2 cell"": 203, ""diffuse bipolar 3a cell"": 106, ""diffuse bipolar 3b cell"": 107, ""diffuse bipolar 4 cell"": 60, ""diffuse bipolar 6 cell"": 120, ""endothelial cell of arteriole"": 48351, ""endothelial cell of artery"": 37737, ""endothelial cell of venule"": 121269, ""fenestrated endothelial cell"": 100262, ""fibroblast"": 639917, ""flat midget bipolar cell"": 481, ""giant bipolar cell"": 150, ""glycinergic amacrine cell"": 537, ""helper T cell"": 8748, ""innate lymphoid cell"": 110, ""invaginating midget bipolar cell"": 195, ""macrophage"": 105640, ""mast cell"": 3656, ""megakaryocyte"": 62, ""melanocyte"": 176369, ""microglial cell"": 2027, ""monocyte"": 13531, ""myelinating Schwann cell"": 2830, ""natural killer cell"": 17324, ""non-classical monocyte"": 4746, ""non-myelinating Schwann cell"": 46722, ""pericyte"": 47143, ""plasma cell"": 5903, ""plasmacytoid dendritic cell"": 40, ""platelet"": 140, ""retinal bipolar neuron"": 1967, ""retinal cone cell"": 472, ""retinal pigment epithelial cell"": 367032, ""retinal rod cell"": 11846, ""rod bipolar cell"": 2618, ""smooth muscle cell"": 3564, ""starburst amacrine cell"": 43, ""vascular associated smooth muscle cell"": 20018, ""vein endothelial cell"": 34416}"
Homo sapiens,chorioretinal region,10x 5' v2,"{""B cell"": 153, ""Schwann cell"": 1, ""T cell"": 136, ""blood vessel smooth muscle cell"": 58, ""cytotoxic T cell"": 12, ""dendritic cell"": 35, ""endothelial cell of arteriole"": 79, ""endothelial cell of artery"": 116, ""endothelial cell of venule"": 108, ""fenestrated endothelial cell"": 194, ""fibroblast"": 18313, ""helper T cell"": 1, ""macrophage"": 664, ""mast cell"": 50, ""melanocyte"": 1807, ""monocyte"": 117, ""myelinating Schwann cell"": 83, ""natural killer cell"": 198, ""non-classical monocyte"": 2, ""non-myelinating Schwann cell"": 352, ""pericyte"": 735, ""plasma cell"": 4, ""retinal pigment epithelial cell"": 3974, ""smooth muscle cell"": 32, ""vascular associated smooth muscle cell"": 12, ""vein endothelial cell"": 24}"
Homo sapiens,chorioretinal region,Smart-seq2,"{""CD4-positive, alpha-beta T cell"": 39, ""CD8-positive, alpha-beta T cell"": 3, ""Schwann cell"": 12, ""T cell"": 21, ""adipocyte"": 9, ""conjunctival epithelial cell"": 15, ""corneal epithelial cell"": 12, ""endothelial cell"": 24, ""fibroblast"": 15, ""keratocyte"": 3, ""microglial cell"": 6, ""myeloid dendritic cell"": 3, ""retinal blood vessel endothelial cell"": 96, ""stromal cell"": 3}"
Homo sapiens,choroid plexus,10x 3' v3,"{""cerebral cortex endothelial cell"": 145, ""choroid plexus epithelial cell"": 46110, ""ependymal cell"": 608, ""fibroblast of choroid plexus"": 3484, ""glial cell"": 318, ""macrophage"": 709, ""mesenchymal cell"": 3208, ""neural cell"": 906, ""neural progenitor cell"": 1212, ""neuron"": 1546}"
Homo sapiens,choroid plexus epithelium,10x 3' v3,"{""erythrocyte"": 2, ""macrophage"": 30, ""neuroblast (sensu Nematoda and Protostomia)"": 558, ""neuroblast (sensu Vertebrata)"": 2211, ""neuron"": 18, ""radial glial cell"": 17868}"
Homo sapiens,ciliary body,10x 3' v3,"{""B cell"": 3609, ""Schwann cell"": 101258, ""blood vessel endothelial cell"": 39808, ""ciliary muscle cell"": 148846, ""endothelial cell"": 239, ""fibroblast"": 170876, ""lymphocyte"": 26018, ""macrophage"": 56424, ""mast cell"": 2274, ""melanocyte"": 67627, ""myelinating Schwann cell"": 4888, ""non-pigmented ciliary epithelial cell"": 172193, ""pericyte"": 12727, ""pigmented ciliary epithelial cell"": 281715, ""trabecular meshwork cell"": 16035}"
Homo sapiens,ciliary body,10x 5' v2,"{""B cell"": 44, ""Schwann cell"": 599, ""blood vessel endothelial cell"": 321, ""ciliary muscle cell"": 563, ""fibroblast"": 3538, ""lymphocyte"": 189, ""macrophage"": 455, ""mast cell"": 81, ""melanocyte"": 546, ""myelinating Schwann cell"": 29, ""non-pigmented ciliary epithelial cell"": 274, ""pericyte"": 347, ""pigmented ciliary epithelial cell"": 261}"
Homo sapiens,cingulate cortex,10x 3' v2,"{""astrocyte"": 7885, ""microglial cell"": 1886, ""neural cell"": 53257, ""oligodendrocyte"": 5315, ""oligodendrocyte precursor cell"": 4207, ""unknown"": 3257}"
Homo sapiens,colon,10x 3' v2,"{""B cell"": 801, ""BEST4+ enterocyte"": 2045, ""CD16-negative, CD56-bright natural killer cell, human"": 1140, ""CD16-positive, CD56-dim natural killer cell, human"": 371, ""CD34-positive, CD56-positive, CD117-positive common innate lymphoid precursor, human"": 13, ""CD4-positive, alpha-beta T cell"": 2402, ""CD4-positive, alpha-beta memory T cell"": 5969, ""CD8-positive, alpha-beta T cell"": 1259, ""CD8-positive, alpha-beta memory T cell"": 4023, ""IgA plasma cell"": 24751, ""IgG plasma cell"": 14052, ""IgM plasma cell"": 1478, ""Langerhans cell"": 122, ""M cell of gut"": 20, ""NKp44-negative group 3 innate lymphoid cell, human"": 8, ""NKp44-positive group 3 innate lymphoid cell, human"": 5, ""T cell"": 27, ""T follicular helper cell"": 4236, ""T-helper 17 cell"": 3293, ""TREM2-positive macrophage"": 1696, ""activated CD8-positive, alpha-beta T cell"": 27, ""afferent neuron"": 1080, ""angiogenic pericyte"": 2160, ""basal cell"": 3, ""capillary endothelial cell"": 4866, ""colon epithelial cell"": 3954, ""colonocyte"": 24351, ""common lymphoid progenitor"": 17, ""conventional dendritic cell"": 2657, ""cycling T cell"": 862, ""dendritic cell"": 34, ""dendritic cell, human"": 542, ""effector memory CD8-positive, alpha-beta T cell"": 4563, ""endothelial cell"": 2530, ""endothelial cell of artery"": 2448, ""endothelial cell of lymphatic vessel"": 675, ""enteric neuron"": 4087, ""enteric smooth muscle cell"": 6530, ""enterocyte"": 17730, ""enteroendocrine cell"": 925, ""enteroglial cell"": 8449, ""eosinophil"": 20, ""epithelial cell"": 7838, ""epithelial cell of lung"": 5, ""erythroblast"": 211, ""erythrocyte"": 148, ""fibroblast"": 49354, ""fibroblast of gingiva"": 2960, ""fibroblastic reticular cell"": 934, ""follicular dendritic cell"": 16, ""gamma-delta T cell"": 4930, ""gastrointestinal tract (lamina propria) macrophage"": 30002, ""germ cell"": 14, ""germinal center B cell"": 5018, ""glial cell"": 1494, ""goblet cell"": 4221, ""group 2 innate lymphoid cell"": 1, ""group 3 innate lymphoid cell"": 603, ""hematopoietic cell"": 263, ""immature B cell"": 41, ""immature neutrophil"": 5, ""immature pericyte"": 1492, ""inflammatory macrophage"": 1, ""inhibitory motor neuron"": 891, ""innate lymphoid cell"": 114, ""interneuron"": 624, ""interstitial cell of Cajal"": 45, ""intestinal crypt stem cell"": 2943, ""intestinal epithelial cell"": 2060, ""intestine goblet cell"": 13582, ""leukocyte"": 205, ""lymphocyte"": 284, ""macrophage"": 10030, ""mast cell"": 3298, ""mature NK T cell"": 78, ""mature neutrophil"": 5, ""megakaryocyte"": 8, ""memory B cell"": 9615, ""memory T cell"": 9, ""mesenchymal cell"": 7661, ""mesenchymal lymphangioblast"": 63, ""mesodermal cell"": 106393, ""mesothelial cell"": 3269, ""migratory enteric neural crest cell"": 849, ""monocyte"": 3094, ""motor neuron"": 1677, ""mucosal invariant T cell"": 413, ""myeloid leukocyte"": 753, ""myofibroblast cell"": 8975, ""naive B cell"": 18429, ""naive T cell"": 722, ""naive thymus-derived CD4-positive, alpha-beta T cell"": 4489, ""naive thymus-derived CD8-positive, alpha-beta T cell"": 1464, ""natural T-regulatory cell"": 6, ""natural killer cell"": 312, ""neural crest cell"": 1316, ""neuroblast (sensu Vertebrata)"": 2686, ""neutrophil"": 26, ""neutrophil progenitor cell"": 60, ""oligodendrocyte precursor cell"": 852, ""paneth cell"": 167, ""pericyte"": 5620, ""peripheral nervous system neuron"": 447, ""plasma cell"": 7357, ""plasmablast"": 1794, ""plasmacytoid dendritic cell"": 413, ""plasmacytoid dendritic cell, human"": 181, ""precursor B cell"": 143, ""primary sensory neuron (sensu Teleostei)"": 210, ""pro-B cell"": 250, ""progenitor cell"": 14766, ""progenitor cell of endocrine pancreas"": 9, ""regulatory T cell"": 6092, ""smooth muscle cell"": 18324, ""stem cell"": 11189, ""stromal cell"": 4892, ""transit amplifying cell"": 7099, ""tuft cell"": 131, ""tuft cell of small intestine"": 196, ""type D enteroendocrine cell"": 1, ""type EC enteroendocrine cell"": 279, ""type I enteroendocrine cell"": 1, ""type L enteroendocrine cell"": 5, ""unknown"": 585, ""vascular associated smooth muscle cell"": 2852, ""vein endothelial cell"": 6725}"
Homo sapiens,colon,10x 3' v3,"{""B cell"": 40, ""CD16-negative, CD56-bright natural killer cell, human"": 18, ""CD16-positive, CD56-dim natural killer cell, human"": 33, ""CD4-positive, alpha-beta memory T cell"": 234, ""CD8-positive, alpha-beta memory T cell"": 60, ""IgA plasma cell"": 2859, ""IgG plasma cell"": 1437, ""IgM plasma cell"": 57, ""M cell of gut"": 2, ""Schwann cell"": 45, ""T follicular helper cell"": 765, ""T-helper 17 cell"": 132, ""TREM2-positive macrophage"": 16, ""basal cell"": 35, ""capillary endothelial cell"": 180, ""colon epithelial cell"": 8923, ""conventional dendritic cell"": 36, ""cycling T cell"": 54, ""dendritic cell"": 73, ""effector memory CD8-positive, alpha-beta T cell"": 795, ""endothelial cell"": 3, ""endothelial cell of artery"": 126, ""enteric smooth muscle cell"": 4554, ""enterocyte"": 5116, ""enteroendocrine cell"": 673, ""epithelial cell"": 29, ""epithelial cell of stomach"": 1, ""erythroid lineage cell"": 34, ""fibroblast"": 34348, ""fibroblast of gingiva"": 78, ""fibroblastic reticular cell"": 42, ""gamma-delta T cell"": 15, ""gastrointestinal tract (lamina propria) macrophage"": 183, ""germinal center B cell"": 663, ""glial cell"": 1651, ""goblet cell"": 920, ""group 3 innate lymphoid cell"": 128, ""gut absorptive cell"": 1919, ""gut endothelial cell"": 5441, ""inhibitory motor neuron"": 237, ""interneuron"": 176, ""interstitial cell of Cajal"": 389, ""intestinal crypt stem cell of large intestine"": 1294, ""intestinal crypt stem cell of small intestine"": 27, ""intestinal epithelial cell"": 14845, ""intestinal tuft cell"": 6, ""intestine goblet cell"": 247, ""leukocyte"": 1065, ""macrophage"": 442, ""mast cell"": 121, ""memory B cell"": 1140, ""mesodermal cell"": 576, ""mesothelial cell"": 2968, ""monocyte"": 356, ""motor neuron"": 235, ""mucosal invariant T cell"": 9, ""myofibroblast cell"": 3936, ""naive B cell"": 2595, ""naive T cell"": 141, ""naive thymus-derived CD4-positive, alpha-beta T cell"": 267, ""naive thymus-derived CD8-positive, alpha-beta T cell"": 27, ""natural killer cell"": 20, ""neural cell"": 4261, ""neuroendocrine cell"": 82, ""neuron"": 3073, ""pancreatic epsilon cell"": 1, ""pericyte"": 6246, ""plasmablast"": 18, ""plasmacytoid dendritic cell"": 17, ""plasmacytoid dendritic cell, human"": 88, ""precursor B cell"": 39, ""progenitor cell"": 399, ""pulmonary alveolar type 1 cell"": 1, ""regulatory T cell"": 819, ""secretory cell"": 162, ""smooth muscle cell of large intestine"": 1174, ""smooth muscle cell of small intestine"": 13, ""stem cell"": 53083, ""stromal cell"": 74, ""transit amplifying cell of colon"": 1034, ""transit amplifying cell of small intestine"": 90, ""type B pancreatic cell"": 1, ""vascular associated smooth muscle cell"": 3, ""vein endothelial cell"": 111}"
Homo sapiens,colon,10x 5' v1,"{""BEST4+ enterocyte"": 383, ""CD16-negative, CD56-bright natural killer cell, human"": 2003, ""CD16-positive, CD56-dim natural killer cell, human"": 618, ""CD4-positive, alpha-beta memory T cell"": 3798, ""CD8-positive, alpha-beta memory T cell"": 5841, ""IgA plasma cell"": 10891, ""IgG plasma cell"": 1258, ""IgM plasma cell"": 529, ""Langerhans cell"": 49, ""T follicular helper cell"": 10575, ""T-helper 17 cell"": 2400, ""TREM2-positive macrophage"": 60, ""capillary endothelial cell"": 31, ""colon epithelial cell"": 5533, ""colonocyte"": 2353, ""conventional dendritic cell"": 1284, ""cycling T cell"": 178, ""dendritic cell, human"": 46, ""effector memory CD8-positive, alpha-beta T cell"": 5192, ""endothelial cell of artery"": 6, ""endothelial cell of lymphatic vessel"": 12, ""enterocyte"": 37, ""enteroendocrine cell"": 24, ""eosinophil"": 20, ""epithelial cell"": 1, ""erythrocyte"": 5, ""fibroblast"": 346, ""fibroblast of gingiva"": 9, ""fibroblastic reticular cell"": 15, ""follicular dendritic cell"": 8, ""gamma-delta T cell"": 16896, ""gastrointestinal tract (lamina propria) macrophage"": 996, ""germinal center B cell"": 19823, ""goblet cell"": 33, ""group 3 innate lymphoid cell"": 3231, ""intestinal crypt stem cell"": 70, ""intestine goblet cell"": 452, ""macrophage"": 552, ""mast cell"": 1944, ""memory B cell"": 21598, ""monocyte"": 922, ""mucosal invariant T cell"": 814, ""myofibroblast cell"": 73, ""naive B cell"": 45496, ""naive thymus-derived CD4-positive, alpha-beta T cell"": 7991, ""naive thymus-derived CD8-positive, alpha-beta T cell"": 2849, ""paneth cell"": 6, ""pericyte"": 36, ""plasmablast"": 479, ""plasmacytoid dendritic cell, human"": 96, ""precursor B cell"": 56, ""pro-B cell"": 16, ""regulatory T cell"": 4957, ""stem cell"": 11486, ""transit amplifying cell"": 470, ""tuft cell of small intestine"": 1037, ""vascular associated smooth muscle cell"": 10, ""vein endothelial cell"": 27}"
Homo sapiens,colon,10x 5' v2,"{""BEST4+ enterocyte"": 404, ""CD16-negative, CD56-bright natural killer cell, human"": 32, ""CD16-positive, CD56-dim natural killer cell, human"": 8, ""CD34-positive, CD56-positive, CD117-positive common innate lymphoid precursor, human"": 11, ""CD4-positive, alpha-beta T cell"": 11, ""CD4-positive, alpha-beta memory T cell"": 20, ""CD8-positive, alpha-beta T cell"": 14, ""IgM plasma cell"": 4, ""Langerhans cell"": 5, ""M cell of gut"": 293, ""NKp44-negative group 3 innate lymphoid cell, human"": 14, ""NKp44-positive group 3 innate lymphoid cell, human"": 17, ""T cell"": 29, ""T follicular helper cell"": 8, ""T-helper 17 cell"": 24, ""TREM2-positive macrophage"": 130, ""afferent neuron"": 468, ""angiogenic pericyte"": 124, ""capillary endothelial cell"": 754, ""colon epithelial cell"": 10095, ""colonocyte"": 4084, ""common lymphoid progenitor"": 3, ""conventional dendritic cell"": 266, ""cycling T cell"": 12, ""dendritic cell, human"": 5, ""effector memory CD8-positive, alpha-beta T cell"": 12, ""endothelial cell"": 64, ""endothelial cell of artery"": 274, ""endothelial cell of lymphatic vessel"": 206, ""enteric neuron"": 944, ""enteric smooth muscle cell"": 1525, ""enteroendocrine cell"": 472, ""enteroglial cell"": 2608, ""eosinophil"": 20, ""epithelial cell"": 1114, ""erythrocyte"": 41, ""fibroblast"": 10020, ""fibroblastic reticular cell"": 48, ""gamma-delta T cell"": 7, ""gastrointestinal tract (lamina propria) macrophage"": 3840, ""glial cell"": 753, ""goblet cell"": 50, ""group 2 innate lymphoid cell"": 1, ""group 3 innate lymphoid cell"": 84, ""immature B cell"": 27, ""immature pericyte"": 572, ""inhibitory motor neuron"": 581, ""interneuron"": 168, ""interstitial cell of Cajal"": 71, ""intestinal crypt stem cell"": 1676, ""intestinal tuft cell"": 5, ""intestine goblet cell"": 1527, ""macrophage"": 882, ""mast cell"": 11, ""mature NK T cell"": 1, ""megakaryocyte"": 3, ""memory B cell"": 40, ""mesenchymal cell"": 12, ""mesenchymal lymphangioblast"": 3, ""mesodermal cell"": 21245, ""mesothelial cell"": 682, ""migratory enteric neural crest cell"": 119, ""monocyte"": 79, ""motor neuron"": 804, ""mucosal invariant T cell"": 4, ""myofibroblast cell"": 1419, ""naive B cell"": 48, ""naive thymus-derived CD4-positive, alpha-beta T cell"": 32, ""naive thymus-derived CD8-positive, alpha-beta T cell"": 16, ""natural killer cell"": 14, ""neuroblast (sensu Vertebrata)"": 531, ""neutrophil"": 5, ""neutrophil progenitor cell"": 10, ""oligodendrocyte precursor cell"": 198, ""pericyte"": 1339, ""plasmacytoid dendritic cell"": 4, ""plasmacytoid dendritic cell, human"": 10, ""precursor B cell"": 10, ""primary sensory neuron (sensu Teleostei)"": 123, ""pro-B cell"": 14, ""progenitor cell"": 1130, ""progenitor cell of endocrine pancreas"": 8, ""regulatory T cell"": 30, ""smooth muscle cell"": 5096, ""stem cell"": 8664, ""stromal cell"": 4109, ""transit amplifying cell"": 157, ""type D enteroendocrine cell"": 12, ""type EC enteroendocrine cell"": 207, ""type L enteroendocrine cell"": 29, ""type N enteroendocrine cell"": 2, ""vascular associated smooth muscle cell"": 520, ""vein endothelial cell"": 753}"
Homo sapiens,colon,SORT-seq,"{""colon epithelial cell"": 419, ""enterocyte"": 1, ""enteroendocrine cell"": 825, ""goblet cell"": 68, ""stem cell"": 3}"
Homo sapiens,colonic epithelium,10x 3' v1,"{""B cell"": 382, ""BEST4+ enterocyte"": 1245, ""CD4-positive, alpha-beta T cell"": 375, ""CD4-positive, alpha-beta memory T cell"": 67, ""CD8-alpha-beta-positive, alpha-beta intraepithelial T cell"": 867, ""CD8-positive, alpha-beta T cell"": 550, ""CD8-positive, alpha-beta thymocyte"": 49, ""M cell of gut"": 13, ""T cell"": 27, ""T follicular helper cell"": 1, ""T-helper 1 cell"": 9, ""T-helper 17 cell"": 1015, ""activated CD4-positive, alpha-beta T cell"": 46, ""capillary endothelial cell"": 575, ""central memory CD4-positive, alpha-beta T cell"": 892, ""colonocyte"": 10361, ""conventional dendritic cell"": 465, ""dendritic cell"": 9, ""effector memory CD4-positive, alpha-beta T cell"": 1370, ""effector memory CD8-positive, alpha-beta T cell"": 7301, ""endothelial cell of artery"": 39, ""enterocyte"": 20163, ""enterocyte of epithelium of large intestine"": 13148, ""enteroendocrine cell"": 165, ""epithelial cell"": 1888, ""fibroblast"": 5, ""follicular B cell"": 1405, ""gamma-delta T cell"": 229, ""gastrointestinal tract (lamina propria) macrophage of large intestine"": 30, ""germinal center B cell"": 49, ""glial cell"": 491, ""goblet cell"": 8346, ""innate lymphoid cell"": 75, ""intestinal crypt stem cell"": 944, ""intestinal tuft cell"": 128, ""intestine goblet cell"": 4427, ""leukocyte"": 59, ""macrophage"": 1912, ""mast cell"": 841, ""memory B cell"": 35, ""monocyte"": 247, ""myofibroblast cell"": 226, ""naive B cell"": 24, ""naive T cell"": 71, ""natural killer cell"": 490, ""pericyte"": 74, ""plasma cell"": 17035, ""plasmacytoid dendritic cell"": 24, ""regulatory T cell"": 1243, ""stem cell"": 3596, ""stromal cell"": 4915, ""transit amplifying cell"": 21649, ""transit amplifying cell of colon"": 10615, ""tuft cell"": 216, ""tuft cell of colon"": 302, ""tuft cell of small intestine"": 167, ""unknown"": 391, ""vein endothelial cell"": 273}"
Homo sapiens,colonic epithelium,10x 3' v2,"{""B cell"": 132, ""BEST4+ enterocyte"": 2573, ""CD16-negative, CD56-bright natural killer cell, human"": 186, ""CD16-positive, CD56-dim natural killer cell, human"": 124, ""CD4-positive, alpha-beta T cell"": 15, ""CD4-positive, alpha-beta memory T cell"": 1970, ""CD8-alpha-beta-positive, alpha-beta intraepithelial T cell"": 24, ""CD8-positive, alpha-beta T cell"": 22, ""CD8-positive, alpha-beta memory T cell"": 12308, ""CD8-positive, alpha-beta thymocyte"": 8, ""IgA plasma cell"": 78, ""IgG plasma cell"": 52, ""Langerhans cell"": 16, ""T follicular helper cell"": 4180, ""T-helper 1 cell"": 3, ""T-helper 17 cell"": 8868, ""TREM2-positive macrophage"": 62, ""capillary endothelial cell"": 104, ""central memory CD4-positive, alpha-beta T cell"": 1476, ""colonocyte"": 43970, ""conventional dendritic cell"": 492, ""cycling T cell"": 240, ""dendritic cell"": 2, ""dendritic cell, human"": 4, ""effector memory CD4-positive, alpha-beta T cell"": 212, ""effector memory CD8-positive, alpha-beta T cell"": 6824, ""endothelial cell of artery"": 24, ""endothelial cell of lymphatic vessel"": 4, ""enterocyte"": 1657, ""enterocyte of epithelium of large intestine"": 2727, ""enteroendocrine cell"": 744, ""epithelial cell"": 185, ""fibroblast"": 119, ""follicular B cell"": 2340, ""gamma-delta T cell"": 10329, ""gastrointestinal tract (lamina propria) macrophage"": 19, ""gastrointestinal tract (lamina propria) macrophage of large intestine"": 328, ""germinal center B cell"": 124, ""glial cell"": 96, ""goblet cell"": 1030, ""group 3 innate lymphoid cell"": 31, ""innate lymphoid cell"": 64, ""intestinal crypt stem cell"": 2770, ""intestinal tuft cell"": 24, ""intestine goblet cell"": 11608, ""leukocyte"": 2, ""macrophage"": 1564, ""mast cell"": 456, ""memory B cell"": 412, ""monocyte"": 124, ""mucosal invariant T cell"": 55, ""myofibroblast cell"": 97, ""naive B cell"": 523, ""naive thymus-derived CD4-positive, alpha-beta T cell"": 2976, ""naive thymus-derived CD8-positive, alpha-beta T cell"": 341, ""natural killer cell"": 118, ""paneth cell"": 21, ""pericyte"": 7, ""plasma cell"": 5318, ""plasmablast"": 24, ""plasmacytoid dendritic cell"": 9, ""regulatory T cell"": 2164, ""stem cell"": 392, ""stromal cell"": 1479, ""transit amplifying cell"": 26439, ""transit amplifying cell of colon"": 926, ""tuft cell"": 38, ""tuft cell of colon"": 51, ""tuft cell of small intestine"": 491, ""unknown"": 14, ""vein endothelial cell"": 98}"
Homo sapiens,colonic epithelium,10x 3' v3,"{""B cell"": 470, ""BEST4+ enterocyte"": 371, ""CD4-positive, alpha-beta T cell"": 841, ""CD8-positive, alpha-beta T cell"": 614, ""T cell"": 16, ""colonocyte"": 9207, ""conventional dendritic cell"": 9, ""dendritic cell"": 2, ""enterocyte"": 10721, ""enteroendocrine cell"": 134, ""epithelial cell"": 1232, ""fibroblast"": 7, ""goblet cell"": 2563, ""innate lymphoid cell"": 23, ""intestinal crypt stem cell"": 52, ""intestine goblet cell"": 3858, ""leukocyte"": 87, ""lymphocyte"": 3, ""macrophage"": 122, ""mast cell"": 263, ""monocyte"": 9, ""naive T cell"": 112, ""natural killer cell"": 215, ""paneth cell"": 20, ""plasma cell"": 289, ""plasmacytoid dendritic cell"": 44, ""regulatory T cell"": 72, ""stem cell"": 2706, ""transit amplifying cell"": 1863, ""tuft cell"": 242, ""tuft cell of small intestine"": 191, ""unknown"": 326}"
Homo sapiens,colonic epithelium,10x 5' v2,"{""CD16-negative, CD56-bright natural killer cell, human"": 13, ""CD4-positive, CD25-positive, alpha-beta regulatory T cell"": 21, ""CD4-positive, alpha-beta memory T cell"": 239, ""CD8-positive, alpha-beta memory T cell"": 257, ""central memory CD4-positive, alpha-beta T cell"": 21, ""classical monocyte"": 49, ""conventional dendritic cell"": 3, ""effector memory CD4-positive, alpha-beta T cell"": 3, ""effector memory CD8-positive, alpha-beta T cell"": 1, ""effector memory CD8-positive, alpha-beta T cell, terminally differentiated"": 3, ""gamma-delta T cell"": 172, ""germinal center B cell"": 1, ""group 1 innate lymphoid cell"": 11, ""group 3 innate lymphoid cell"": 6, ""macrophage"": 73, ""mast cell"": 62, ""memory B cell"": 50, ""naive B cell"": 44, ""naive thymus-derived CD4-positive, alpha-beta T cell"": 5, ""naive thymus-derived CD8-positive, alpha-beta T cell"": 3, ""plasma cell"": 5, ""plasmablast"": 2, ""progenitor cell"": 1}"
Homo sapiens,colonic mucosa,10x 3' v2,"{""CD16-negative, CD56-bright natural killer cell, human"": 568, ""CD16-positive, CD56-dim natural killer cell, human"": 36, ""CD4-positive, alpha-beta memory T cell"": 6000, ""CD8-positive, alpha-beta memory T cell"": 1612, ""IgA plasma cell"": 16540, ""IgG plasma cell"": 1140, ""IgM plasma cell"": 1092, ""T follicular helper cell"": 2212, ""T-helper 17 cell"": 1132, ""TREM2-positive macrophage"": 170, ""capillary endothelial cell"": 160, ""colonocyte"": 4, ""conventional dendritic cell"": 760, ""cycling T cell"": 124, ""dendritic cell, human"": 70, ""effector memory CD8-positive, alpha-beta T cell"": 3264, ""endothelial cell of artery"": 112, ""enteroglial cell"": 108, ""erythrocyte"": 10, ""fibroblast"": 1012, ""fibroblast of gingiva"": 232, ""fibroblastic reticular cell"": 80, ""gamma-delta T cell"": 564, ""gastrointestinal tract (lamina propria) macrophage"": 1996, ""germinal center B cell"": 164, ""group 3 innate lymphoid cell"": 856, ""intestinal crypt stem cell"": 12, ""macrophage"": 290, ""mast cell"": 190, ""memory B cell"": 3280, ""monocyte"": 175, ""mucosal invariant T cell"": 812, ""myofibroblast cell"": 724, ""naive B cell"": 2384, ""naive thymus-derived CD4-positive, alpha-beta T cell"": 2104, ""naive thymus-derived CD8-positive, alpha-beta T cell"": 356, ""neuroblast (sensu Vertebrata)"": 12, ""pericyte"": 68, ""plasmablast"": 24, ""plasmacytoid dendritic cell, human"": 5, ""precursor B cell"": 8, ""regulatory T cell"": 2036, ""transit amplifying cell"": 4, ""tuft cell of small intestine"": 4, ""vascular associated smooth muscle cell"": 12, ""vein endothelial cell"": 20}"
Homo sapiens,colonic mucosa,10x 3' v3,"{""BEST4+ enterocyte"": 168, ""CD16-negative, CD56-bright natural killer cell, human"": 32, ""CD4-positive, alpha-beta memory T cell"": 440, ""CD8-positive, alpha-beta memory T cell"": 68, ""IgA plasma cell"": 3676, ""IgG plasma cell"": 184, ""IgM plasma cell"": 56, ""Langerhans cell"": 5, ""T cell of anorectum"": 12128, ""T follicular helper cell"": 176, ""T-helper 17 cell"": 108, ""TREM2-positive macrophage"": 20, ""capillary endothelial cell"": 128, ""colon epithelial cell"": 12347, ""colonocyte"": 1104, ""conventional dendritic cell"": 170, ""cycling T cell"": 8, ""effector memory CD8-positive, alpha-beta T cell"": 88, ""endothelial cell"": 4, ""endothelial cell of artery"": 116, ""enteroendocrine cell"": 4, ""fibroblast"": 484, ""fibroblast of gingiva"": 4, ""gamma-delta T cell"": 52, ""gastrointestinal tract (lamina propria) macrophage"": 364, ""germinal center B cell"": 128, ""group 3 innate lymphoid cell"": 132, ""intestinal crypt stem cell"": 212, ""intestine goblet cell"": 564, ""macrophage"": 115, ""mast cell"": 5, ""memory B cell"": 1444, ""monocyte"": 45, ""myeloid cell"": 3771, ""myofibroblast cell"": 56, ""naive B cell"": 1336, ""naive thymus-derived CD4-positive, alpha-beta T cell"": 500, ""naive thymus-derived CD8-positive, alpha-beta T cell"": 124, ""pericyte"": 140, ""plasma cell"": 15633, ""regulatory T cell"": 156, ""stromal cell of lamina propria of colon"": 2821, ""transit amplifying cell"": 364, ""tuft cell of small intestine"": 84, ""vein endothelial cell"": 8}"
Homo sapiens,colorectum,10x 3' v2,"{""B cell"": 1340, ""CD4-positive, CD25-positive, alpha-beta regulatory T cell"": 24279, ""CD4-positive, alpha-beta T cell"": 27012, ""CD8-positive, alpha-beta T cell"": 30777, ""CD8-positive, alpha-beta memory T cell"": 7167, ""IgA plasma cell"": 52077, ""IgG plasma cell"": 28191, ""Schwann cell"": 368, ""T cell"": 5300, ""T follicular helper cell"": 3051, ""T-helper 17 cell"": 6150, ""activated CD4-positive, alpha-beta T cell"": 12291, ""capillary endothelial cell"": 3062, ""colon endothelial cell"": 2230, ""colon goblet cell"": 5544, ""colonocyte"": 7270, ""conventional dendritic cell"": 891, ""dendritic cell"": 1206, ""effector CD8-positive, alpha-beta T cell"": 10395, ""endothelial cell"": 1445, ""endothelial cell of artery"": 1332, ""endothelial cell of lymphatic vessel"": 478, ""endothelial cell of venule"": 2784, ""endothelial tip cell"": 454, ""enterocyte"": 31298, ""enteroendocrine cell"": 680, ""epithelial cell"": 3694, ""fibroblast"": 10446, ""gamma-delta T cell"": 23295, ""germinal center B cell"": 40380, ""glandular secretory epithelial cell"": 2150, ""goblet cell"": 18718, ""granulocyte"": 1635, ""group 3 innate lymphoid cell"": 1875, ""intestinal epithelial cell"": 12762, ""macrophage"": 40017, ""malignant cell"": 606, ""mast cell"": 6600, ""mature B cell"": 17100, ""mature NK T cell"": 16197, ""mature conventional dendritic cell"": 3765, ""megakaryocyte"": 3, ""monocyte"": 29217, ""mononuclear phagocyte"": 2077, ""myofibroblast cell"": 152, ""natural killer cell"": 1608, ""neutrophil"": 82, ""pericyte"": 1768, ""plasmacytoid dendritic cell"": 6719, ""smooth muscle cell"": 1376, ""stem cell"": 166886, ""tuft cell of colon"": 4746}"
Homo sapiens,colorectum,10x 3' v3,"{""CD4-positive, CD25-positive, alpha-beta regulatory T cell"": 10971, ""CD4-positive, alpha-beta T cell"": 10950, ""CD8-positive, alpha-beta T cell"": 17019, ""CD8-positive, alpha-beta memory T cell"": 1308, ""IgA plasma cell"": 8838, ""IgG plasma cell"": 24321, ""Schwann cell"": 194, ""T cell"": 579, ""T follicular helper cell"": 1617, ""T-helper 17 cell"": 2508, ""activated CD4-positive, alpha-beta T cell"": 4965, ""capillary endothelial cell"": 578, ""colon endothelial cell"": 1742, ""colon goblet cell"": 2738, ""colonocyte"": 2534, ""conventional dendritic cell"": 318, ""dendritic cell"": 336, ""effector CD8-positive, alpha-beta T cell"": 3792, ""endothelial cell of artery"": 466, ""endothelial cell of lymphatic vessel"": 134, ""endothelial cell of venule"": 1342, ""endothelial tip cell"": 438, ""enterocyte"": 3028, ""enteroendocrine cell"": 414, ""fibroblast"": 4876, ""gamma-delta T cell"": 4854, ""germinal center B cell"": 14934, ""glandular secretory epithelial cell"": 404, ""goblet cell"": 5284, ""granulocyte"": 4494, ""group 3 innate lymphoid cell"": 621, ""intestinal epithelial cell"": 976, ""macrophage"": 20823, ""mast cell"": 1414, ""mature B cell"": 4566, ""mature NK T cell"": 5799, ""mature conventional dendritic cell"": 1023, ""monocyte"": 13509, ""myofibroblast cell"": 340, ""natural killer cell"": 381, ""pericyte"": 1282, ""plasmacytoid dendritic cell"": 2415, ""smooth muscle cell"": 386, ""stem cell"": 70214, ""tuft cell of colon"": 944}"
Homo sapiens,common bile duct,10x 3' v2,"{""Kupffer cell"": 22, ""epithelial cell"": 8876}"
Homo sapiens,conjunctiva,10x 3' v3,"{""Schwann cell"": 3, ""acinar cell"": 3, ""conjunctival epithelial cell"": 10839, ""corneal epithelial cell"": 3, ""fibroblast"": 9, ""keratocyte"": 12, ""myeloid leukocyte"": 9, ""retinal blood vessel endothelial cell"": 45}"
Homo sapiens,cornea,10x 3' v2,"{""capillary endothelial cell"": 1, ""conjunctival epithelial cell"": 239, ""corneal endothelial cell"": 41, ""endothelial cell"": 30, ""endothelial cell of lymphatic vessel"": 18, ""endothelial cell of venule"": 28, ""epithelial cell"": 9833, ""lymphocyte"": 10, ""macrophage"": 20, ""melanocyte"": 35, ""progenitor cell"": 302}"
Homo sapiens,cornea,10x 3' v3,"{""B cell"": 20, ""CD4-positive, alpha-beta T cell"": 9, ""CD8-positive, alpha-beta T cell"": 90, ""Schwann cell"": 1360, ""basal cell"": 9585, ""blood vessel endothelial cell"": 428, ""capillary endothelial cell"": 611, ""conjunctival epithelial cell"": 23630, ""corneal endothelial cell"": 23913, ""corneal epithelial cell"": 27901, ""endothelial cell"": 3515, ""endothelial cell of artery"": 68, ""endothelial cell of lymphatic vessel"": 858, ""endothelial cell of venule"": 2665, ""epithelial cell"": 390335, ""fibroblast"": 34784, ""keratocyte"": 183312, ""leukocyte"": 603, ""lymphocyte"": 1692, ""macrophage"": 4069, ""mast cell"": 80, ""mature NK T cell"": 3, ""melanocyte"": 2268, ""microglial cell"": 72, ""monocyte"": 58, ""myelinating Schwann cell"": 174, ""myeloid leukocyte"": 999, ""neutrophil"": 57, ""pericyte"": 3631, ""progenitor cell"": 6033, ""radial glial cell"": 30, ""retinal blood vessel endothelial cell"": 627, ""smooth muscle cell"": 393, ""transit amplifying cell"": 750}"
Homo sapiens,cornea,10x multiome,"{""B cell"": 6, ""Schwann cell"": 97, ""blood vessel endothelial cell"": 22, ""conjunctival epithelial cell"": 351, ""endothelial cell"": 234, ""endothelial cell of lymphatic vessel"": 32, ""epithelial cell"": 147, ""fibroblast"": 1253, ""keratocyte"": 4376, ""leukocyte"": 7, ""lymphocyte"": 7, ""macrophage"": 49, ""mast cell"": 7, ""melanocyte"": 10, ""myelinating Schwann cell"": 2, ""pericyte"": 186, ""progenitor cell"": 2695}"
Homo sapiens,corneal endothelium,10x 3' v3,"{""corneal endothelial cell"": 1244}"
Homo sapiens,corneal epithelium,10x 3' v3,"{""capillary endothelial cell"": 6, ""conjunctival epithelial cell"": 271, ""endothelial cell"": 8, ""endothelial cell of lymphatic vessel"": 52, ""endothelial cell of venule"": 2, ""epithelial cell"": 6669, ""fibroblast"": 205, ""keratocyte"": 2571, ""macrophage"": 24, ""mast cell"": 2, ""melanocyte"": 35, ""progenitor cell"": 254}"
Homo sapiens,corneo-scleral junction,10x 3' v3,"{""B cell"": 202, ""Schwann cell"": 6774, ""basal cell"": 7878, ""blood vessel endothelial cell"": 3461, ""capillary endothelial cell"": 2101, ""ciliary muscle cell"": 2773, ""conjunctiva goblet cell"": 312, ""conjunctival epithelial cell"": 48770, ""corneal endothelial cell"": 2771, ""corneal epithelial cell"": 4955, ""endothelial cell"": 20951, ""endothelial cell of artery"": 960, ""endothelial cell of lymphatic vessel"": 8738, ""endothelial cell of venule"": 11835, ""epithelial cell"": 302841, ""fibroblast"": 144253, ""goblet cell"": 586, ""keratocyte"": 45663, ""leukocyte"": 304, ""lymphocyte"": 5270, ""macrophage"": 4902, ""mast cell"": 1012, ""melanocyte"": 13727, ""monocyte"": 394, ""myelinating Schwann cell"": 747, ""myeloid leukocyte"": 390, ""pericyte"": 28579, ""progenitor cell"": 22354, ""smooth muscle cell"": 2361}"
Homo sapiens,corneo-scleral junction,10x multiome,"{""B cell"": 2, ""Schwann cell"": 967, ""blood vessel endothelial cell"": 44, ""conjunctival epithelial cell"": 2194, ""endothelial cell"": 523, ""endothelial cell of lymphatic vessel"": 87, ""epithelial cell"": 410, ""fibroblast"": 13305, ""keratocyte"": 39939, ""leukocyte"": 25, ""lymphocyte"": 7, ""macrophage"": 125, ""mast cell"": 11, ""melanocyte"": 553, ""myelinating Schwann cell"": 4, ""pericyte"": 360, ""progenitor cell"": 14971}"
Homo sapiens,coronary artery,10x 3' v2,"{""B cell"": 565, ""T cell"": 12086, ""dendritic cell"": 173, ""endothelial cell"": 1827, ""fibroblast"": 2497, ""macrophage"": 1658, ""mast cell"": 38, ""monocyte"": 255, ""natural killer cell"": 808, ""neutrophil"": 1, ""plasma cell"": 513, ""smooth muscle cell"": 3159}"
Homo sapiens,coronary artery,10x 3' v3,"{""B cell"": 465, ""CD4-positive, alpha-beta T cell"": 768, ""CD8-positive, alpha-beta T cell"": 1218, ""T cell"": 10699, ""basophil"": 153, ""blood vessel smooth muscle cell"": 1215, ""capillary endothelial cell"": 3246, ""classical monocyte"": 12, ""dendritic cell"": 50, ""endothelial cell"": 675, ""endothelial cell of artery"": 1257, ""endothelial cell of lymphatic vessel"": 390, ""erythrocyte"": 18, ""fibroblast"": 10384, ""intermediate monocyte"": 12, ""lymphocyte"": 42, ""macrophage"": 8379, ""mast cell"": 85, ""mature NK T cell"": 276, ""microcirculation associated smooth muscle cell"": 154, ""monocyte"": 922, ""natural killer cell"": 483, ""neutrophil"": 2213, ""non-classical monocyte"": 3, ""pericyte"": 1800, ""plasma cell"": 57, ""smooth muscle cell"": 8581, ""unknown"": 4, ""vein endothelial cell"": 2190}"
Homo sapiens,corpus,10x 3' v3,"{""epithelial cell of stomach"": 5952, ""goblet cell"": 3}"
Homo sapiens,cortex,10x 3' v2,"{""cell"": 133, ""erythrocyte"": 184, ""fibroblast"": 34, ""glioblast"": 19140, ""macrophage"": 370, ""neural crest cell"": 6, ""neuroblast (sensu Nematoda and Protostomia)"": 24435, ""neuroblast (sensu Vertebrata)"": 58221, ""neuron"": 78933, ""oligodendrocyte"": 176, ""radial glial cell"": 131847}"
Homo sapiens,cortex,10x 3' v3,"{""cell"": 430, ""erythrocyte"": 714, ""glioblast"": 16700, ""macrophage"": 598, ""neural crest cell"": 2, ""neuroblast (sensu Nematoda and Protostomia)"": 14271, ""neuroblast (sensu Vertebrata)"": 29997, ""neuron"": 34335, ""oligodendrocyte"": 448, ""radial glial cell"": 45360}"
Homo sapiens,cortex of kidney,10x 3' v2,"{""B cell"": 3500, ""CD4-positive, alpha-beta T cell"": 5967, ""CD8-positive, alpha-beta T cell"": 2283, ""T cell"": 2867, ""capillary endothelial cell"": 252, ""classical monocyte"": 363, ""conventional dendritic cell"": 3, ""dendritic cell"": 48, ""dendritic cell, human"": 51, ""epithelial cell of glomerular capsule"": 89, ""epithelial cell of proximal tubule"": 32308, ""fibroblast"": 8, ""glomerular capillary endothelial cell"": 36, ""glomerular endothelial cell"": 141, ""kidney arterial blood vessel cell"": 2, ""kidney collecting duct intercalated cell"": 85, ""kidney collecting duct principal cell"": 5, ""kidney connecting tubule epithelial cell"": 206, ""kidney epithelial cell"": 123, ""kidney interstitial fibroblast"": 16, ""kidney loop of Henle thick ascending limb epithelial cell"": 449, ""kidney resident macrophage"": 42, ""lymphocyte"": 216, ""mast cell"": 33, ""mature NK T cell"": 428, ""mononuclear phagocyte"": 277, ""mural cell"": 1, ""myofibroblast cell"": 12, ""natural killer cell"": 1887, ""neutrophil"": 27, ""non-classical monocyte"": 237, ""peritubular capillary endothelial cell"": 245, ""plasmacytoid dendritic cell"": 9, ""podocyte"": 180, ""progenitor cell"": 39, ""renal alpha-intercalated cell"": 318, ""renal beta-intercalated cell"": 102, ""renal intercalated cell"": 591, ""renal principal cell"": 18, ""urothelial cell"": 3, ""vasa recta ascending limb cell"": 105, ""vasa recta cell"": 24, ""vasa recta descending limb cell"": 36}"
Homo sapiens,cortex of kidney,10x 3' v3,"{""B cell"": 4515, ""CD8-alpha-negative thymic conventional dendritic cell"": 903, ""CD8-alpha-positive thymic conventional dendritic cell"": 309, ""T cell"": 13906, ""adipocyte"": 94, ""adventitial fibroblast"": 3271, ""alternatively activated macrophage"": 264, ""classical monocyte"": 652, ""conventional dendritic cell"": 1902, ""cycling T cell"": 66, ""cycling macrophage"": 87, ""cytotoxic T cell"": 385, ""dendritic cell, human"": 1161, ""effector memory CD8-positive, alpha-beta T cell"": 848, ""effector memory CD8-positive, alpha-beta T cell, terminally differentiated"": 157, ""endothelial cell"": 38387, ""endothelial cell of arteriole"": 669, ""endothelial cell of lymphatic vessel"": 316, ""endothelial cell of venule"": 1302, ""epithelial cell"": 20, ""epithelial cell of early distal convoluted tubule"": 1689, ""epithelial cell of proximal tubule"": 252403, ""epithelial cell of proximal tubule segment 1"": 50960, ""epithelial cell of proximal tubule segment 2"": 16213, ""epithelial cell of proximal tubule segment 3"": 16590, ""erythrocyte"": 96, ""fibroblast"": 117, ""glomerular capillary endothelial cell"": 8951, ""group 3 innate lymphoid cell"": 57, ""juxtaglomerular complex cell"": 649, ""kidney arterial blood vessel cell"": 562, ""kidney capillary endothelial cell"": 572, ""kidney collecting duct alpha-intercalated cell"": 17157, ""kidney collecting duct beta-intercalated cell"": 5185, ""kidney collecting duct intercalated cell"": 38035, ""kidney collecting duct principal cell"": 37270, ""kidney connecting tubule epithelial cell"": 42265, ""kidney connecting tubule principal cell"": 7122, ""kidney cortex collecting duct epithelial cell"": 45, ""kidney cortex collecting duct principal cell"": 9897, ""kidney cortex peritubular capillary cell"": 6492, ""kidney distal convoluted tubule epithelial cell"": 53448, ""kidney efferent arteriole endothelial cell"": 1495, ""kidney inner medulla collecting duct epithelial cell"": 118, ""kidney interstitial alternatively activated macrophage"": 5583, ""kidney interstitial fibroblast"": 38965, ""kidney interstitial myofibroblast"": 1777, ""kidney loop of Henle cortical thick ascending limb epithelial cell"": 23878, ""kidney loop of Henle descending limb epithelial cell"": 1011, ""kidney loop of Henle thick ascending limb epithelial cell"": 122592, ""kidney loop of Henle thin ascending limb epithelial cell"": 2327, ""kidney loop of Henle thin descending limb epithelial cell"": 13508, ""kidney outer medulla collecting duct intercalated cell"": 60, ""kidney outer medulla peritubular capillary cell"": 274, ""kidney proximal convoluted tubule epithelial cell"": 3579, ""kidney resident macrophage"": 3842, ""leukocyte"": 123, ""lymphocyte"": 3189, ""macrophage"": 666, ""macula densa epithelial cell"": 5830, ""mast cell"": 849, ""mature NK T cell"": 1120, ""mesangial cell"": 1644, ""migratory dendtritic cell"": 129, ""monocyte"": 850, ""mononuclear phagocyte"": 5377, ""mucosal invariant T cell"": 113, ""mural cell"": 2123, ""myeloid cell"": 1367, ""myeloid dendritic cell"": 1508, ""myofibroblast cell"": 11, ""naive regulatory T cell"": 267, ""naive thymus-derived CD4-positive, alpha-beta T cell"": 2514, ""natural killer cell"": 2007, ""neural cell"": 398, ""neutrophil"": 1206, ""non-classical monocyte"": 3143, ""papillary tips cell"": 114, ""parietal epithelial cell"": 12334, ""peritubular capillary endothelial cell"": 6336, ""plasma cell"": 2733, ""plasmacytoid dendritic cell"": 47, ""plasmacytoid dendritic cell, human"": 331, ""podocyte"": 20458, ""renal alpha-intercalated cell"": 711, ""renal beta-intercalated cell"": 800, ""renal interstitial pericyte"": 13625, ""renal medullary fibroblast"": 1077, ""renal principal cell"": 3175, ""unknown"": 107, ""vasa recta ascending limb cell"": 2205, ""vasa recta cell"": 1552, ""vasa recta descending limb cell"": 1375, ""vascular associated smooth muscle cell"": 4429, ""vein endothelial cell"": 1095}"
Homo sapiens,cortex of kidney,10x 5' v1,"{""B cell"": 28, ""T cell"": 708, ""endothelial cell"": 1307, ""endothelial cell of arteriole"": 143, ""endothelial cell of lymphatic vessel"": 6, ""epithelial cell of early distal convoluted tubule"": 227, ""epithelial cell of proximal tubule"": 19982, ""epithelial cell of proximal tubule segment 3"": 87, ""fibroblast"": 527, ""glomerular capillary endothelial cell"": 408, ""kidney capillary endothelial cell"": 1008, ""kidney collecting duct alpha-intercalated cell"": 376, ""kidney collecting duct intercalated cell"": 1454, ""kidney collecting duct principal cell"": 1162, ""kidney connecting tubule epithelial cell"": 3875, ""kidney connecting tubule principal cell"": 120, ""kidney distal convoluted tubule epithelial cell"": 13261, ""kidney interstitial alternatively activated macrophage"": 79, ""kidney interstitial fibroblast"": 186, ""kidney loop of Henle thick ascending limb epithelial cell"": 16086, ""kidney loop of Henle thin ascending limb epithelial cell"": 700, ""kidney outer medulla collecting duct intercalated cell"": 62, ""kidney proximal convoluted tubule epithelial cell"": 1239, ""leukocyte"": 259, ""lymphocyte"": 206, ""macula densa epithelial cell"": 53, ""mast cell"": 1, ""mesangial cell"": 576, ""mural cell"": 140, ""myeloid dendritic cell"": 226, ""neutrophil"": 118, ""non-classical monocyte"": 130, ""parietal epithelial cell"": 2080, ""peritubular capillary endothelial cell"": 770, ""plasma cell"": 2, ""plasmacytoid dendritic cell"": 5, ""podocyte"": 1810, ""renal alpha-intercalated cell"": 2729, ""renal beta-intercalated cell"": 993, ""renal interstitial pericyte"": 296, ""renal principal cell"": 4144, ""vasa recta ascending limb cell"": 289, ""vasa recta descending limb cell"": 204, ""vascular associated smooth muscle cell"": 191}"
Homo sapiens,cortex of kidney,10x multiome,"{""B cell"": 2470, ""CD8-alpha-negative thymic conventional dendritic cell"": 1958, ""CD8-alpha-positive thymic conventional dendritic cell"": 281, ""T cell"": 488, ""adipocyte"": 20, ""adventitial fibroblast"": 2018, ""classical monocyte"": 858, ""cycling T cell"": 179, ""cycling macrophage"": 140, ""effector memory CD8-positive, alpha-beta T cell"": 3504, ""effector memory CD8-positive, alpha-beta T cell, terminally differentiated"": 422, ""endothelial cell"": 1090, ""endothelial cell of arteriole"": 691, ""endothelial cell of lymphatic vessel"": 34, ""endothelial cell of venule"": 1262, ""epithelial cell of early distal convoluted tubule"": 6765, ""epithelial cell of proximal tubule"": 33208, ""epithelial cell of proximal tubule segment 1"": 76571, ""epithelial cell of proximal tubule segment 2"": 24105, ""epithelial cell of proximal tubule segment 3"": 29993, ""erythrocyte"": 137, ""fibroblast"": 763, ""glomerular capillary endothelial cell"": 5898, ""group 3 innate lymphoid cell"": 226, ""juxtaglomerular complex cell"": 510, ""kidney collecting duct alpha-intercalated cell"": 25987, ""kidney collecting duct beta-intercalated cell"": 9038, ""kidney collecting duct intercalated cell"": 157, ""kidney collecting duct principal cell"": 6456, ""kidney connecting tubule epithelial cell"": 21602, ""kidney connecting tubule principal cell"": 9307, ""kidney cortex collecting duct principal cell"": 11018, ""kidney cortex peritubular capillary cell"": 9923, ""kidney distal convoluted tubule epithelial cell"": 35573, ""kidney efferent arteriole endothelial cell"": 841, ""kidney interstitial alternatively activated macrophage"": 199, ""kidney interstitial fibroblast"": 10548, ""kidney interstitial myofibroblast"": 836, ""kidney loop of Henle cortical thick ascending limb epithelial cell"": 39376, ""kidney loop of Henle thick ascending limb epithelial cell"": 61110, ""kidney loop of Henle thin ascending limb epithelial cell"": 177, ""kidney loop of Henle thin descending limb epithelial cell"": 4324, ""kidney outer medulla collecting duct intercalated cell"": 68, ""kidney outer medulla peritubular capillary cell"": 211, ""kidney proximal convoluted tubule epithelial cell"": 29217, ""kidney resident macrophage"": 10726, ""lymphocyte"": 48, ""macrophage"": 1039, ""macula densa epithelial cell"": 7507, ""mast cell"": 283, ""mesangial cell"": 1226, ""migratory dendtritic cell"": 146, ""mucosal invariant T cell"": 351, ""myeloid dendritic cell"": 192, ""naive regulatory T cell"": 747, ""naive thymus-derived CD4-positive, alpha-beta T cell"": 5016, ""natural killer cell"": 769, ""neural cell"": 113, ""neutrophil"": 46, ""non-classical monocyte"": 580, ""papillary tips cell"": 123, ""parietal epithelial cell"": 7321, ""peritubular capillary endothelial cell"": 2766, ""plasma cell"": 1861, ""plasmacytoid dendritic cell"": 3, ""plasmacytoid dendritic cell, human"": 276, ""podocyte"": 7207, ""renal beta-intercalated cell"": 1767, ""renal interstitial pericyte"": 1945, ""renal medullary fibroblast"": 1060, ""renal principal cell"": 4657, ""vasa recta ascending limb cell"": 1071, ""vasa recta cell"": 166, ""vasa recta descending limb cell"": 460, ""vascular associated smooth muscle cell"": 1309, ""vein endothelial cell"": 710}"
Homo sapiens,cortex of kidney,Smart-seq2,"{""B cell"": 102, ""CD4-positive, alpha-beta T cell"": 48, ""CD8-positive, alpha-beta T cell"": 93, ""kidney epithelial cell"": 129, ""macrophage"": 18, ""natural killer cell"": 66}"
Homo sapiens,cortical plate,10x multiome,"{""astrocyte"": 7, ""caudal ganglionic eminence derived cortical interneuron"": 13, ""endothelial cell"": 12, ""glutamatergic neuron"": 9005, ""inhibitory interneuron"": 3442, ""medial ganglionic eminence derived interneuron"": 5, ""microglial cell"": 59, ""neural progenitor cell"": 412, ""oligodendrocyte precursor cell"": 70, ""pericyte"": 13, ""radial glial cell"": 1270, ""vascular associated smooth muscle cell"": 28}"
Homo sapiens,cranial nerve II,10x 3' v3,"{""B cell"": 147, ""GABAergic amacrine cell"": 398, ""H1 horizontal cell"": 282, ""H2 horizontal cell"": 41, ""Mueller cell"": 729, ""OFF midget ganglion cell"": 152, ""OFF parasol ganglion cell"": 4, ""OFFx cell"": 21, ""ON midget ganglion cell"": 55, ""ON parasol ganglion cell"": 10, ""ON-blue cone bipolar cell"": 3, ""S cone cell"": 23, ""T cell"": 1645, ""adipocyte"": 543, ""amacrine cell"": 9, ""astrocyte"": 375187, ""blood vessel endothelial cell"": 21838, ""capillary endothelial cell"": 16342, ""dendritic cell"": 38, ""diffuse bipolar 1 cell"": 106, ""diffuse bipolar 2 cell"": 209, ""diffuse bipolar 3a cell"": 99, ""diffuse bipolar 3b cell"": 85, ""diffuse bipolar 4a cell"": 115, ""diffuse bipolar 4b cell"": 19, ""diffuse bipolar 5 cell"": 90, ""diffuse bipolar 6 cell"": 36, ""endothelial cell"": 265, ""endothelial cell of venule"": 7798, ""fenestrated endothelial cell"": 596, ""fibroblast"": 182721, ""flat midget bipolar cell"": 281, ""giant bipolar cell"": 61, ""glycinergic amacrine cell"": 176, ""invaginating midget bipolar cell"": 238, ""macrophage"": 6985, ""mast cell"": 87, ""melanocyte"": 85, ""microglial cell"": 41426, ""myelinating Schwann cell"": 336, ""natural killer cell"": 219, ""non-myelinating Schwann cell"": 698, ""oligodendrocyte"": 477611, ""oligodendrocyte precursor cell"": 18090, ""pericyte"": 5156, ""pigmented epithelial cell"": 5, ""retinal astrocyte"": 3144, ""retinal cone cell"": 237, ""retinal ganglion cell"": 48, ""retinal pigment epithelial cell"": 98, ""retinal rod cell"": 3217, ""rod bipolar cell"": 490, ""vascular associated smooth muscle cell"": 8062}"
Homo sapiens,crista ampullaris,10x 3' v3,"{""B cell"": 3, ""CD4-positive, alpha-beta T cell"": 21, ""CD8-positive, alpha-beta T cell"": 6, ""endothelial cell of vascular tree"": 303, ""hematopoietic cell"": 243, ""intermediate monocyte"": 9, ""macrophage"": 795, ""mast cell"": 3, ""melanocyte"": 369, ""monocyte"": 6, ""neutrophil"": 9, ""pericyte"": 2328, ""stromal cell"": 2799, ""supporting cell of vestibular epithelium"": 27, ""vascular associated smooth muscle cell"": 234, ""vestibular dark cell"": 36}"
Homo sapiens,cystic lymph node,10x 3' v3,"{""B cell"": 7354, ""CD34-negative, CD117-positive innate lymphoid cell, human"": 23970, ""T cell"": 13457, ""dendritic cell, human"": 3276, ""endothelial cell"": 884, ""granulocyte"": 170, ""group 3 innate lymphoid cell, human"": 80271, ""innate lymphoid cell"": 4738, ""mast cell"": 873, ""mononuclear phagocyte"": 470, ""natural killer cell"": 46509, ""plasma cell"": 788, ""plasmacytoid dendritic cell"": 2480, ""stromal cell"": 1582}"
Homo sapiens,decidua,10x 3' v2,"{""B cell"": 202, ""CD16-negative, CD56-bright natural killer cell, human"": 10, ""CD16-positive, CD56-dim natural killer cell, human"": 91, ""Hofbauer cell"": 1079, ""T cell"": 4757, ""conventional dendritic cell"": 315, ""decidual cell"": 12580, ""decidual natural killer cell, human"": 27176, ""dendritic cell"": 412, ""embryonic fibroblast"": 70, ""endothelial cell"": 1140, ""endothelial cell of lymphatic vessel"": 533, ""endothelial cell of placenta"": 156, ""endothelial cell of uterus"": 1051, ""epithelial cell"": 193, ""extravillous trophoblast"": 1058, ""fibroblast"": 3, ""glandular secretory epithelial cell"": 350, ""granulocyte"": 162, ""group 3 innate lymphoid cell, human"": 1355, ""innate lymphoid cell"": 184, ""macrophage"": 13627, ""monocyte"": 24, ""natural killer cell"": 1313, ""pericyte"": 1838, ""placental villous trophoblast"": 201, ""plasma cell"": 154, ""regulatory T cell"": 494, ""stromal cell"": 16028, ""syncytiotrophoblast cell"": 375, ""unknown"": 1270, ""uterine smooth muscle cell"": 362}"
Homo sapiens,decidua,10x 3' v3,"{""B cell"": 71, ""Hofbauer cell"": 1268, ""T cell"": 1146, ""decidual natural killer cell, human"": 6095, ""dendritic cell"": 228, ""embryonic fibroblast"": 403, ""endothelial cell of lymphatic vessel"": 215, ""endothelial cell of placenta"": 144, ""endothelial cell of uterus"": 1256, ""epithelial cell"": 10779, ""extravillous trophoblast"": 1730, ""granulocyte"": 37, ""group 3 innate lymphoid cell, human"": 668, ""macrophage"": 3568, ""natural killer cell"": 467, ""placental villous trophoblast"": 720, ""plasma cell"": 12, ""regulatory T cell"": 200, ""stromal cell"": 42452, ""syncytiotrophoblast cell"": 68, ""unknown"": 1103, ""uterine smooth muscle cell"": 500}"
Homo sapiens,decidua,10x multiome,"{""B cell"": 21, ""Hofbauer cell"": 35, ""T cell"": 157, ""decidual natural killer cell, human"": 230, ""dendritic cell"": 17, ""embryonic fibroblast"": 31, ""endothelial cell of lymphatic vessel"": 43, ""endothelial cell of placenta"": 96, ""endothelial cell of uterus"": 978, ""epithelial cell"": 880, ""extravillous trophoblast"": 280, ""group 3 innate lymphoid cell, human"": 57, ""macrophage"": 301, ""natural killer cell"": 65, ""placental villous trophoblast"": 32, ""plasma cell"": 1, ""regulatory T cell"": 41, ""stromal cell"": 22743, ""syncytiotrophoblast cell"": 12, ""uterine smooth muscle cell"": 23}"
Homo sapiens,decidua,Smart-seq2,"{""CD16-negative, CD56-bright natural killer cell, human"": 1, ""CD16-positive, CD56-dim natural killer cell, human"": 43, ""Hofbauer cell"": 70, ""T cell"": 1319, ""conventional dendritic cell"": 33, ""decidual cell"": 375, ""decidual natural killer cell, human"": 769, ""endothelial cell"": 80, ""extravillous trophoblast"": 123, ""fibroblast"": 13, ""glandular secretory epithelial cell"": 48, ""granulocyte"": 13, ""innate lymphoid cell"": 34, ""macrophage"": 1156, ""pericyte"": 84, ""placental villous trophoblast"": 130, ""plasma cell"": 12, ""syncytiotrophoblast cell"": 23}"
Homo sapiens,decidua basalis,10x 3' v3,"{""B cell"": 34, ""Hofbauer cell"": 3536, ""T cell"": 89, ""decidual natural killer cell, human"": 2342, ""dendritic cell"": 159, ""embryonic fibroblast"": 2776, ""endothelial cell of lymphatic vessel"": 785, ""endothelial cell of placenta"": 641, ""endothelial cell of uterus"": 2282, ""epithelial cell"": 3026, ""extravillous trophoblast"": 10590, ""granulocyte"": 22, ""group 3 innate lymphoid cell, human"": 144, ""macrophage"": 5357, ""natural killer cell"": 59, ""placental villous trophoblast"": 34916, ""plasma cell"": 16, ""regulatory T cell"": 24, ""stromal cell"": 11913, ""syncytiotrophoblast cell"": 61211, ""trophoblast giant cell"": 60, ""uterine smooth muscle cell"": 14409}"
Homo sapiens,decidua basalis,10x multiome,"{""B cell"": 9, ""Hofbauer cell"": 246, ""T cell"": 36, ""decidual natural killer cell, human"": 804, ""dendritic cell"": 18, ""embryonic fibroblast"": 272, ""endothelial cell of lymphatic vessel"": 64, ""endothelial cell of placenta"": 39, ""endothelial cell of uterus"": 205, ""epithelial cell"": 520, ""extravillous trophoblast"": 2443, ""granulocyte"": 3, ""group 3 innate lymphoid cell, human"": 30, ""macrophage"": 821, ""natural killer cell"": 18, ""placental villous trophoblast"": 3899, ""plasma cell"": 3, ""regulatory T cell"": 9, ""stromal cell"": 977, ""syncytiotrophoblast cell"": 15420, ""trophoblast giant cell"": 36, ""uterine smooth muscle cell"": 1574}"
Homo sapiens,dental pulp,10x 3' v2,"{""B cell"": 200, ""CD4-positive helper T cell"": 177, ""CD8-positive, alpha-beta T cell"": 265, ""Schwann cell"": 3854, ""T cell"": 256, ""blood vessel endothelial cell"": 5818, ""dendritic cell"": 65, ""endothelial cell"": 280, ""endothelial cell of vascular tree"": 5700, ""epithelial cell"": 27, ""fibroblast"": 24044, ""glial cell"": 114, ""hematopoietic stem cell"": 376, ""lymphocyte"": 788, ""macrophage"": 909, ""mural cell"": 7360, ""myeloid cell"": 696, ""natural killer cell"": 374, ""neutrophil"": 30, ""non-classical monocyte"": 86, ""odontoblast"": 4335, ""peripheral nervous system neuron"": 51, ""plasma cell"": 78}"
Homo sapiens,dental pulp,10x 3' v3,"{""B cell"": 13, ""CD4-positive helper T cell"": 883, ""CD8-positive, alpha-beta T cell"": 788, ""Schwann cell"": 10859, ""blood vessel endothelial cell"": 4840, ""dendritic cell"": 39, ""endothelial cell of vascular tree"": 5198, ""epithelial cell"": 2, ""fibroblast"": 20089, ""lymphocyte"": 1861, ""macrophage"": 991, ""melanocyte"": 1, ""mural cell"": 4788, ""myeloid cell"": 1199, ""natural killer cell"": 115, ""neutrophil"": 59, ""odontoblast"": 844}"
Homo sapiens,dentate nucleus,10x 3' v3,"{""Bergmann glial cell"": 58, ""T cell"": 17, ""brain vascular cell"": 2, ""cerebellar granule cell"": 2731, ""committed oligodendrocyte precursor"": 548, ""erythroid lineage cell"": 2, ""interneuron"": 169, ""leukocyte"": 6, ""macroglial cell"": 370, ""meningeal macrophage"": 3, ""microglial cell"": 944, ""oligodendrocyte"": 7925, ""unknown"": 1178}"
Homo sapiens,dermis,10x 3' v2,"{""Langerhans cell"": 48, ""Schwann cell"": 268, ""conventional dendritic cell"": 543, ""cytotoxic T cell"": 3384, ""dendritic cell"": 1811, ""endothelial cell of lymphatic vessel"": 4794, ""endothelial cell of vascular tree"": 25607, ""helper T cell"": 7666, ""inflammatory macrophage"": 901, ""innate lymphoid cell"": 5048, ""keratinocyte"": 666, ""macrophage"": 10640, ""mast cell"": 477, ""melanocyte"": 307, ""monocyte-derived dendritic cell"": 9050, ""natural killer cell"": 565, ""pericyte"": 4975, ""plasma cell"": 60, ""regulatory T cell"": 2287, ""skin fibroblast"": 17134}"
Homo sapiens,dermis,10x 3' v3,"{""endothelial cell"": 243, ""keratinocyte"": 325, ""leukocyte"": 356, ""melanocyte"": 340, ""pericyte"": 445, ""skin fibroblast"": 4037}"
Homo sapiens,descending aorta,10x 3' v3,"{""blood vessel smooth muscle cell"": 4204, ""endothelial cell of artery"": 3018, ""fibroblast"": 2945, ""lymphocyte"": 356, ""macrophage"": 3241, ""microcirculation associated smooth muscle cell"": 2696, ""unknown"": 121}"
Homo sapiens,descending colon,10x 3' v2,"{""B cell"": 210, ""BEST4+ enterocyte"": 301, ""CD4-positive, alpha-beta T cell"": 856, ""CD8-positive, alpha-beta T cell"": 301, ""T cell"": 3, ""colonocyte"": 3257, ""conventional dendritic cell"": 60, ""dendritic cell"": 6, ""endothelial cell"": 757, ""enterocyte"": 3683, ""enteroendocrine cell"": 70, ""epithelial cell"": 328, ""fibroblast"": 2540, ""glial cell"": 219, ""goblet cell"": 1454, ""innate lymphoid cell"": 22, ""intestinal crypt stem cell"": 187, ""intestine goblet cell"": 1764, ""leukocyte"": 84, ""lymphocyte"": 12, ""macrophage"": 690, ""mast cell"": 369, ""monocyte"": 12, ""myofibroblast cell"": 264, ""naive T cell"": 208, ""natural killer cell"": 131, ""paneth cell"": 2, ""pericyte"": 54, ""plasma cell"": 4644, ""plasmacytoid dendritic cell"": 203, ""regulatory T cell"": 101, ""stem cell"": 1282, ""stromal cell"": 109, ""transit amplifying cell"": 490, ""tuft cell"": 170, ""tuft cell of small intestine"": 98, ""unknown"": 232}"
Homo sapiens,descending colon,10x 3' v3,"{""BEST4+ colonocyte"": 262, ""BEST4+ enterocyte"": 288, ""colon goblet cell"": 947, ""colonocyte"": 256, ""early colonocyte"": 458, ""enterocyte of epithelium of large intestine"": 591, ""enteroendocrine cell"": 20, ""enteroendocrine cell of colon"": 29, ""goblet cell"": 271, ""intestinal crypt stem cell of colon"": 107, ""malignant cell"": 1460, ""progenitor cell"": 8, ""secretory cell"": 870, ""stem cell"": 38, ""transit amplifying cell"": 653, ""transit amplifying cell of colon"": 98, ""tuft cell of colon"": 354}"
Homo sapiens,descending colon,10x 5' v2,"{""B cell"": 10, ""BEST4+ enterocyte"": 2482, ""CD16-negative, CD56-bright natural killer cell, human"": 32, ""CD16-positive, CD56-dim natural killer cell, human"": 4, ""CD4-positive, alpha-beta T cell"": 9, ""CD4-positive, alpha-beta memory T cell"": 84, ""CD8-positive, alpha-beta T cell"": 4, ""CD8-positive, alpha-beta memory T cell"": 210, ""IgA plasma cell"": 5794, ""IgG plasma cell"": 310, ""IgM plasma cell"": 124, ""Langerhans cell"": 5, ""M cell of gut"": 2, ""T follicular helper cell"": 22, ""T-helper 1 cell"": 1, ""T-helper 17 cell"": 54, ""TREM2-positive macrophage"": 75, ""activated CD4-positive, alpha-beta T cell"": 14, ""activated CD8-positive, alpha-beta T cell"": 57, ""capillary endothelial cell"": 38, ""central memory CD4-positive, alpha-beta T cell"": 5, ""colon epithelial cell"": 787, ""colonocyte"": 9280, ""conventional dendritic cell"": 45, ""effector memory CD8-positive, alpha-beta T cell"": 69, ""endothelial cell of artery"": 188, ""endothelial cell of lymphatic vessel"": 174, ""enterocyte of epithelium of large intestine"": 775, ""enteroendocrine cell"": 44, ""enteroglial cell"": 8, ""epithelial cell"": 244, ""fibroblast"": 460, ""fibroblast of gingiva"": 4, ""follicular B cell"": 5, ""gamma-delta T cell"": 1228, ""gastrointestinal tract (lamina propria) macrophage"": 28, ""gastrointestinal tract (lamina propria) macrophage of large intestine"": 3, ""germinal center B cell"": 25, ""glial cell"": 44, ""goblet cell"": 107, ""group 3 innate lymphoid cell"": 16, ""innate lymphoid cell"": 2, ""intestinal crypt stem cell"": 328, ""intestinal tuft cell"": 20, ""intestine goblet cell"": 1868, ""macrophage"": 262, ""mast cell"": 54, ""memory B cell"": 282, ""monocyte"": 65, ""myofibroblast cell"": 10, ""naive B cell"": 178, ""naive thymus-derived CD4-positive, alpha-beta T cell"": 132, ""naive thymus-derived CD8-positive, alpha-beta T cell"": 16, ""natural killer cell"": 18, ""pericyte"": 56, ""plasma cell"": 1094, ""plasmablast"": 8, ""precursor B cell"": 8, ""progenitor cell of endocrine pancreas"": 1, ""regulatory T cell"": 26, ""stem cell"": 47, ""stromal cell"": 332, ""transit amplifying cell"": 2044, ""tuft cell of colon"": 16, ""tuft cell of small intestine"": 88, ""type EC enteroendocrine cell"": 1, ""type L enteroendocrine cell"": 2, ""vascular associated smooth muscle cell"": 72, ""vein endothelial cell"": 116}"
Homo sapiens,descending colon,TruDrop,"{""B cell"": 62, ""T cell"": 327, ""abnormal cell"": 179, ""endothelial cell"": 69, ""fibroblast"": 59, ""goblet cell"": 3345, ""gut absorptive cell"": 7230, ""intestinal crypt stem cell of colon"": 1100, ""intestinal enteroendocrine cell"": 110, ""intestinal epithelial cell"": 345, ""mast cell"": 39, ""myeloid cell"": 70, ""neoplastic cell"": 3948, ""plasma cell"": 270, ""transit amplifying cell"": 1415, ""tuft cell"": 175}"
Homo sapiens,diaphragm,10x 3' v3,"{""B cell"": 197, ""T cell"": 10298, ""dendritic cell"": 202, ""endothelial cell"": 1136, ""fallopian tube secretory epithelial cell"": 2589, ""fibroblast"": 7362, ""mast cell"": 74, ""monocyte"": 6583, ""plasma cell"": 268}"
Homo sapiens,diencephalon,10x 3' v2,"{""cell"": 88, ""erythrocyte"": 56, ""glioblast"": 812, ""macrophage"": 74, ""neuroblast (sensu Nematoda and Protostomia)"": 9546, ""neuroblast (sensu Vertebrata)"": 11490, ""neuron"": 33705, ""radial glial cell"": 47928}"
Homo sapiens,diencephalon,10x multiome,"{""GABAergic neuron"": 1938, ""Purkinje cell"": 282, ""Schwann cell"": 18, ""committed oligodendrocyte precursor"": 18, ""dopaminergic neuron"": 474, ""endothelial cell"": 860, ""glioblast"": 13846, ""glutamatergic neuron"": 2484, ""glycinergic neuron"": 726, ""immature T cell"": 28, ""interneuron"": 1354, ""leukocyte"": 194, ""microglial cell"": 1904, ""neural progenitor cell"": 50, ""neuroblast (sensu Nematoda and Protostomia)"": 196, ""neuroblast (sensu Vertebrata)"": 94, ""neuron"": 224, ""oligodendrocyte"": 106, ""oligodendrocyte precursor cell"": 1460, ""pericyte"": 2150, ""perivascular macrophage"": 72, ""progenitor cell"": 554, ""radial glial cell"": 5796, ""sensory neuron of dorsal root ganglion"": 94, ""serotonergic neuron"": 442, ""unknown"": 2352, ""vascular associated smooth muscle cell"": 136, ""vascular leptomeningeal cell"": 280}"
Homo sapiens,dorsal lateral plate region,10x 3' v2,"{""cardiac endothelial cell"": 248, ""hematopoietic stem cell"": 154, ""pluripotent stem cell"": 18609, ""progenitor cell"": 58}"
Homo sapiens,dorsal motor nucleus of vagus nerve,10x 3' v3,"{""GABAergic neuron"": 165, ""astrocyte"": 41995, ""central nervous system macrophage"": 33286, ""central nervous system neuron"": 12348, ""endothelial cell"": 3534, ""ependymal cell"": 12139, ""glutamatergic neuron"": 351, ""leukocyte"": 1055, ""mural cell"": 5309, ""oligodendrocyte"": 171831, ""oligodendrocyte precursor cell"": 21929}"
Homo sapiens,dorsal plus ventral thalamus,10x 3' v2,"{""astrocyte"": 2552, ""cell"": 125, ""ciliated cell"": 376, ""erythrocyte"": 164, ""fibroblast"": 2, ""glial cell"": 588, ""glioblast"": 3000, ""macrophage"": 130, ""neural cell"": 5092, ""neural progenitor cell"": 1292, ""neuroblast (sensu Nematoda and Protostomia)"": 26946, ""neuroblast (sensu Vertebrata)"": 24291, ""neuroepithelial stem cell"": 2706, ""neuron"": 51182, ""oligodendrocyte"": 4, ""radial glial cell"": 61391}"
Homo sapiens,dorsal plus ventral thalamus,10x 3' v3,"{""cell"": 354, ""erythrocyte"": 386, ""fibroblast"": 8, ""glioblast"": 9368, ""macrophage"": 354, ""neuroblast (sensu Nematoda and Protostomia)"": 28491, ""neuroblast (sensu Vertebrata)"": 18048, ""neuron"": 46236, ""oligodendrocyte"": 120, ""radial glial cell"": 68922}"
Homo sapiens,dorsal root ganglion,10x 3' v2,"{""sensory neuron of dorsal root ganglion"": 380}"
Homo sapiens,dorsal root ganglion,10x 3' v3,"{""sensory neuron of dorsal root ganglion"": 1457}"
Homo sapiens,dorsolateral prefrontal cortex,10x 3' v2,"{""T cell"": 25, ""erythrocyte"": 5, ""microglial cell"": 14086, ""monocyte"": 8, ""neural cell"": 18}"
Homo sapiens,dorsolateral prefrontal cortex,10x 3' v3,"{""B cell"": 722, ""GABAergic interneuron"": 794, ""GABAergic neuron"": 133875, ""L2/3 intratelencephalic projecting glutamatergic neuron"": 905408, ""L2/3-6 intratelencephalic projecting glutamatergic neuron"": 1804154, ""L5 extratelencephalic projecting glutamatergic cortical neuron"": 11505, ""L5/6 near-projecting glutamatergic neuron"": 45978, ""L5/6 near-projecting glutamatergic neuron of the primary motor cortex"": 1215, ""L6 corticothalamic-projecting glutamatergic cortical neuron"": 70732, ""L6 intratelencephalic projecting glutamatergic neuron"": 118317, ""L6 intratelencephalic projecting glutamatergic neuron of the primary motor cortex"": 4206, ""L6b glutamatergic cortical neuron"": 42025, ""L6b glutamatergic neuron of the primary motor cortex"": 51806, ""T cell"": 8601, ""VIP GABAergic cortical interneuron"": 563163, ""astrocyte"": 937495, ""astrocyte of the cerebral cortex"": 173440, ""caudal ganglionic eminence derived cortical interneuron"": 19654, ""cerebral cortex endothelial cell"": 5296, ""chandelier pvalb GABAergic cortical interneuron"": 33146, ""corticothalamic-projecting glutamatergic cortical neuron"": 59666, ""endothelial cell"": 90185, ""erythroid lineage cell"": 239, ""glutamatergic neuron"": 2388, ""inhibitory interneuron"": 2399, ""lamp5 GABAergic cortical interneuron"": 308294, ""macrophage"": 770, ""microglial cell"": 458885, ""mural cell"": 18, ""myeloid cell"": 81, ""natural killer cell"": 4352, ""near-projecting glutamatergic cortical neuron"": 39984, ""oligodendrocyte"": 3032357, ""oligodendrocyte precursor cell"": 541800, ""pericyte"": 54863, ""perivascular macrophage"": 23717, ""plasma cell"": 187, ""pvalb GABAergic cortical interneuron"": 544762, ""smooth muscle cell"": 14868, ""sncg GABAergic cortical interneuron"": 51712, ""sst GABAergic cortical interneuron"": 454042, ""vascular leptomeningeal cell"": 64341}"
Homo sapiens,dorsolateral prefrontal cortex,10x multiome,"{""GABAergic neuron"": 6431, ""L2/3-6 intratelencephalic projecting glutamatergic neuron"": 83104, ""L5 extratelencephalic projecting glutamatergic cortical neuron"": 498, ""L6b glutamatergic cortical neuron"": 1814, ""T cell"": 1217, ""VIP GABAergic cortical interneuron"": 10402, ""astrocyte"": 13947, ""astrocyte of the cerebral cortex"": 9016, ""capillary endothelial cell"": 8620, ""caudal ganglionic eminence derived cortical interneuron"": 2799, ""cerebral cortex endothelial cell"": 158, ""chandelier pvalb GABAergic cortical interneuron"": 1082, ""corticothalamic-projecting glutamatergic cortical neuron"": 3778, ""endothelial cell"": 1740, ""endothelial cell of artery"": 7388, ""ependymal cell"": 2, ""fibroblast"": 7633, ""glutamatergic neuron"": 11754, ""inhibitory interneuron"": 37, ""lamp5 GABAergic cortical interneuron"": 8856, ""medial ganglionic eminence derived interneuron"": 2381, ""microglial cell"": 20901, ""near-projecting glutamatergic cortical neuron"": 2074, ""neural progenitor cell"": 2, ""oligodendrocyte"": 38537, ""oligodendrocyte precursor cell"": 13366, ""pericyte"": 5390, ""perivascular cell"": 1327, ""perivascular macrophage"": 1044, ""pvalb GABAergic cortical interneuron"": 13048, ""radial glial cell"": 52, ""smooth muscle cell"": 7952, ""sncg GABAergic cortical interneuron"": 2304, ""sst GABAergic cortical interneuron"": 8532, ""vascular associated smooth muscle cell"": 327, ""vascular leptomeningeal cell"": 863, ""vein endothelial cell"": 4112}"
Homo sapiens,duodenal epithelium,10x 5' v2,"{""CD16-negative, CD56-bright natural killer cell, human"": 16, ""CD16-positive, CD56-dim natural killer cell, human"": 112, ""CD4-positive, alpha-beta memory T cell"": 284, ""CD8-positive, alpha-beta memory T cell"": 32, ""IgA plasma cell"": 8, ""T follicular helper cell"": 4, ""T-helper 17 cell"": 4, ""conventional dendritic cell"": 5, ""effector memory CD8-positive, alpha-beta T cell"": 64, ""gamma-delta T cell"": 4, ""group 3 innate lymphoid cell"": 4, ""macrophage"": 10, ""mature neutrophil"": 102, ""megakaryocyte"": 10, ""memory B cell"": 76, ""monocyte"": 830, ""mucosal invariant T cell"": 20, ""naive B cell"": 780, ""naive thymus-derived CD4-positive, alpha-beta T cell"": 812, ""naive thymus-derived CD8-positive, alpha-beta T cell"": 368, ""neutrophil"": 941, ""neutrophil progenitor cell"": 5, ""plasmablast"": 12, ""precursor B cell"": 4, ""regulatory T cell"": 72, ""transit amplifying cell"": 10}"
Homo sapiens,duodeno-jejunal junction,10x 3' v2,"{""endothelial cell of artery"": 175, ""endothelial cell of lymphatic vessel"": 50, ""enteric neuron"": 725, ""enteric smooth muscle cell"": 2157, ""enterocyte"": 5374, ""enteroendocrine cell"": 270, ""epithelial cell"": 182, ""erythroblast"": 390, ""fibroblast"": 2218, ""hematopoietic cell"": 425, ""interstitial cell of Cajal"": 453, ""intestine goblet cell"": 209, ""mesodermal cell"": 4382, ""mesothelial cell"": 145, ""myofibroblast cell"": 702, ""neural crest cell"": 676, ""pericyte"": 563, ""progenitor cell"": 1110, ""stem cell"": 648, ""vein endothelial cell"": 738}"
Homo sapiens,duodenum,10x 3' v2,"{""B cell"": 1699, ""BEST4+ enterocyte"": 1123, ""CD16-negative, CD56-bright natural killer cell, human"": 2708, ""CD16-positive, CD56-dim natural killer cell, human"": 508, ""CD34-positive, CD56-positive, CD117-positive common innate lymphoid precursor, human"": 60, ""CD4-positive helper T cell"": 9, ""CD4-positive, alpha-beta T cell"": 43, ""CD4-positive, alpha-beta memory T cell"": 6020, ""CD8-positive, alpha-beta T cell"": 26, ""CD8-positive, alpha-beta memory T cell"": 7552, ""GIP cell"": 15, ""IgA plasma cell"": 4257, ""IgG plasma cell"": 204, ""IgM plasma cell"": 460, ""Langerhans cell"": 55, ""M cell of gut"": 336, ""NKp44-negative group 3 innate lymphoid cell, human"": 107, ""NKp44-positive group 3 innate lymphoid cell, human"": 50, ""P/D1 enteroendocrine cell"": 27, ""T cell"": 58, ""T follicular helper cell"": 504, ""T-helper 17 cell"": 3416, ""TREM2-positive macrophage"": 990, ""activated CD8-positive, alpha-beta T cell"": 537, ""afferent neuron"": 2384, ""angiogenic pericyte"": 108, ""capillary endothelial cell"": 3398, ""colon epithelial cell"": 23, ""colonocyte"": 5110, ""common lymphoid progenitor"": 24, ""conventional dendritic cell"": 4802, ""cycling T cell"": 824, ""dendritic cell"": 33, ""dendritic cell, human"": 60, ""effector memory CD8-positive, alpha-beta T cell"": 1628, ""endothelial cell"": 1642, ""endothelial cell of artery"": 1360, ""endothelial cell of lymphatic vessel"": 923, ""enteric neuron"": 3492, ""enteric smooth muscle cell"": 4826, ""enterocyte"": 47536, ""enteroendocrine cell"": 2689, ""enteroglial cell"": 6240, ""eosinophil"": 90, ""epithelial cell"": 21347, ""epithelial cell of lung"": 6, ""erythroblast"": 70, ""erythrocyte"": 231, ""fibroblast"": 49555, ""fibroblast of gingiva"": 12, ""fibroblastic reticular cell"": 4588, ""foveolar cell of stomach"": 57, ""gamma-delta T cell"": 2284, ""gastrointestinal tract (lamina propria) macrophage"": 27476, ""germinal center B cell"": 80, ""glial cell"": 996, ""group 2 innate lymphoid cell"": 5, ""group 3 innate lymphoid cell"": 1636, ""immature B cell"": 20, ""immature pericyte"": 2116, ""inhibitory motor neuron"": 1055, ""interneuron"": 696, ""interstitial cell of Cajal"": 1855, ""intestinal crypt stem cell"": 7181, ""intestinal epithelial cell"": 4503, ""intestinal tuft cell"": 3, ""intestine goblet cell"": 4941, ""macrophage"": 14123, ""mast cell"": 1437, ""mature NK T cell"": 2545, ""mature neutrophil"": 2, ""megakaryocyte"": 16, ""memory B cell"": 995, ""memory T cell"": 39, ""mesenchymal cell"": 19421, ""mesenchymal lymphangioblast"": 10, ""mesodermal cell"": 82983, ""mesothelial cell"": 1106, ""migratory enteric neural crest cell"": 791, ""monocyte"": 1261, ""motor neuron"": 3566, ""mucosal invariant T cell"": 196, ""mucous neck cell of gastric gland"": 131, ""myeloid leukocyte"": 3315, ""myofibroblast cell"": 23444, ""naive B cell"": 808, ""naive thymus-derived CD4-positive, alpha-beta T cell"": 1060, ""naive thymus-derived CD8-positive, alpha-beta T cell"": 504, ""natural T-regulatory cell"": 150, ""natural killer cell"": 616, ""neuroblast (sensu Vertebrata)"": 2842, ""neutrophil"": 36, ""neutrophil progenitor cell"": 295, ""oligodendrocyte precursor cell"": 750, ""paneth cell"": 125, ""parietal cell"": 3, ""peptic cell"": 3, ""pericyte"": 6208, ""peripheral nervous system neuron"": 728, ""plasmablast"": 4, ""plasmacytoid dendritic cell"": 23, ""plasmacytoid dendritic cell, human"": 565, ""precursor B cell"": 648, ""precursor cell"": 376, ""primary sensory neuron (sensu Teleostei)"": 259, ""pro-B cell"": 552, ""progenitor cell"": 13923, ""progenitor cell of endocrine pancreas"": 157, ""regulatory T cell"": 759, ""smooth muscle cell"": 20488, ""stem cell"": 2348, ""stromal cell"": 8769, ""transit amplifying cell"": 4564, ""tuft cell of small intestine"": 783, ""type B pancreatic cell"": 7, ""type D enteroendocrine cell"": 39, ""type EC enteroendocrine cell"": 678, ""type G enteroendocrine cell"": 3, ""type I enteroendocrine cell"": 90, ""type L enteroendocrine cell"": 1, ""unknown"": 118, ""vascular associated smooth muscle cell"": 1240, ""vein endothelial cell"": 4642}"
Homo sapiens,duodenum,10x 3' v3,"{""B cell"": 649, ""BEST4+ enterocyte"": 2065, ""CD16-negative, CD56-bright natural killer cell, human"": 24, ""CD16-positive, CD56-dim natural killer cell, human"": 36, ""CD4-positive, alpha-beta T cell"": 405, ""CD4-positive, alpha-beta memory T cell"": 8, ""CD8-positive, alpha-beta T cell"": 2205, ""Langerhans cell"": 5, ""M cell of gut"": 563, ""T follicular helper cell"": 12, ""T-helper 17 cell"": 60, ""TREM2-positive macrophage"": 55, ""activated CD4-positive, alpha-beta T cell"": 159, ""activated CD8-positive, alpha-beta T cell"": 1689, ""afferent neuron"": 348, ""capillary endothelial cell"": 328, ""colon epithelial cell"": 1, ""conventional dendritic cell"": 200, ""cycling T cell"": 16, ""dendritic cell, human"": 15, ""effector memory CD8-positive, alpha-beta T cell"": 12, ""endothelial cell"": 389, ""endothelial cell of arteriole"": 300, ""endothelial cell of artery"": 68, ""endothelial cell of lymphatic vessel"": 205, ""endothelial cell of venule"": 129, ""enteric neuron"": 148, ""enterocyte"": 21479, ""enterocyte of epithelium of small intestine"": 1465, ""enterocyte of epithelium proper of duodenum"": 40464, ""enterocyte of epithelium proper of ileum"": 3, ""enteroendocrine cell"": 813, ""enteroendocrine cell of small intestine"": 344, ""enteroglial cell"": 319, ""epithelial cell"": 808, ""epithelial cell of small intestine"": 79, ""erythroblast"": 17, ""fibroblast"": 4338, ""gamma-delta T cell"": 126, ""gastrointestinal tract (lamina propria) macrophage"": 2016, ""glial cell"": 90, ""goblet cell"": 2260, ""group 3 innate lymphoid cell"": 32, ""inhibitory motor neuron"": 88, ""innate lymphoid cell"": 45, ""interneuron"": 28, ""interstitial cell of Cajal"": 79, ""intestinal crypt stem cell"": 468, ""intestinal crypt stem cell of small intestine"": 1051, ""intestinal epithelial cell"": 358, ""intestinal tuft cell"": 522, ""intestine goblet cell"": 372, ""macrophage"": 1206, ""mast cell"": 393, ""mature NK T cell"": 66, ""memory B cell"": 4, ""mesenchymal cell"": 2436, ""mesodermal cell"": 4044, ""mesothelial cell"": 1, ""microfold cell of epithelium of small intestine"": 4, ""monocyte"": 113, ""motor neuron"": 312, ""myeloid dendritic cell"": 27, ""myeloid leukocyte"": 199, ""myofibroblast cell"": 117, ""naive thymus-derived CD4-positive, alpha-beta T cell"": 22, ""naive thymus-derived CD8-positive, alpha-beta T cell"": 4, ""natural killer cell"": 84, ""neuroblast (sensu Vertebrata)"": 156, ""neuron"": 6, ""neutrophil"": 54, ""neutrophil progenitor cell"": 10, ""paneth cell"": 89, ""paneth cell of epithelium of small intestine"": 4479, ""pericyte"": 605, ""peripheral nervous system neuron"": 231, ""plasma cell"": 705, ""precursor B cell"": 12, ""pro-B cell"": 52, ""progenitor cell"": 410, ""regulatory T cell"": 9, ""small intestine goblet cell"": 1003, ""smooth muscle cell"": 236, ""stem cell"": 110163, ""stromal cell"": 23, ""transit amplifying cell"": 391, ""transit amplifying cell of small intestine"": 116, ""tuft cell of colon"": 31, ""vein endothelial cell"": 328}"
Homo sapiens,duodenum,10x 5' v1,"{""BEST4+ enterocyte"": 218, ""CD16-negative, CD56-bright natural killer cell, human"": 30, ""CD16-positive, CD56-dim natural killer cell, human"": 36, ""CD4-positive helper T cell"": 332, ""CD4-positive, alpha-beta memory T cell"": 248, ""CD8-positive, alpha-beta memory T cell"": 1018, ""CD8-positive, alpha-beta memory T cell, CD45RO-positive"": 10, ""IgA plasma cell"": 80, ""IgM plasma cell"": 4, ""Langerhans cell"": 5, ""T follicular helper cell"": 34, ""T-helper 17 cell"": 120, ""alpha-beta T cell"": 154, ""alveolar macrophage"": 4, ""classical monocyte"": 12, ""conventional dendritic cell"": 31, ""cycling T cell"": 8, ""effector memory CD4-positive, alpha-beta T cell"": 12, ""effector memory CD8-positive, alpha-beta T cell"": 48, ""effector memory CD8-positive, alpha-beta T cell, terminally differentiated"": 48, ""endothelial cell of artery"": 12, ""endothelial cell of lymphatic vessel"": 24, ""enterocyte"": 1520, ""enteroendocrine cell"": 748, ""foveolar cell of stomach"": 4, ""gamma-delta T cell"": 94, ""germinal center B cell"": 4, ""group 3 innate lymphoid cell"": 8, ""intestinal crypt stem cell"": 228, ""intestine goblet cell"": 146, ""lymphocyte"": 244, ""macrophage"": 95, ""mast cell"": 43, ""memory B cell"": 14, ""mucosal invariant T cell"": 10, ""mucous neck cell of gastric gland"": 6, ""naive thymus-derived CD4-positive, alpha-beta T cell"": 188, ""naive thymus-derived CD8-positive, alpha-beta T cell"": 6, ""non-classical monocyte"": 2, ""paneth cell"": 12, ""plasma cell"": 28, ""plasmablast"": 4, ""regulatory T cell"": 4, ""transit amplifying cell"": 2135, ""tuft cell of small intestine"": 577, ""unknown"": 78, ""vein endothelial cell"": 4}"
Homo sapiens,duodenum,10x 5' v2,"{""BEST4+ enterocyte"": 424, ""CD16-negative, CD56-bright natural killer cell, human"": 864, ""CD16-positive, CD56-dim natural killer cell, human"": 16, ""CD34-positive, CD56-positive, CD117-positive common innate lymphoid precursor, human"": 52, ""CD4-positive, alpha-beta T cell"": 49, ""CD4-positive, alpha-beta memory T cell"": 412, ""CD8-positive, alpha-beta T cell"": 13, ""CD8-positive, alpha-beta memory T cell"": 108, ""GIP cell"": 29, ""IgA plasma cell"": 31, ""IgG plasma cell"": 10, ""IgM plasma cell"": 16, ""Langerhans cell"": 5, ""M cell of gut"": 380, ""NKp44-negative group 3 innate lymphoid cell, human"": 162, ""NKp44-positive group 3 innate lymphoid cell, human"": 118, ""T cell"": 194, ""T follicular helper cell"": 12, ""T-helper 17 cell"": 512, ""TREM2-positive macrophage"": 315, ""activated CD4-positive, alpha-beta T cell"": 1, ""afferent neuron"": 632, ""angiogenic pericyte"": 296, ""capillary endothelial cell"": 3088, ""colon epithelial cell"": 156, ""colonocyte"": 8687, ""common lymphoid progenitor"": 19, ""conventional dendritic cell"": 1438, ""cycling T cell"": 84, ""dendritic cell, human"": 25, ""effector memory CD8-positive, alpha-beta T cell"": 159, ""endothelial cell"": 268, ""endothelial cell of artery"": 1456, ""endothelial cell of lymphatic vessel"": 867, ""enteric neuron"": 1364, ""enteric smooth muscle cell"": 1363, ""enterocyte"": 44477, ""enterocyte of epithelium of large intestine"": 10, ""enteroendocrine cell"": 956, ""enteroglial cell"": 4284, ""eosinophil"": 25, ""epithelial cell"": 4930, ""erythrocyte"": 631, ""fibroblast"": 24676, ""fibroblast of gingiva"": 16, ""fibroblastic reticular cell"": 840, ""foveolar cell of stomach"": 3140, ""gamma-delta T cell"": 413, ""gastrointestinal tract (lamina propria) macrophage"": 9292, ""gastrointestinal tract (lamina propria) macrophage of large intestine"": 3, ""germinal center B cell"": 8, ""glial cell"": 1586, ""goblet cell"": 1, ""group 2 innate lymphoid cell"": 9, ""group 3 innate lymphoid cell"": 524, ""immature B cell"": 61, ""immature pericyte"": 1860, ""inflammatory macrophage"": 1, ""inhibitory motor neuron"": 445, ""interneuron"": 279, ""interstitial cell of Cajal"": 668, ""intestinal crypt stem cell"": 3704, ""intestinal tuft cell"": 12, ""intestine goblet cell"": 1914, ""macrophage"": 3233, ""mast cell"": 60, ""mature NK T cell"": 30, ""megakaryocyte"": 3, ""memory B cell"": 152, ""mesenchymal cell"": 48, ""mesenchymal lymphangioblast"": 19, ""mesodermal cell"": 67649, ""mesothelial cell"": 3883, ""migratory enteric neural crest cell"": 194, ""monocyte"": 301, ""motor neuron"": 1247, ""mucosal invariant T cell"": 4, ""mucous neck cell of gastric gland"": 305, ""myofibroblast cell"": 10479, ""naive B cell"": 80, ""naive thymus-derived CD4-positive, alpha-beta T cell"": 76, ""naive thymus-derived CD8-positive, alpha-beta T cell"": 40, ""natural killer cell"": 246, ""neuroblast (sensu Vertebrata)"": 1395, ""neutrophil"": 11, ""neutrophil progenitor cell"": 105, ""oligodendrocyte precursor cell"": 292, ""paneth cell"": 198, ""pericyte"": 2991, ""plasma cell"": 8, ""plasmacytoid dendritic cell"": 14, ""plasmacytoid dendritic cell, human"": 15, ""precursor B cell"": 145, ""primary sensory neuron (sensu Teleostei)"": 91, ""pro-B cell"": 169, ""progenitor cell"": 1695, ""progenitor cell of endocrine pancreas"": 19, ""regulatory T cell"": 102, ""smooth muscle cell"": 5696, ""stem cell"": 1586, ""stromal cell"": 8782, ""transit amplifying cell"": 9716, ""tuft cell of colon"": 3, ""tuft cell of small intestine"": 52, ""type B pancreatic cell"": 24, ""type D enteroendocrine cell"": 28, ""type EC enteroendocrine cell"": 574, ""type I enteroendocrine cell"": 35, ""type L enteroendocrine cell"": 1, ""unknown"": 146, ""vascular associated smooth muscle cell"": 2100, ""vein endothelial cell"": 3687}"
Homo sapiens,duodenum,10x gene expression flex,"{""CD4-positive, alpha-beta memory T cell"": 6, ""activated CD8-positive, alpha-beta T cell"": 57, ""basal cell of epithelium of lobular bronchiole"": 19, ""capillary endothelial cell"": 76, ""conventional dendritic cell"": 2, ""macrophage"": 269, ""malignant cell"": 2005, ""mucous cell of stomach"": 1232, ""muscle fibroblast"": 295, ""natural killer cell"": 7, ""parietal cell"": 349, ""pericyte"": 3, ""plasma cell"": 32, ""plasmacytoid dendritic cell"": 33, ""regulatory T cell"": 9, ""salivary gland glandular cell"": 941}"
Homo sapiens,duodenum,SORT-seq,"{""M cell of gut"": 5, ""enteroendocrine cell"": 1551, ""goblet cell"": 15, ""intestinal tuft cell"": 4, ""stem cell"": 1401}"
Homo sapiens,duodenum,Seq-Well S3,"{""M cell of gut"": 12, ""colon epithelial cell"": 2, ""enterocyte"": 103, ""enteroendocrine cell"": 2, ""epithelial cell of stomach"": 2, ""goblet cell"": 88, ""intestinal tuft cell"": 2, ""stem cell"": 8311}"
Homo sapiens,duodenum,microwell-seq,"{""B cell"": 4, ""T cell"": 31, ""dendritic cell"": 76, ""endocrine cell"": 8, ""endothelial cell"": 66, ""enterocyte"": 1525, ""epithelial cell"": 1, ""fibroblast"": 4, ""goblet cell"": 1238, ""macrophage"": 52, ""mast cell"": 2, ""plasma cell"": 1662, ""professional antigen presenting cell"": 1, ""smooth muscle cell"": 2, ""stromal cell"": 9}"
Homo sapiens,embryo,10x 3' v2,"{""cardiac endothelial cell"": 51, ""hematopoietic stem cell"": 23, ""pluripotent stem cell"": 14142, ""progenitor cell"": 28}"
Homo sapiens,embryoid body,10x 3' v3,"{""cardiac endothelial cell"": 1044, ""endothelial cell"": 2509, ""epithelial cell"": 161, ""hematopoietic precursor cell"": 1121, ""hematopoietic stem cell"": 124, ""kidney interstitial fibroblast"": 268, ""myeloid lineage restricted progenitor cell"": 124, ""pluripotent stem cell"": 8603, ""progenitor cell"": 329, ""vein endothelial cell"": 1130}"
Homo sapiens,embryoid body,sci-RNA-seq3,"{""Schwann cell"": 2549, ""blood cell"": 6960, ""endodermal cell"": 8571, ""endothelial cell"": 12399, ""epidermal cell"": 3054, ""epithelial cell"": 15494, ""fibroblast"": 4845, ""intermediate mesodermal cell"": 9629, ""lateral mesodermal cell"": 11823, ""mesodermal cell"": 18299, ""neural progenitor cell"": 10381, ""neuron"": 2351, ""paraxial cell"": 4330, ""primordial germ cell"": 10040, ""sensory neuron"": 15966, ""somatic stem cell"": 9473, ""splanchnic mesodermal cell"": 19921}"
Homo sapiens,endocrine pancreas,10x 3' v3,"{""B cell"": 81, ""CD4-positive, alpha-beta T cell"": 6, ""CD8-positive, alpha-beta T cell"": 45, ""endothelial cell"": 495, ""fibroblast"": 3, ""macrophage"": 9, ""mast cell"": 3, ""mature NK T cell"": 6, ""monocyte"": 6, ""natural killer cell"": 9, ""pancreatic PP cell"": 3, ""pancreatic acinar cell"": 1101, ""pancreatic ductal cell"": 1893, ""pancreatic stellate cell"": 3}"
Homo sapiens,endometrium,10x 3' v2,"{""B cell"": 12, ""CD4-positive, alpha-beta memory T cell"": 44, ""CD8-positive, alpha-beta memory T cell"": 68, ""blood vessel endothelial cell"": 136, ""capillary endothelial cell"": 748, ""ciliated cell"": 522, ""ciliated epithelial cell"": 292, ""decidual cell"": 23040, ""endothelial cell of artery"": 640, ""endothelial cell of lymphatic vessel"": 27, ""endothelial cell of uterus"": 7845, ""endothelial cell of venule"": 3386, ""epithelial cell"": 3442, ""fibro/adipogenic progenitor cell"": 1764, ""fibroblast"": 1813, ""fibrocyte"": 130, ""glandular secretory epithelial cell"": 2253, ""hematopoietic precursor cell"": 88, ""innate lymphoid cell"": 14, ""leukocyte"": 448, ""luminal endometrial multiciliated epithelial cell"": 536, ""macrophage"": 584, ""mast cell"": 46, ""memory T cell"": 52, ""myeloid cell"": 298, ""myoepithelial cell"": 528, ""natural killer cell"": 220, ""perivascular cell"": 8600, ""regulatory T cell"": 6, ""stromal cell"": 14, ""stromal cell of endometrium"": 1886, ""stromal cell of ovary"": 11637, ""supporting cell"": 6763, ""unknown"": 353, ""uterine smooth muscle cell"": 19663}"
Homo sapiens,endometrium,10x 3' v3,"{""B cell"": 442, ""CD4-positive, alpha-beta T cell"": 1149, ""CD4-positive, alpha-beta memory T cell"": 3220, ""CD8-positive, alpha-beta T cell"": 3720, ""CD8-positive, alpha-beta memory T cell"": 4460, ""T cell"": 123, ""blood vessel endothelial cell"": 373, ""capillary endothelial cell"": 574, ""cell in vitro"": 118672, ""ciliated cell"": 3611, ""ciliated epithelial cell"": 6107, ""decidual cell"": 67244, ""endothelial cell"": 1056, ""endothelial cell of artery"": 570, ""endothelial cell of lymphatic vessel"": 283, ""endothelial cell of uterus"": 4287, ""endothelial cell of venule"": 2542, ""epithelial cell"": 62099, ""epithelial cell of uterus"": 3540, ""fibro/adipogenic progenitor cell"": 333, ""fibroblast"": 17109, ""fibrocyte"": 638, ""glandular secretory epithelial cell"": 30700, ""granulocyte"": 3, ""hematopoietic precursor cell"": 1350, ""innate lymphoid cell"": 2048, ""intermediate monocyte"": 15, ""leukocyte"": 3044, ""luminal endometrial multiciliated epithelial cell"": 8009, ""macrophage"": 8731, ""mast cell"": 1698, ""mature NK T cell"": 606, ""memory T cell"": 834, ""monocyte"": 60, ""myeloid cell"": 463, ""myoepithelial cell"": 1019, ""myofibroblast cell"": 270, ""natural killer cell"": 15721, ""neutrophil"": 123, ""pericyte"": 45, ""perivascular cell"": 6986, ""plasma cell"": 48, ""regulatory T cell"": 448, ""stromal cell"": 3670, ""stromal cell of endometrium"": 1172, ""stromal cell of ovary"": 25474, ""supporting cell"": 1180, ""unknown"": 1386, ""uterine smooth muscle cell"": 7030, ""vascular associated smooth muscle cell"": 18}"
Homo sapiens,entorhinal cortex,10x 3' v2,"{""GABAergic neuron"": 10902, ""endothelial cell"": 730, ""glutamatergic neuron"": 19142, ""mature astrocyte"": 11416, ""mature microglial cell"": 11575, ""oligodendrocyte"": 17783, ""oligodendrocyte precursor cell"": 3913}"
Homo sapiens,entorhinal cortex,10x 3' v3,"{""GABAergic interneuron"": 882, ""VIP GABAergic cortical interneuron"": 3316, ""astrocyte"": 16014, ""brain vascular cell"": 6654, ""caudal ganglionic eminence derived cortical interneuron"": 455, ""cell"": 96, ""chandelier cell"": 490, ""cortical interneuron"": 16416, ""ependymal cell"": 1374, ""erythrocyte"": 112, ""forebrain neuroblast"": 5657, ""glioblast"": 8940, ""glutamatergic neuron"": 38194, ""inhibitory interneuron"": 124, ""lamp5 GABAergic cortical interneuron"": 1739, ""leukocyte"": 27, ""macrophage"": 108, ""microglial cell"": 4942, ""neural progenitor cell"": 3817, ""neuroblast (sensu Nematoda and Protostomia)"": 3744, ""neuroblast (sensu Vertebrata)"": 8091, ""neuron"": 9252, ""oligodendrocyte"": 11771, ""oligodendrocyte precursor cell"": 10663, ""pvalb GABAergic cortical interneuron"": 2094, ""radial glial cell"": 5146, ""sncg GABAergic cortical interneuron"": 603, ""sst GABAergic cortical interneuron"": 1963, ""sst chodl GABAergic cortical interneuron"": 99}"
Homo sapiens,epithelial lining fluid,10x 3' v3,"{""CD16-negative, CD56-bright natural killer cell, human"": 3097, ""CD16-positive, CD56-dim natural killer cell, human"": 11565, ""CD4-positive, CD25-positive, alpha-beta regulatory T cell"": 408, ""CD4-positive, alpha-beta memory T cell"": 250, ""CD8-positive, alpha-beta memory T cell"": 526, ""central memory CD4-positive, alpha-beta T cell"": 3244, ""central memory CD8-positive, alpha-beta T cell"": 93, ""classical monocyte"": 4368, ""conventional dendritic cell"": 169, ""effector memory CD4-positive, alpha-beta T cell"": 513, ""effector memory CD4-positive, alpha-beta T cell, terminally differentiated"": 75, ""effector memory CD8-positive, alpha-beta T cell"": 141, ""effector memory CD8-positive, alpha-beta T cell, terminally differentiated"": 326, ""gamma-delta T cell"": 268, ""group 1 innate lymphoid cell"": 4, ""group 3 innate lymphoid cell"": 11, ""immature innate lymphoid cell"": 1138, ""macrophage"": 149, ""mast cell"": 6, ""memory B cell"": 141, ""mucosal invariant T cell"": 195, ""naive B cell"": 126, ""naive thymus-derived CD4-positive, alpha-beta T cell"": 1769, ""naive thymus-derived CD8-positive, alpha-beta T cell"": 119, ""non-classical monocyte"": 1723, ""plasma cell"": 35, ""plasmablast"": 273, ""plasmacytoid dendritic cell"": 277, ""precursor B cell"": 1, ""progenitor cell"": 167}"
Homo sapiens,epithelial lining fluid,10x 5' v2,"{""B cell"": 44, ""CD16-negative, CD56-bright natural killer cell, human"": 1454, ""CD16-positive, CD56-dim natural killer cell, human"": 2080, ""CD4-positive, CD25-positive, alpha-beta regulatory T cell"": 2782, ""CD4-positive, alpha-beta memory T cell"": 1702, ""CD8-positive, alpha-beta memory T cell"": 1859, ""central memory CD4-positive, alpha-beta T cell"": 3241, ""central memory CD8-positive, alpha-beta T cell"": 161, ""classical monocyte"": 3867, ""conventional dendritic cell"": 839, ""effector memory CD4-positive, alpha-beta T cell"": 9677, ""effector memory CD4-positive, alpha-beta T cell, terminally differentiated"": 175, ""effector memory CD8-positive, alpha-beta T cell"": 774, ""effector memory CD8-positive, alpha-beta T cell, terminally differentiated"": 1380, ""gamma-delta T cell"": 831, ""germinal center B cell"": 2, ""germinal center T cell"": 1, ""group 1 innate lymphoid cell"": 16, ""group 3 innate lymphoid cell"": 103, ""immature innate lymphoid cell"": 121, ""macrophage"": 99537, ""mast cell"": 332, ""memory B cell"": 1262, ""mucosal invariant T cell"": 485, ""naive B cell"": 338, ""naive thymus-derived CD4-positive, alpha-beta T cell"": 460, ""naive thymus-derived CD8-positive, alpha-beta T cell"": 492, ""non-classical monocyte"": 1184, ""plasma cell"": 171, ""plasmablast"": 231, ""plasmacytoid dendritic cell"": 5, ""progenitor cell"": 53}"
Homo sapiens,epithelium of esophagus,10x 3' v2,"{""B cell"": 773, ""CD16-negative, CD56-bright natural killer cell, human"": 104, ""CD16-positive, CD56-dim natural killer cell, human"": 44, ""CD4-positive, alpha-beta T cell"": 1350, ""CD4-positive, alpha-beta memory T cell"": 284, ""CD8-positive, alpha-beta T cell"": 797, ""CD8-positive, alpha-beta cytotoxic T cell"": 201, ""CD8-positive, alpha-beta memory T cell"": 788, ""IgA plasma cell"": 4, ""Langerhans cell"": 35, ""T follicular helper cell"": 188, ""T-helper 17 cell"": 564, ""TREM2-positive macrophage"": 160, ""basal cell"": 38384, ""blood vessel endothelial cell"": 1498, ""capillary endothelial cell"": 708, ""conventional dendritic cell"": 930, ""cycling basal cell"": 8668, ""dendritic cell"": 337, ""dendritic cell, human"": 20, ""effector memory CD8-positive, alpha-beta T cell"": 484, ""endothelial cell"": 32, ""endothelial cell of artery"": 584, ""endothelial cell of lymphatic vessel"": 433, ""epithelial cell"": 87675, ""epithelial cell of stratum germinativum of esophagus"": 754, ""erythrocyte"": 10, ""fibroblast"": 932, ""fibroblast of gingiva"": 12, ""fibroblastic reticular cell"": 4, ""gamma-delta T cell"": 272, ""gastrointestinal tract (lamina propria) macrophage"": 60, ""germinal center B cell"": 4, ""glandular cell of esophagus"": 4228, ""group 3 innate lymphoid cell"": 196, ""immature B cell"": 462, ""keratinocyte"": 294416, ""macrophage"": 575, ""mast cell"": 367, ""memory B cell"": 1500, ""monocyte"": 490, ""mononuclear phagocyte"": 334, ""mucosal invariant T cell"": 20, ""mucus secreting cell"": 55, ""naive B cell"": 996, ""naive thymus-derived CD4-positive, alpha-beta T cell"": 952, ""naive thymus-derived CD8-positive, alpha-beta T cell"": 128, ""pericyte"": 32, ""precursor B cell"": 4, ""regulatory T cell"": 376, ""stratified epithelial cell"": 50469, ""stromal cell"": 505, ""vascular associated smooth muscle cell"": 228, ""vein endothelial cell"": 4048}"
Homo sapiens,epithelium of main bronchus,CEL-seq,"{""T cell"": 56, ""basal cell of epithelium of bronchus"": 218, ""bronchial goblet cell"": 75, ""club cell"": 209, ""deuterosomal cell"": 13, ""lung secretory cell"": 130, ""multiciliated epithelial cell of the bronchus"": 71, ""pulmonary ionocyte"": 13, ""respiratory tract epithelial cell"": 11}"
Homo sapiens,epithelium of rectum,10x 3' v2,"{""BEST4+ enterocyte"": 1636, ""CD16-positive, CD56-dim natural killer cell, human"": 4, ""CD4-positive, alpha-beta memory T cell"": 4, ""CD8-positive, alpha-beta memory T cell"": 20, ""IgA plasma cell"": 52, ""IgG plasma cell"": 44, ""IgM plasma cell"": 4, ""TREM2-positive macrophage"": 5, ""colonocyte"": 8440, ""conventional dendritic cell"": 10, ""cycling T cell"": 4, ""enteroendocrine cell"": 516, ""fibroblast"": 16, ""gamma-delta T cell"": 60, ""germinal center B cell"": 124, ""intestinal crypt stem cell"": 1096, ""intestine goblet cell"": 4700, ""macrophage"": 10, ""memory B cell"": 20, ""naive B cell"": 4, ""transit amplifying cell"": 1924, ""tuft cell of small intestine"": 20}"
Homo sapiens,epithelium of small intestine,10x 3' v2,"{""CD16-negative, CD56-bright natural killer cell, human"": 191, ""CD16-positive, CD56-dim natural killer cell, human"": 401, ""CD4-positive, alpha-beta memory T cell"": 1042, ""CD8-positive, alpha-beta memory T cell"": 5572, ""T follicular helper cell"": 40, ""T-helper 17 cell"": 3643, ""conventional dendritic cell"": 4, ""cycling T cell"": 86, ""effector memory CD8-positive, alpha-beta T cell"": 545, ""gamma-delta T cell"": 6719, ""group 3 innate lymphoid cell"": 11, ""monocyte"": 8, ""mucosal invariant T cell"": 33, ""naive thymus-derived CD4-positive, alpha-beta T cell"": 1061, ""naive thymus-derived CD8-positive, alpha-beta T cell"": 858, ""plasmablast"": 3, ""plasmacytoid dendritic cell, human"": 49, ""regulatory T cell"": 234, ""transit amplifying cell"": 15}"
Homo sapiens,epithelium of small intestine,10x 3' v3,"{""B cell"": 5, ""BEST4+ enterocyte"": 4, ""CD4-positive, alpha-beta T cell"": 5, ""CD8-positive, alpha-beta T cell"": 11, ""M cell of gut"": 162, ""T cell"": 10, ""conventional dendritic cell"": 1, ""enterocyte"": 7227, ""enteroendocrine cell"": 12, ""epithelial cell"": 174, ""goblet cell"": 522, ""innate lymphoid cell"": 4, ""intestine goblet cell"": 918, ""intraepithelial lymphocyte"": 11, ""macrophage"": 7, ""mast cell"": 2, ""monocyte"": 1, ""natural killer cell"": 8, ""paneth cell"": 48, ""plasma cell"": 4, ""plasmacytoid dendritic cell"": 3, ""regulatory T cell"": 2, ""stem cell"": 663, ""transit amplifying cell"": 540, ""tuft cell"": 5, ""tuft cell of small intestine"": 2, ""type L enteroendocrine cell"": 3, ""unknown"": 12}"
Homo sapiens,epithelium of stomach,10x 5' v2,"{""CD16-negative, CD56-bright natural killer cell, human"": 100, ""CD16-positive, CD56-dim natural killer cell, human"": 3132, ""CD4-positive, alpha-beta memory T cell"": 736, ""CD8-positive, alpha-beta memory T cell"": 160, ""IgG plasma cell"": 8, ""T follicular helper cell"": 20, ""T-helper 17 cell"": 28, ""TREM2-positive macrophage"": 5, ""conventional dendritic cell"": 15, ""cycling T cell"": 52, ""effector memory CD8-positive, alpha-beta T cell"": 976, ""fibroblast of gingiva"": 4, ""gamma-delta T cell"": 160, ""group 3 innate lymphoid cell"": 4, ""macrophage"": 50, ""mature neutrophil"": 188, ""memory B cell"": 612, ""monocyte"": 520, ""mucosal invariant T cell"": 132, ""naive B cell"": 2400, ""naive thymus-derived CD4-positive, alpha-beta T cell"": 1008, ""naive thymus-derived CD8-positive, alpha-beta T cell"": 564, ""neutrophil"": 230, ""plasmablast"": 16, ""precursor B cell"": 68, ""pro-B cell"": 20, ""regulatory T cell"": 64}"
Homo sapiens,epithelium of trachea,10x 3' v2,"{""B cell"": 571, ""basal cell"": 2211, ""chondrocyte"": 3, ""ciliated epithelial cell"": 1104, ""endothelial cell"": 58, ""enteroendocrine cell"": 50, ""epithelial cell"": 9, ""epithelial cell of lung"": 271, ""erythroblast"": 668, ""glial cell"": 49, ""hepatocyte"": 37, ""intestinal epithelial cell"": 5, ""mature NK T cell"": 1649, ""mesenchymal cell"": 126, ""mesothelial cell"": 5, ""myeloid leukocyte"": 208, ""peripheral nervous system neuron"": 30, ""unknown"": 174}"
Homo sapiens,esophagogastric junction,10x 3' v2,"{""CD4-positive helper T cell"": 9, ""IgA plasma cell"": 162, ""IgG plasma cell"": 21, ""P/D1 enteroendocrine cell"": 318, ""activated CD8-positive, alpha-beta T cell"": 243, ""capillary endothelial cell"": 24, ""dendritic cell"": 21, ""endothelial cell of artery"": 123, ""enterocyte"": 24, ""enteroendocrine cell"": 177, ""epithelial cell of esophagus"": 18110, ""erythrocyte"": 32, ""fibroblast"": 168, ""foveolar cell of stomach"": 6342, ""gamma-delta T cell"": 171, ""glandular cell of esophagus"": 274, ""macrophage"": 201, ""mast cell"": 81, ""memory B cell"": 258, ""memory T cell"": 42, ""monocyte"": 108, ""mucous neck cell of gastric gland"": 717, ""natural T-regulatory cell"": 102, ""natural killer cell"": 24, ""parietal cell"": 30, ""peptic cell"": 183, ""stem cell"": 18, ""unknown"": 426, ""vein endothelial cell"": 696}"
Homo sapiens,esophagus,10x 3' v2,"{""B cell"": 14, ""CD4-positive, alpha-beta memory T cell"": 16, ""T-helper 17 cell"": 16, ""TREM2-positive macrophage"": 20, ""afferent neuron"": 84, ""angiogenic pericyte"": 40, ""basal cell"": 4621, ""capillary endothelial cell"": 76, ""chondrocyte"": 1, ""ciliated epithelial cell"": 62, ""conventional dendritic cell"": 15, ""cycling T cell"": 4, ""cycling basal cell"": 292, ""endothelial cell"": 102, ""endothelial cell of artery"": 44, ""endothelial cell of lymphatic vessel"": 12, ""enteric neuron"": 16, ""enteroendocrine cell"": 4, ""enteroglial cell"": 388, ""epithelial cell"": 1361, ""epithelial cell of lung"": 156, ""erythroblast"": 7, ""fibroblast"": 4392, ""fibroblastic reticular cell"": 36, ""gastrointestinal tract (lamina propria) macrophage"": 4, ""glandular cell of esophagus"": 820, ""glial cell"": 107, ""group 3 innate lymphoid cell"": 4, ""immature pericyte"": 272, ""inhibitory motor neuron"": 24, ""interneuron"": 16, ""keratinocyte"": 6224, ""macrophage"": 115, ""mature NK T cell"": 51, ""mesenchymal cell"": 1417, ""mesodermal cell"": 512, ""mesothelial cell"": 1, ""monocyte"": 15, ""motor neuron"": 404, ""muscle cell"": 532, ""myeloid leukocyte"": 50, ""myofibroblast cell"": 40, ""naive thymus-derived CD4-positive, alpha-beta T cell"": 8, ""naive thymus-derived CD8-positive, alpha-beta T cell"": 24, ""neuroblast (sensu Vertebrata)"": 24, ""neutrophil progenitor cell"": 5, ""pericyte"": 95, ""peripheral nervous system neuron"": 140, ""regulatory T cell"": 12, ""smooth muscle cell"": 196, ""unknown"": 3, ""vascular associated smooth muscle cell"": 84, ""vein endothelial cell"": 164}"
Homo sapiens,esophagus,10x 5' transcription profiling,"{""CD16-positive, CD56-dim natural killer cell, human"": 12, ""CD4-positive, alpha-beta memory T cell"": 8, ""CD8-positive, alpha-beta memory T cell"": 24, ""IgA plasma cell"": 332, ""IgG plasma cell"": 28, ""T-helper 17 cell"": 28, ""TREM2-positive macrophage"": 15, ""basal cell"": 4024, ""capillary endothelial cell"": 360, ""conventional dendritic cell"": 390, ""cycling T cell"": 8, ""cycling basal cell"": 48, ""effector memory CD8-positive, alpha-beta T cell"": 16, ""endothelial cell"": 4, ""endothelial cell of artery"": 332, ""endothelial cell of lymphatic vessel"": 72, ""enteroglial cell"": 36, ""epithelial cell"": 2720, ""fibroblast"": 9004, ""fibroblast of gingiva"": 44, ""fibroblastic reticular cell"": 24, ""gastrointestinal tract (lamina propria) macrophage"": 608, ""glandular cell of esophagus"": 112, ""keratinocyte"": 9108, ""macrophage"": 530, ""memory B cell"": 36, ""monocyte"": 105, ""motor neuron"": 4, ""myofibroblast cell"": 4, ""neuroblast (sensu Vertebrata)"": 12, ""pericyte"": 148, ""regulatory T cell"": 16, ""vascular associated smooth muscle cell"": 448, ""vein endothelial cell"": 1588}"
Homo sapiens,esophagus,microwell-seq,"{""B cell"": 386, ""T cell"": 242, ""basal cell"": 3712, ""cord blood hematopoietic stem cell"": 3, ""dendritic cell"": 237, ""endocrine cell"": 2, ""endothelial cell"": 873, ""epithelial cell"": 4, ""erythroid progenitor cell"": 1, ""fibroblast"": 3763, ""kidney loop of Henle epithelial cell"": 1, ""macrophage"": 658, ""mast cell"": 175, ""mesenchymal stem cell"": 1, ""monocyte"": 74, ""neutrophil"": 42, ""plasma cell"": 144, ""smooth muscle cell"": 63, ""stratified epithelial cell"": 838, ""stromal cell"": 145}"
Homo sapiens,esophagus muscularis mucosa,10x 3' v2,"{""B cell"": 15, ""Schwann cell"": 970, ""T cell"": 236, ""adipocyte"": 168, ""contractile cell"": 965, ""dendritic cell"": 539, ""endothelial cell of lymphatic vessel"": 1210, ""endothelial cell of vascular tree"": 3275, ""enteric smooth muscle cell"": 9159, ""fibroblast"": 10580, ""interstitial cell of Cajal"": 225, ""macrophage"": 1679, ""mast cell"": 685, ""mature NK T cell"": 34, ""neuron"": 25, ""professional antigen presenting cell"": 23, ""smooth muscle cell"": 4385}"
Homo sapiens,exocrine pancreas,10x 3' v3,"{""B cell"": 78, ""CD4-positive, alpha-beta T cell"": 105, ""CD8-positive, alpha-beta T cell"": 1809, ""T cell"": 3, ""classical monocyte"": 1170, ""endothelial cell"": 6480, ""fibroblast"": 579, ""intermediate monocyte"": 126, ""macrophage"": 4761, ""mast cell"": 3, ""monocyte"": 33, ""natural killer cell"": 141, ""neutrophil"": 21, ""non-classical monocyte"": 3, ""pancreatic A cell"": 144, ""pancreatic D cell"": 27, ""pancreatic PP cell"": 3, ""pancreatic acinar cell"": 15345, ""pancreatic ductal cell"": 6270, ""pancreatic stellate cell"": 1311, ""plasma cell"": 39, ""type B pancreatic cell"": 306}"
Homo sapiens,external iliac lymph node,10x gene expression flex,"{""CD4-positive, alpha-beta memory T cell"": 207, ""activated CD8-positive, alpha-beta T cell"": 315, ""basal cell of epithelium of lobular bronchiole"": 1, ""capillary endothelial cell"": 67, ""conventional dendritic cell"": 58, ""macrophage"": 694, ""malignant cell"": 6319, ""mucous cell of stomach"": 1, ""muscle fibroblast"": 1112, ""natural killer cell"": 13, ""pericyte"": 23, ""plasma cell"": 13, ""plasmacytoid dendritic cell"": 81, ""plasmacytoid dendritic cell, human"": 29, ""salivary gland glandular cell"": 3}"
Homo sapiens,eye,10x 3' v3,"{""B cell"": 141, ""CD4-positive, alpha-beta T cell"": 216, ""CD8-positive, alpha-beta T cell"": 297, ""Mueller cell"": 162, ""Schwann cell"": 147, ""T cell"": 15, ""acinar cell"": 36, ""basophil"": 9, ""classical monocyte"": 15, ""conjunctival epithelial cell"": 4503, ""corneal epithelial cell"": 144, ""erythrocyte"": 102, ""eye photoreceptor cell"": 2071, ""fibroblast"": 951, ""intermediate monocyte"": 12, ""keratocyte"": 993, ""macrophage"": 99, ""mast cell"": 12, ""mature NK T cell"": 54, ""microglial cell"": 342, ""monocyte"": 54, ""myeloid leukocyte"": 225, ""natural killer cell"": 33, ""neutrophil"": 51, ""plasma cell"": 6, ""retina horizontal cell"": 6, ""retinal bipolar neuron"": 72, ""retinal blood vessel endothelial cell"": 219, ""retinal pigment epithelial cell"": 147, ""smooth muscle cell"": 15}"
Homo sapiens,eye,Smart-seq2,"{""B cell"": 39, ""CD4-positive, alpha-beta T cell"": 57, ""CD8-positive, alpha-beta T cell"": 69, ""Mueller cell"": 33, ""Schwann cell"": 3, ""T cell"": 15, ""adipocyte"": 3, ""conjunctival epithelial cell"": 45, ""eye photoreceptor cell"": 120, ""keratocyte"": 21, ""macrophage"": 15, ""mast cell"": 3, ""microglial cell"": 96, ""monocyte"": 6, ""myeloid dendritic cell"": 27, ""plasma cell"": 3, ""radial glial cell"": 3, ""retinal bipolar neuron"": 6, ""retinal blood vessel endothelial cell"": 3, ""retinal pigment epithelial cell"": 9, ""stromal cell"": 6}"
Homo sapiens,eye,microwell-seq,"{""T cell"": 2, ""basal cell"": 2, ""cell of skeletal muscle"": 24, ""cord blood hematopoietic stem cell"": 1, ""dendritic cell"": 5, ""embryonic stem cell"": 1, ""endocrine cell"": 4, ""endothelial cell"": 44, ""epithelial cell"": 256, ""erythroid lineage cell"": 228, ""erythroid progenitor cell"": 6, ""fibroblast"": 14, ""goblet cell"": 1, ""macrophage"": 3, ""mesenchymal stem cell"": 401, ""neuron"": 804, ""primordial germ cell"": 58, ""professional antigen presenting cell"": 6, ""stratified epithelial cell"": 1, ""stromal cell"": 19}"
Homo sapiens,eye,sci-RNA-seq3,"{""Mueller cell"": 18655, ""amacrine cell"": 10138, ""astrocyte"": 231, ""bipolar neuron"": 1499, ""cell of skeletal muscle"": 180, ""corneal epithelial cell"": 130, ""endothelial cell of vascular tree"": 266, ""ganglion interneuron"": 1715, ""lens fiber cell"": 314, ""microglial cell"": 115, ""photoreceptor cell"": 15407, ""retina horizontal cell"": 2863, ""retinal ganglion cell"": 10909, ""retinal pigment epithelial cell"": 884, ""smooth muscle cell"": 56, ""stromal cell"": 1306}"
Homo sapiens,eye trabecular meshwork,10x 3' v2,"{""B cell"": 151, ""Schwann cell"": 9272, ""blood vessel endothelial cell"": 598, ""ciliary muscle cell"": 1029, ""endothelial cell"": 189, ""lymphocyte"": 558, ""macrophage"": 1482, ""mast cell"": 79, ""melanocyte"": 1285, ""myelinating Schwann cell"": 162, ""pericyte"": 536, ""trabecular meshwork cell"": 6100}"
Homo sapiens,eye trabecular meshwork,10x 3' v3,"{""B cell"": 238, ""Schwann cell"": 61807, ""basal cell"": 2, ""blood vessel endothelial cell"": 9847, ""ciliary muscle cell"": 85338, ""conjunctival epithelial cell"": 3, ""corneal endothelial cell"": 180, ""endothelial cell"": 1840, ""fibroblast"": 34391, ""goblet cell"": 2, ""lymphocyte"": 3436, ""macrophage"": 16896, ""mast cell"": 726, ""melanocyte"": 21429, ""myelinating Schwann cell"": 1006, ""non-pigmented ciliary epithelial cell"": 342, ""pericyte"": 3326, ""pigmented ciliary epithelial cell"": 583, ""trabecular meshwork cell"": 82137}"
Homo sapiens,eye trabecular meshwork,10x 5' v2,"{""B cell"": 1, ""Schwann cell"": 246, ""blood vessel endothelial cell"": 21, ""ciliary muscle cell"": 315, ""lymphocyte"": 8, ""macrophage"": 17, ""mast cell"": 17, ""melanocyte"": 49, ""myelinating Schwann cell"": 1, ""pericyte"": 11, ""trabecular meshwork cell"": 827}"
Homo sapiens,eyeball of camera-type eye,10x 3' v3,"{""B cell"": 13, ""T cell"": 10, ""blood vessel smooth muscle cell"": 4, ""dendritic cell"": 2, ""endothelial cell of arteriole"": 5, ""endothelial cell of venule"": 32, ""fenestrated endothelial cell"": 22, ""fibroblast"": 4030, ""macrophage"": 251, ""mast cell"": 56, ""melanocyte"": 172, ""monocyte"": 28, ""natural killer cell"": 15, ""non-myelinating Schwann cell"": 39, ""pericyte"": 63, ""plasma cell"": 2, ""retinal pigment epithelial cell"": 2288}"
Homo sapiens,eyelid,10x 3' v3,"{""B cell"": 3708, ""CD4-positive, alpha-beta T cell"": 1947, ""CD8-positive, alpha-beta T cell"": 798, ""Schwann cell"": 261, ""T cell"": 60, ""acinar cell"": 198, ""basophil"": 3, ""classical monocyte"": 9, ""conjunctival epithelial cell"": 4131, ""erythrocyte"": 126, ""fibroblast"": 2133, ""intermediate monocyte"": 36, ""keratocyte"": 117, ""macrophage"": 24, ""mast cell"": 75, ""mature NK T cell"": 72, ""microglial cell"": 168, ""monocyte"": 81, ""muscle cell"": 390, ""myeloid leukocyte"": 1017, ""natural killer cell"": 33, ""plasma cell"": 3369, ""retinal blood vessel endothelial cell"": 3774, ""smooth muscle cell"": 912}"
Homo sapiens,fallopian tube,10x 3' v3,"{""B cell"": 539, ""T cell"": 4576, ""blood vessel endothelial cell"": 1185, ""cell"": 409, ""ciliated epithelial cell"": 1566, ""dendritic cell"": 48, ""endothelial cell"": 476, ""endothelial cell of lymphatic vessel"": 650, ""fallopian tube secretory epithelial cell"": 22862, ""fibroblast"": 5047, ""lymphocyte"": 450, ""macrophage"": 7117, ""mast cell"": 1130, ""mature NK T cell"": 6253, ""monocyte"": 3571, ""myeloid leukocyte"": 30, ""myofibroblast cell"": 8113, ""pericyte"": 380, ""plasma cell"": 616, ""secretory cell"": 3563, ""smooth muscle cell"": 547, ""unknown"": 2}"
Homo sapiens,fallopian tube,microwell-seq,"{""T cell"": 256, ""dendritic cell"": 521, ""endothelial cell"": 118, ""epithelial cell"": 5, ""fibroblast"": 3198, ""macrophage"": 103, ""mast cell"": 35, ""monocyte"": 13, ""neutrophil"": 2, ""plasma cell"": 103, ""professional antigen presenting cell"": 7, ""smooth muscle cell"": 401, ""stratified epithelial cell"": 1726, ""stromal cell"": 68}"
Homo sapiens,femoral artery,10x 3' v3,"{""B cell"": 4948, ""T cell"": 23276, ""dendritic cell"": 416, ""endothelial cell"": 93, ""fibroblast"": 60, ""macrophage"": 1169, ""mast cell"": 408, ""monocyte"": 410, ""natural killer cell"": 2346, ""neutrophil"": 1763, ""plasma cell"": 159, ""smooth muscle cell"": 301}"
Homo sapiens,fimbria of fallopian tube,10x 3' v3,"{""B cell"": 398, ""blood vessel endothelial cell"": 888, ""ciliated epithelial cell"": 10696, ""endothelial cell"": 5163, ""endothelial cell of lymphatic vessel"": 7013, ""fallopian tube secretory epithelial cell"": 2609, ""fibroblast"": 6303, ""lymphocyte"": 7859, ""macrophage"": 5438, ""mast cell"": 1974, ""mature NK T cell"": 4684, ""myofibroblast cell"": 12300, ""natural killer cell"": 1780, ""peg cell"": 4100, ""pericyte"": 3644, ""perivascular cell"": 4512, ""plasma cell"": 619, ""secretory cell"": 18645, ""smooth muscle cell"": 3240, ""stromal cell"": 43120}"
Homo sapiens,fimbria of fallopian tube,Drop-seq,"{""B cell"": 9, ""ciliated epithelial cell"": 16, ""endothelial cell"": 43, ""endothelial cell of lymphatic vessel"": 6, ""fallopian tube secretory epithelial cell"": 50, ""lymphocyte"": 36, ""macrophage"": 25, ""mast cell"": 22, ""natural killer cell"": 36, ""pericyte"": 50, ""perivascular cell"": 49, ""plasma cell"": 10, ""secretory cell"": 46, ""smooth muscle cell"": 18, ""stromal cell"": 452}"
Homo sapiens,forebrain,10x 3' v2,"{""B cell"": 44, ""astrocyte"": 140, ""cell"": 474, ""dendritic cell"": 278, ""endothelial cell"": 194, ""erythrocyte"": 1390, ""fibroblast"": 2764, ""glioblast"": 56704, ""macrophage"": 18171, ""malignant cell"": 40242, ""mast cell"": 4, ""mature T cell"": 1344, ""microglial cell"": 13626, ""monocyte"": 2023, ""mural cell"": 576, ""natural killer cell"": 40, ""neural crest cell"": 20, ""neuroblast (sensu Nematoda and Protostomia)"": 40927, ""neuroblast (sensu Vertebrata)"": 57659, ""neuron"": 134239, ""neutrophil"": 14, ""oligodendrocyte"": 8612, ""oligodendrocyte precursor cell"": 50, ""plasma cell"": 14, ""radial glial cell"": 104966}"
Homo sapiens,forebrain,10x 3' v3,"{""B cell"": 22, ""astrocyte"": 4, ""cell"": 58, ""dendritic cell"": 178, ""endothelial cell"": 450, ""erythrocyte"": 392, ""fibroblast"": 10050, ""macrophage"": 24751, ""malignant cell"": 11449, ""mast cell"": 6, ""mature T cell"": 1900, ""microglial cell"": 6126, ""monocyte"": 554, ""mural cell"": 715, ""natural killer cell"": 225, ""neural crest cell"": 98, ""neural progenitor cell"": 43164, ""neuroblast (sensu Nematoda and Protostomia)"": 1338, ""neuroblast (sensu Vertebrata)"": 8204, ""neuron"": 139221, ""neuroplacodal cell"": 2, ""neutrophil"": 2, ""oligodendrocyte"": 727, ""oligodendrocyte precursor cell"": 107, ""plasma cell"": 13, ""radial glial cell"": 50172}"
Homo sapiens,forebrain,10x multiome,"{""Cajal-Retzius cell"": 120, ""GABAergic neuron"": 136, ""L2/3 intratelencephalic projecting glutamatergic neuron"": 29, ""L4 intratelencephalic projecting glutamatergic neuron"": 31, ""L5 extratelencephalic projecting glutamatergic cortical neuron"": 4, ""L5 intratelencephalic projecting glutamatergic neuron"": 8, ""L6 intratelencephalic projecting glutamatergic neuron"": 26, ""L6b glutamatergic cortical neuron"": 108, ""VIP GABAergic cortical interneuron"": 1, ""astrocyte"": 10, ""brain vascular cell"": 10, ""caudal ganglionic eminence derived cortical interneuron"": 52, ""committed oligodendrocyte precursor"": 4, ""corticothalamic-projecting glutamatergic cortical neuron"": 53, ""forebrain radial glial cell"": 1254, ""glutamatergic neuron"": 539, ""immature astrocyte"": 20, ""intratelencephalic-projecting glutamatergic cortical neuron"": 75, ""medial ganglionic eminence derived GABAergic cortical interneuron"": 96, ""microglial cell"": 7, ""near-projecting glutamatergic cortical neuron"": 1, ""neural progenitor cell"": 523, ""oligodendrocyte"": 7, ""oligodendrocyte precursor cell"": 2, ""pvalb GABAergic cortical interneuron"": 3, ""sncg GABAergic cortical interneuron"": 1, ""sst GABAergic cortical interneuron"": 70, ""unknown"": 11}"
Homo sapiens,forebrain,Smart-seq2,"{""macrophage"": 52, ""malignant cell"": 662, ""mature T cell"": 14, ""microglial cell"": 26, ""monocyte"": 6, ""oligodendrocyte"": 38}"
Homo sapiens,forebrain meninges,10x 3' v3,"{""B cell"": 2, ""Schwann cell"": 6, ""Schwann cell precursor"": 244, ""arachnoid barrier cell"": 224, ""capillary endothelial cell"": 2052, ""choroid plexus epithelial cell"": 86, ""choroid plexus macrophage"": 16, ""common myeloid progenitor"": 6, ""dendritic cell"": 22, ""embryonic blood vessel endothelial progenitor cell"": 16, ""endothelial cell"": 14, ""endothelial cell of arteriole"": 46, ""endothelial cell of artery"": 390, ""epithelial cell"": 18, ""erythroblast"": 608, ""erythroid progenitor cell"": 18, ""fibroblast"": 2958, ""fibroblast of choroid plexus"": 66, ""fibrocyte"": 44, ""forebrain neuroblast"": 46, ""forebrain radial glial cell"": 262, ""glioblast (sensu Vertebrata)"": 134, ""innate lymphoid cell"": 42, ""interneuron"": 84, ""leptomeningeal cell"": 25892, ""mast cell"": 20, ""megakaryocyte"": 34, ""meningeal macrophage"": 6, ""mesenchymal cell"": 60, ""mesenchyme condensation cell"": 14, ""mesothelial cell of dura mater"": 4, ""metamyelocyte"": 8, ""microglial cell"": 12, ""monocyte"": 12, ""mucosa-associated lymphoid tissue macrophage"": 2810, ""natural killer cell"": 64, ""neural progenitor cell"": 108, ""neuroblast (sensu Vertebrata)"": 8, ""neuron"": 80, ""oligodendrocyte precursor cell"": 40, ""pericyte"": 1422, ""perivascular cell"": 1008, ""pinealocyte"": 44, ""platelet"": 28, ""promyelocyte"": 4, ""radial glial cell"": 14, ""reticulocyte"": 5218, ""smooth muscle cell"": 368, ""tip cell"": 8, ""vein endothelial cell"": 70}"
Homo sapiens,forelimb,10x 3' v2,"{""Schwann cell"": 7, ""Schwann cell precursor"": 179, ""basal cell"": 421, ""chondroblast"": 2736, ""chondrocyte"": 6510, ""common myeloid progenitor"": 10, ""connective tissue cell"": 20, ""conventional dendritic cell"": 18, ""early lymphoid progenitor"": 18, ""endothelial cell of artery"": 42, ""endothelial cell of lymphatic vessel"": 9, ""erythrocyte"": 41, ""fibroblast"": 242, ""fibroblast of dermis"": 5722, ""macrophage"": 106, ""mast cell"": 4, ""megakaryocyte"": 6, ""melanocyte"": 6, ""mesenchymal cell"": 23398, ""monocyte"": 20, ""muscle cell"": 981, ""muscle fibroblast"": 208, ""myelocyte"": 4, ""myoblast"": 504, ""osteoblast"": 4926, ""pericyte"": 88, ""peridermal cell"": 71, ""primitive red blood cell"": 758, ""reticulocyte"": 8, ""skeletal muscle myoblast"": 829, ""smooth muscle cell"": 170, ""tendon cell"": 1876, ""vein endothelial cell"": 169}"
Homo sapiens,forelimb,10x 5' v1,"{""Schwann cell precursor"": 130, ""basal cell"": 196, ""chondroblast"": 222, ""chondrocyte"": 2632, ""common myeloid progenitor"": 1, ""conventional dendritic cell"": 1, ""early lymphoid progenitor"": 6, ""endothelial cell of artery"": 20, ""endothelial cell of lymphatic vessel"": 21, ""fibroblast of dermis"": 2944, ""macrophage"": 29, ""mast cell"": 1, ""megakaryocyte"": 4, ""mesenchymal cell"": 15390, ""monocyte"": 3, ""muscle cell"": 754, ""myoblast"": 284, ""osteoblast"": 1068, ""peridermal cell"": 25, ""primitive red blood cell"": 396, ""reticulocyte"": 2, ""skeletal muscle myoblast"": 670, ""smooth muscle cell"": 18, ""tendon cell"": 28, ""vein endothelial cell"": 43}"
Homo sapiens,fovea centralis,10x 3' v2,"{""B cell"": 37, ""GABAergic amacrine cell"": 5668, ""H1 horizontal cell"": 4429, ""H2 horizontal cell"": 976, ""Mueller cell"": 39939, ""OFF-bipolar cell"": 9787, ""OFFx cell"": 294, ""ON-bipolar cell"": 9071, ""ON-blue cone bipolar cell"": 105, ""S cone cell"": 188, ""T cell"": 299, ""amacrine cell"": 845, ""astrocyte"": 1172, ""diffuse bipolar 1 cell"": 1848, ""diffuse bipolar 2 cell"": 3610, ""diffuse bipolar 3a cell"": 1607, ""diffuse bipolar 3b cell"": 1463, ""diffuse bipolar 4 cell"": 2910, ""diffuse bipolar 6 cell"": 935, ""endothelial cell"": 182, ""endothelial cell of vascular tree"": 368, ""fibroblast"": 252, ""flat midget bipolar cell"": 9578, ""giant bipolar cell"": 1324, ""glycinergic amacrine cell"": 3682, ""invaginating midget bipolar cell"": 13388, ""microglial cell"": 758, ""midget ganglion cell of retina"": 9582, ""monocyte"": 137, ""natural killer cell"": 130, ""parasol ganglion cell of retina"": 382, ""pericyte"": 75, ""retina horizontal cell"": 3405, ""retinal bipolar neuron"": 42914, ""retinal cone cell"": 6960, ""retinal ganglion cell"": 16537, ""retinal pigment epithelial cell"": 95, ""retinal rod cell"": 24034, ""rod bipolar cell"": 7514, ""starburst amacrine cell"": 397}"
Homo sapiens,fovea centralis,10x 3' v3,"{""B cell"": 63, ""GABAergic amacrine cell"": 52044, ""H1 horizontal cell"": 35856, ""H2 horizontal cell"": 3714, ""Mueller cell"": 73659, ""OFF midget ganglion cell"": 48633, ""OFF parasol ganglion cell"": 1292, ""OFF-bipolar cell"": 17961, ""OFFx cell"": 1498, ""ON midget ganglion cell"": 44062, ""ON parasol ganglion cell"": 326, ""ON-bipolar cell"": 17266, ""ON-blue cone bipolar cell"": 944, ""S cone cell"": 2058, ""Schwann cell"": 469, ""amacrine cell"": 18909, ""astrocyte"": 1384, ""cone retinal bipolar cell"": 1695, ""diffuse bipolar 1 cell"": 19454, ""diffuse bipolar 2 cell"": 26934, ""diffuse bipolar 3a cell"": 14035, ""diffuse bipolar 3b cell"": 12626, ""diffuse bipolar 4 cell"": 23225, ""diffuse bipolar 6 cell"": 4106, ""endothelial cell"": 58, ""fibroblast"": 570, ""flat midget bipolar cell"": 78022, ""giant bipolar cell"": 8185, ""glial cell"": 12113, ""glycinergic amacrine cell"": 35892, ""invaginating midget bipolar cell"": 78346, ""macrophage"": 92, ""mast cell"": 2, ""mature NK T cell"": 389, ""melanocyte"": 376, ""microglial cell"": 895, ""midget ganglion cell of retina"": 157, ""parasol ganglion cell of retina"": 19, ""pericyte"": 142, ""retina horizontal cell"": 13055, ""retinal astrocyte"": 13, ""retinal bipolar neuron"": 49847, ""retinal blood vessel endothelial cell"": 141, ""retinal cone cell"": 43957, ""retinal ganglion cell"": 9282, ""retinal pigment epithelial cell"": 258, ""retinal rod cell"": 100266, ""rod bipolar cell"": 15421, ""starburst amacrine cell"": 4418}"
Homo sapiens,frontal cortex,10x 3' v2,"{""astrocyte"": 11416, ""microglial cell"": 3228, ""neural cell"": 103893, ""oligodendrocyte"": 7942, ""oligodendrocyte precursor cell"": 6582, ""unknown"": 4138}"
Homo sapiens,frontal cortex,10x 3' v3,"{""astrocyte"": 66732, ""cell"": 101, ""endothelial cell"": 4688, ""erythrocyte"": 168, ""glioblast"": 11348, ""macrophage"": 210, ""microglial cell"": 15943, ""neural cell"": 234691, ""neuroblast (sensu Nematoda and Protostomia)"": 6309, ""neuroblast (sensu Vertebrata)"": 17823, ""neuron"": 167088, ""oligodendrocyte"": 103538, ""oligodendrocyte precursor cell"": 24966, ""radial glial cell"": 5463, ""unknown"": 4062}"
Homo sapiens,frontal lobe,10x 3' v3,"{""B cell"": 60, ""astrocyte"": 14, ""dendritic cell"": 421, ""endothelial cell"": 302, ""macrophage"": 13865, ""malignant cell"": 47970, ""mast cell"": 17, ""mature T cell"": 5262, ""microglial cell"": 10151, ""monocyte"": 1694, ""mural cell"": 858, ""natural killer cell"": 63, ""neuron"": 497, ""neutrophil"": 23, ""oligodendrocyte"": 1861, ""oligodendrocyte precursor cell"": 458, ""plasma cell"": 14, ""radial glial cell"": 96}"
Homo sapiens,frontal lobe,10x multiome,"{""L2/3 intratelencephalic projecting glutamatergic neuron"": 6284, ""VIP GABAergic cortical interneuron"": 1500, ""astrocyte"": 3915, ""cerebral cortex GABAergic interneuron"": 1043, ""committed oligodendrocyte precursor"": 220, ""endothelial cell"": 1059, ""glutamatergic neuron"": 5798, ""lamp5 GABAergic cortical interneuron"": 651, ""microglial cell"": 4020, ""oligodendrocyte"": 6801, ""oligodendrocyte precursor cell"": 3047, ""pvalb GABAergic cortical interneuron"": 1566, ""sst GABAergic cortical interneuron"": 1840, ""unknown"": 686, ""vascular leptomeningeal cell"": 91}"
Homo sapiens,frontal lobe,CEL-seq2,"{""macrophage"": 54, ""malignant cell"": 2, ""mature T cell"": 14, ""microglial cell"": 82, ""monocyte"": 8, ""natural killer cell"": 4}"
Homo sapiens,gallbladder,10x 3' v2,"{""Kupffer cell"": 55, ""epithelial cell"": 9976}"
Homo sapiens,gallbladder,microwell-seq,"{""B cell"": 3, ""T cell"": 20, ""cell of skeletal muscle"": 1, ""dendritic cell"": 2, ""embryonic stem cell"": 2, ""endothelial cell"": 174, ""enterocyte"": 1, ""epithelial cell"": 7, ""fibroblast"": 6805, ""goblet cell"": 1192, ""macrophage"": 1467, ""mast cell"": 8, ""mesenchymal stem cell"": 1, ""monocyte"": 3, ""myeloid cell"": 1, ""neutrophil"": 1, ""plasma cell"": 5, ""primordial germ cell"": 1, ""smooth muscle cell"": 31, ""stromal cell"": 44}"
Homo sapiens,ganglionic eminence,10x 3' v2,"{""astrocyte"": 26, ""microglial cell"": 7, ""neural cell"": 4087, ""unknown"": 6}"
Homo sapiens,ganglionic eminence,10x 3' v3,"{""VIP GABAergic cortical interneuron"": 3, ""astrocyte"": 5, ""brain vascular cell"": 704, ""caudal ganglionic eminence derived cortical interneuron"": 2, ""cortical interneuron"": 4054, ""ependymal cell"": 837, ""forebrain neuroblast"": 4039, ""glutamatergic neuron"": 524, ""inhibitory interneuron"": 4181, ""lamp5 GABAergic cortical interneuron"": 1, ""microglial cell"": 124, ""neural progenitor cell"": 9883, ""oligodendrocyte precursor cell"": 365, ""pvalb GABAergic cortical interneuron"": 1, ""sncg GABAergic cortical interneuron"": 2, ""sst GABAergic cortical interneuron"": 5, ""sst chodl GABAergic cortical interneuron"": 1}"
Homo sapiens,gastrocnemius,10x 3' v2,"{""Schwann cell"": 28, ""T cell"": 66, ""contractile cell"": 448, ""dendritic cell"": 23, ""endothelial cell of lymphatic vessel"": 209, ""endothelial cell of vascular tree"": 1117, ""fast muscle cell"": 1581, ""macrophage"": 432, ""mast cell"": 12, ""mature NK T cell"": 40, ""neutrophil"": 63, ""professional antigen presenting cell"": 197, ""skeletal muscle fiber"": 19491, ""skeletal muscle fibroblast"": 5913, ""skeletal muscle satellite cell"": 461, ""slow muscle cell"": 646, ""subcutaneous adipocyte"": 150}"
Homo sapiens,gingiva,10x 3' v2,"{""B cell"": 1703, ""CD16-negative, CD56-bright natural killer cell, human"": 208, ""CD16-positive, CD56-dim natural killer cell, human"": 400, ""CD4-positive helper T cell"": 5205, ""CD4-positive, alpha-beta memory T cell"": 1300, ""CD8-positive, alpha-beta T cell"": 4005, ""CD8-positive, alpha-beta memory T cell"": 900, ""IgA plasma cell"": 108, ""IgG plasma cell"": 676, ""IgM plasma cell"": 28, ""Langerhans cell"": 215, ""Merkel cell"": 31, ""Schwann cell"": 143, ""T cell"": 2021, ""T follicular helper cell"": 532, ""T-helper 17 cell"": 958, ""TREM2-positive macrophage"": 655, ""acinar cell of salivary gland"": 46, ""adult skeletal muscle myoblast"": 24, ""basal cell"": 2236, ""blood vessel endothelial cell"": 10807, ""capillary endothelial cell"": 10795, ""conventional dendritic cell"": 3826, ""cycling T cell"": 92, ""dendritic cell"": 1063, ""dendritic cell, human"": 205, ""effector memory CD8-positive, alpha-beta T cell"": 1264, ""endothelial cell"": 456, ""endothelial cell of artery"": 8419, ""endothelial cell of lymphatic vessel"": 6091, ""endothelial cell of vascular tree"": 12154, ""endothelial cell of venule"": 9529, ""enteroglial cell"": 12, ""epithelial cell"": 3973, ""erythrocyte"": 10, ""fibroblast"": 45826, ""fibroblast of gingiva"": 9700, ""fibroblastic reticular cell"": 20, ""follicular dendritic cell"": 4, ""gamma-delta T cell"": 867, ""gastrointestinal tract (lamina propria) macrophage"": 8316, ""germinal center B cell"": 4, ""group 3 innate lymphoid cell"": 248, ""helper T cell"": 2919, ""innate lymphoid cell"": 770, ""keratinocyte"": 7369, ""lymphocyte"": 5846, ""macrophage"": 4119, ""mast cell"": 6714, ""mature NK T cell"": 429, ""melanocyte"": 626, ""memory B cell"": 916, ""monocyte"": 1260, ""mucosal invariant T cell"": 658, ""mural cell"": 4874, ""muscle cell"": 2, ""myeloid cell"": 3337, ""myoepithelial cell"": 1, ""myofibroblast cell"": 24, ""naive B cell"": 360, ""naive thymus-derived CD4-positive, alpha-beta T cell"": 1288, ""naive thymus-derived CD8-positive, alpha-beta T cell"": 144, ""natural killer cell"": 1103, ""neutrophil"": 905, ""pericyte"": 4783, ""plasma cell"": 2891, ""plasmablast"": 20, ""plasmacytoid dendritic cell"": 302, ""plasmacytoid dendritic cell, human"": 1065, ""regulatory T cell"": 1178, ""salivary gland glandular cell"": 62, ""vascular associated smooth muscle cell"": 6094, ""vein endothelial cell"": 29352}"
Homo sapiens,gingiva,10x 3' v3,"{""B cell"": 4364, ""CD16-negative, CD56-bright natural killer cell, human"": 284, ""CD16-positive, CD56-dim natural killer cell, human"": 140, ""CD4-positive helper T cell"": 3347, ""CD4-positive, alpha-beta memory T cell"": 1944, ""CD8-positive, alpha-beta T cell"": 3288, ""CD8-positive, alpha-beta memory T cell"": 904, ""IgA plasma cell"": 32, ""IgG plasma cell"": 348, ""IgM plasma cell"": 8, ""Langerhans cell"": 158, ""Merkel cell"": 2, ""Schwann cell"": 97, ""T cell"": 4270, ""T follicular helper cell"": 592, ""T-helper 17 cell"": 1399, ""TREM2-positive macrophage"": 70, ""acinar cell of salivary gland"": 6, ""adult skeletal muscle myoblast"": 9, ""basal cell"": 5504, ""blood vessel endothelial cell"": 2266, ""capillary endothelial cell"": 4652, ""conventional dendritic cell"": 2247, ""cycling T cell"": 56, ""dendritic cell"": 475, ""dendritic cell, human"": 130, ""effector memory CD8-positive, alpha-beta T cell"": 3080, ""endothelial cell"": 132, ""endothelial cell of artery"": 3450, ""endothelial cell of lymphatic vessel"": 1499, ""endothelial cell of vascular tree"": 3010, ""endothelial cell of venule"": 6290, ""enteroglial cell"": 4, ""epithelial cell"": 6718, ""fibroblast"": 11986, ""fibroblast of gingiva"": 2932, ""fibroblastic reticular cell"": 16, ""follicular dendritic cell"": 4, ""gamma-delta T cell"": 1322, ""gastrointestinal tract (lamina propria) macrophage"": 1652, ""group 3 innate lymphoid cell"": 260, ""helper T cell"": 5078, ""innate lymphoid cell"": 684, ""keratinocyte"": 9251, ""lymphocyte"": 5437, ""macrophage"": 2321, ""mast cell"": 6709, ""mature NK T cell"": 614, ""melanocyte"": 171, ""memory B cell"": 1876, ""monocyte"": 755, ""mucosal invariant T cell"": 1595, ""mural cell"": 1545, ""myeloid cell"": 2463, ""myoepithelial cell"": 2, ""myofibroblast cell"": 8, ""naive B cell"": 1236, ""naive thymus-derived CD4-positive, alpha-beta T cell"": 1028, ""naive thymus-derived CD8-positive, alpha-beta T cell"": 64, ""natural killer cell"": 978, ""neutrophil"": 1624, ""pericyte"": 3155, ""plasma cell"": 12094, ""plasmablast"": 28, ""plasmacytoid dendritic cell"": 303, ""plasmacytoid dendritic cell, human"": 10, ""precursor B cell"": 8, ""regulatory T cell"": 1652, ""salivary gland glandular cell"": 20, ""vascular associated smooth muscle cell"": 5107, ""vein endothelial cell"": 9360}"
Homo sapiens,gonad,10x 5' v1,"{""B cell"": 940, ""Leydig cell"": 4982, ""Sertoli cell"": 66593, ""common myeloid progenitor"": 150, ""conventional dendritic cell"": 1469, ""early T lineage precursor"": 731, ""endothelial cell"": 9984, ""epithelial cell"": 9605, ""erythrocyte"": 770, ""fraction A pre-pro B cell"": 369, ""germ cell"": 12687, ""granulocyte monocyte progenitor cell"": 853, ""granulosa cell"": 98145, ""hematopoietic cell"": 3834, ""immature innate lymphoid cell"": 129, ""interstitial cell of ovary"": 45345, ""macrophage"": 8767, ""male germ cell"": 558, ""mast cell"": 211, ""megakaryocyte"": 222, ""megakaryocyte-erythroid progenitor cell"": 229, ""mesenchymal cell"": 130803, ""mesothelial cell"": 17895, ""monocyte"": 2094, ""mural cell"": 6027, ""natural killer cell"": 1357, ""neural cell"": 2412, ""neutrophil"": 392, ""neutrophil progenitor cell"": 178, ""oocyte"": 562, ""oogonial cell"": 3895, ""ovarian surface epithelial cell"": 13780, ""plasmacytoid dendritic cell"": 124, ""precursor B cell"": 504, ""primordial germ cell"": 3319, ""pro-B cell"": 479, ""smooth muscle cell"": 959, ""supporting cell"": 16166, ""unknown"": 3826}"
Homo sapiens,gonad,10x 5' v2,"{""B cell"": 75, ""Leydig cell"": 684, ""Sertoli cell"": 5483, ""common myeloid progenitor"": 8, ""conventional dendritic cell"": 64, ""early T lineage precursor"": 83, ""endothelial cell"": 4500, ""epithelial cell"": 10617, ""erythrocyte"": 601, ""fraction A pre-pro B cell"": 17, ""germ cell"": 2824, ""granulocyte monocyte progenitor cell"": 35, ""granulosa cell"": 10005, ""hematopoietic cell"": 1699, ""immature innate lymphoid cell"": 15, ""interstitial cell of ovary"": 4565, ""macrophage"": 773, ""male germ cell"": 63, ""mast cell"": 12, ""megakaryocyte"": 36, ""megakaryocyte-erythroid progenitor cell"": 15, ""mesenchymal cell"": 28322, ""mesothelial cell"": 6597, ""monocyte"": 92, ""mural cell"": 6652, ""natural killer cell"": 88, ""neural cell"": 1371, ""neutrophil"": 9, ""neutrophil progenitor cell"": 11, ""oocyte"": 161, ""oogonial cell"": 995, ""ovarian surface epithelial cell"": 2427, ""plasmacytoid dendritic cell"": 2, ""precursor B cell"": 12, ""primordial germ cell"": 445, ""pro-B cell"": 11, ""smooth muscle cell"": 2085, ""supporting cell"": 5900, ""unknown"": 1789}"
Homo sapiens,gut wall,10x 3' v2,"{""B-1 B cell"": 57, ""B-2 B cell"": 210, ""CD8-alpha-alpha-positive, alpha-beta intraepithelial T cell"": 72, ""Kupffer cell"": 18, ""T cell"": 452, ""common dendritic progenitor"": 3, ""dendritic cell"": 360, ""double negative thymocyte"": 6, ""double-positive, alpha-beta thymocyte"": 4, ""early lymphoid progenitor"": 47, ""endothelial cell"": 2356, ""enteroendocrine cell"": 296, ""epithelial cell"": 5832, ""epithelial cell of nephron"": 2, ""erythrocyte"": 15, ""fibroblast"": 22796, ""fraction A pre-pro B cell"": 28, ""glial cell"": 1492, ""granulocyte"": 6, ""granulocyte monocyte progenitor cell"": 4, ""group 2 innate lymphoid cell"": 12, ""group 3 innate lymphoid cell"": 724, ""hematopoietic multipotent progenitor cell"": 7, ""hepatocyte"": 86, ""immature B cell"": 9, ""innate lymphoid cell"": 52, ""interstitial cell of Cajal"": 278, ""keratinocyte"": 2, ""large pre-B-II cell"": 90, ""late pro-B cell"": 48, ""macrophage"": 870, ""mast cell"": 45, ""mature B cell"": 9, ""megakaryocyte"": 18, ""mesothelial cell"": 162, ""monocyte"": 60, ""myofibroblast cell"": 7254, ""naive thymus-derived CD4-positive, alpha-beta T cell"": 532, ""naive thymus-derived CD8-positive, alpha-beta T cell"": 420, ""natural killer cell"": 916, ""neuron"": 630, ""plasmacytoid dendritic cell"": 45, ""pre-conventional dendritic cell"": 3, ""pro-B cell"": 81, ""promonocyte"": 9, ""regulatory T cell"": 88, ""small pre-B-II cell"": 63, ""smooth muscle cell"": 2102, ""stromal cell"": 120, ""unknown"": 634, ""vascular associated smooth muscle cell"": 2717}"
Homo sapiens,gut wall,10x 5' v1,"{""B-1 B cell"": 129, ""B-2 B cell"": 351, ""CD8-alpha-alpha-positive, alpha-beta intraepithelial T cell"": 136, ""Kupffer cell"": 285, ""Langerhans cell"": 3, ""T cell"": 1292, ""common dendritic progenitor"": 6, ""common myeloid progenitor"": 4, ""dendritic cell"": 1215, ""double negative thymocyte"": 12, ""double-positive, alpha-beta thymocyte"": 32, ""early lymphoid progenitor"": 127, ""endothelial cell"": 6468, ""enteroendocrine cell"": 1084, ""epithelial cell"": 28838, ""epithelial cell of nephron"": 38, ""erythrocyte"": 192, ""fibroblast"": 36268, ""fraction A pre-pro B cell"": 37, ""glial cell"": 4712, ""granulocyte"": 27, ""granulocyte monocyte progenitor cell"": 4, ""group 2 innate lymphoid cell"": 84, ""group 3 innate lymphoid cell"": 2316, ""hematopoietic multipotent progenitor cell"": 7, ""hepatocyte"": 696, ""immature B cell"": 15, ""innate lymphoid cell"": 64, ""interstitial cell of Cajal"": 528, ""keratinocyte"": 10, ""large pre-B-II cell"": 69, ""late pro-B cell"": 33, ""macrophage"": 7653, ""mast cell"": 54, ""mature B cell"": 9, ""megakaryocyte"": 30, ""megakaryocyte-erythroid progenitor cell"": 16, ""mesothelial cell"": 454, ""monocyte"": 279, ""myofibroblast cell"": 11456, ""naive thymus-derived CD4-positive, alpha-beta T cell"": 464, ""naive thymus-derived CD8-positive, alpha-beta T cell"": 512, ""natural killer cell"": 1596, ""neuron"": 1126, ""plasmacytoid dendritic cell"": 75, ""pro-B cell"": 57, ""promonocyte"": 49, ""promyelocyte"": 9, ""regulatory T cell"": 224, ""small pre-B-II cell"": 42, ""smooth muscle cell"": 3612, ""stromal cell"": 34, ""unknown"": 5563, ""vascular associated smooth muscle cell"": 4200}"
Homo sapiens,hard palate,10x 3' v3,"{""B cell"": 162, ""CD4-positive helper T cell"": 2351, ""CD8-positive, alpha-beta T cell"": 1164, ""Langerhans cell"": 122, ""Merkel cell"": 107, ""Schwann cell"": 534, ""acinar cell of salivary gland"": 51, ""adult skeletal muscle myoblast"": 3, ""blood vessel endothelial cell"": 1889, ""dendritic cell"": 718, ""endothelial cell of lymphatic vessel"": 370, ""endothelial cell of vascular tree"": 1016, ""epithelial cell"": 976, ""fibroblast"": 8371, ""innate lymphoid cell"": 132, ""keratinocyte"": 1027, ""lymphocyte"": 1340, ""macrophage"": 582, ""mast cell"": 71, ""melanocyte"": 127, ""mural cell"": 4319, ""muscle cell"": 1, ""myeloid cell"": 821, ""natural killer cell"": 297, ""neutrophil"": 571, ""plasma cell"": 419, ""salivary gland glandular cell"": 5}"
Homo sapiens,head,10x 3' v3,"{""cell"": 28, ""erythrocyte"": 96, ""fibroblast"": 11966, ""macrophage"": 62, ""neural crest cell"": 564, ""neuroblast (sensu Nematoda and Protostomia)"": 10, ""neuroblast (sensu Vertebrata)"": 52, ""neuron"": 58, ""neuroplacodal cell"": 548, ""radial glial cell"": 190}"
Homo sapiens,heart,10x 3' v3,"{""B cell"": 18, ""CD4-positive, alpha-beta T cell"": 72, ""CD8-positive, alpha-beta T cell"": 330, ""T cell"": 3, ""cardiac endothelial cell"": 12726, ""erythrocyte"": 51, ""fibroblast of cardiac tissue"": 1395, ""macrophage"": 831, ""mast cell"": 6, ""mature NK T cell"": 3, ""mesothelial cell"": 432, ""monocyte"": 198, ""natural killer cell"": 75, ""neuron"": 21, ""neutrophil"": 258, ""pericyte"": 4173, ""plasma cell"": 6, ""plasmacytoid dendritic cell"": 3, ""regular atrial cardiac myocyte"": 120, ""smooth muscle cell"": 1953, ""ventricular cardiac muscle cell"": 1059}"
Homo sapiens,heart,Smart-seq2,"{""cardiac endothelial cell"": 171, ""erythrocyte"": 30, ""fibroblast of cardiac tissue"": 3, ""macrophage"": 66, ""mesothelial cell"": 9, ""pericyte"": 6, ""regular atrial cardiac myocyte"": 108, ""smooth muscle cell"": 21}"
Homo sapiens,heart,microwell-seq,"{""B cell"": 1, ""T cell"": 153, ""alternatively activated macrophage"": 1, ""cell of skeletal muscle"": 15, ""cord blood hematopoietic stem cell"": 6, ""dendritic cell"": 54, ""endothelial cell"": 1302, ""epithelial cell"": 19, ""erythroid lineage cell"": 80, ""erythroid progenitor cell"": 9, ""fibroblast"": 32, ""macrophage"": 789, ""mast cell"": 14, ""mesenchymal stem cell"": 261, ""monocyte"": 227, ""myeloid cell"": 1, ""neuron"": 32, ""neutrophil"": 6, ""plasma cell"": 5, ""primordial germ cell"": 3, ""professional antigen presenting cell"": 15, ""smooth muscle cell"": 1089, ""stromal cell"": 3665, ""ventricular cardiac muscle cell"": 3004}"
Homo sapiens,heart,sci-RNA-seq3,"{""Schwann cell"": 669, ""cardiac muscle cell"": 84274, ""dermis microvascular lymphatic vessel endothelial cell"": 742, ""endocardial cell"": 9265, ""endothelial cell of lymphatic vessel"": 820, ""endothelial cell of vascular tree"": 6100, ""epicardial adipocyte"": 2358, ""erythroblast"": 7, ""innate lymphoid cell"": 1677, ""megakaryocyte"": 439, ""myeloid cell"": 1298, ""regular atrial cardiac myocyte"": 121, ""smooth muscle cell"": 2526, ""stromal cell"": 15899, ""ventricular cardiac muscle cell"": 207, ""visceromotor neuron"": 439}"
Homo sapiens,heart left ventricle,10x 3' v2,"{""B cell"": 129, ""CD14-positive monocyte"": 111, ""CD14-positive, CD16-positive monocyte"": 428, ""CD141-positive myeloid dendritic cell"": 23, ""CD4-positive, alpha-beta cytotoxic T cell"": 934, ""CD8-positive, alpha-beta cytotoxic T cell"": 668, ""activated CD4-positive, alpha-beta T cell"": 304, ""activated CD8-positive, alpha-beta T cell"": 312, ""adipocyte"": 1791, ""capillary endothelial cell"": 20161, ""cardiac endothelial cell"": 2075, ""cardiac muscle cell"": 77917, ""cardiac neuron"": 602, ""cardiac ventricle fibroblast"": 3293, ""central memory CD4-positive, alpha-beta T cell"": 1, ""cycling macrophage"": 60, ""cytotoxic T cell"": 12, ""dendritic cell"": 124, ""effector T cell"": 3, ""effector memory CD4-positive, alpha-beta T cell"": 9, ""effector memory CD8-positive, alpha-beta T cell"": 18, ""endocardial cell"": 3, ""endothelial cell"": 18135, ""endothelial cell of artery"": 6414, ""endothelial cell of lymphatic vessel"": 608, ""epicardial adipocyte"": 238, ""fetal cardiomyocyte"": 6, ""fibroblast"": 46452, ""fibroblast of cardiac tissue"": 26395, ""innate lymphoid cell"": 257, ""lymphocyte"": 3772, ""macrophage"": 3483, ""mast cell"": 458, ""mature NK T cell"": 284, ""mesothelial cell"": 97, ""mesothelial cell of epicardium"": 21, ""monocyte"": 517, ""mural cell"": 25630, ""myeloid cell"": 13529, ""natural killer cell"": 733, ""neural cell"": 573, ""neuron"": 802, ""pericyte"": 29658, ""plasma cell"": 2, ""regular atrial cardiac myocyte"": 12, ""regular ventricular cardiac myocyte"": 102578, ""regulatory T cell"": 2, ""smooth muscle cell"": 3510, ""unknown"": 7537, ""vascular associated smooth muscle cell"": 238, ""vein endothelial cell"": 2513, ""ventricular cardiac muscle cell"": 12807}"
Homo sapiens,heart left ventricle,10x 3' v3,"{""B cell"": 159, ""CD14-positive monocyte"": 21, ""CD14-positive, CD16-positive monocyte"": 40, ""CD141-positive myeloid dendritic cell"": 896, ""CD4-positive, alpha-beta cytotoxic T cell"": 350, ""CD8-positive, alpha-beta cytotoxic T cell"": 190, ""T-helper 17 cell"": 146, ""activated CD4-positive, alpha-beta T cell"": 36, ""activated CD8-positive, alpha-beta T cell"": 424, ""adipocyte"": 864, ""adipocyte of epicardial fat of left ventricle"": 523, ""capillary endothelial cell"": 21522, ""cardiac endothelial cell"": 75205, ""cardiac mesenchymal cell"": 1, ""cardiac muscle cell"": 299571, ""cardiac muscle myoblast"": 66335, ""cardiac neuron"": 9676, ""cardiac ventricle fibroblast"": 16253, ""central memory CD4-positive, alpha-beta T cell"": 156, ""cycling T cell"": 128, ""cycling macrophage"": 225, ""cytotoxic T cell"": 148, ""dendritic cell"": 162, ""effector T cell"": 529, ""effector memory CD4-positive, alpha-beta T cell"": 580, ""effector memory CD8-positive, alpha-beta T cell"": 711, ""endocardial cell"": 1, ""endothelial cell"": 117232, ""endothelial cell of artery"": 8594, ""endothelial cell of lymphatic vessel"": 176, ""epicardial adipocyte"": 82, ""fibroblast"": 25438, ""fibroblast of cardiac tissue"": 179787, ""immature innate lymphoid cell"": 28651, ""innate lymphoid cell"": 101, ""lymphocyte"": 21048, ""lymphoid lineage restricted progenitor cell"": 5898, ""macrophage"": 8193, ""mast cell"": 3960, ""mature NK T cell"": 193, ""mesothelial cell"": 29, ""mesothelial cell of epicardium"": 7, ""monocyte"": 868, ""mural cell"": 192457, ""myeloid cell"": 70227, ""natural killer cell"": 1180, ""neural cell"": 1606, ""neuron"": 1088, ""neuronal receptor cell"": 2502, ""pericyte"": 77486, ""plasma cell"": 50, ""regular atrial cardiac myocyte"": 49, ""regular ventricular cardiac myocyte"": 122484, ""regulatory T cell"": 198, ""smooth muscle cell"": 11935, ""smooth muscle myoblast"": 2938, ""unknown"": 31109, ""vascular associated smooth muscle cell"": 121, ""vein endothelial cell"": 2653, ""ventricular cardiac muscle cell"": 55568}"
Homo sapiens,heart left ventricle,10x 5' v1,"{""adipocyte"": 672, ""capillary endothelial cell"": 14552, ""cardiac muscle cell"": 115, ""endothelial cell"": 10775, ""endothelial cell of artery"": 5412, ""endothelial cell of lymphatic vessel"": 1204, ""fibroblast"": 32201, ""lymphocyte"": 2257, ""mast cell"": 1028, ""mesothelial cell"": 905, ""myeloid cell"": 18958, ""natural killer cell"": 440, ""neuron"": 1077, ""pericyte"": 18731, ""regular ventricular cardiac myocyte"": 33611, ""smooth muscle cell"": 3265, ""vascular associated smooth muscle cell"": 103, ""vein endothelial cell"": 5276}"
Homo sapiens,heart left ventricle,10x multiome,"{""adipocyte"": 59, ""endothelial cell"": 3835, ""endothelial cell of lymphatic vessel"": 43, ""fibroblast"": 4806, ""lymphocyte"": 418, ""mast cell"": 75, ""mesothelial cell"": 2, ""mural cell"": 3530, ""myeloid cell"": 2507, ""neural cell"": 198, ""regular atrial cardiac myocyte"": 4, ""regular ventricular cardiac myocyte"": 18328}"
Homo sapiens,heart right ventricle,10x 3' v2,"{""B cell"": 130, ""CD14-positive monocyte"": 198, ""CD14-positive, CD16-positive monocyte"": 570, ""CD4-positive, alpha-beta cytotoxic T cell"": 558, ""CD8-positive, alpha-beta cytotoxic T cell"": 498, ""activated CD4-positive, alpha-beta T cell"": 168, ""activated CD8-positive, alpha-beta T cell"": 404, ""adipocyte"": 4122, ""capillary endothelial cell"": 13662, ""cardiac muscle cell"": 25824, ""cardiac neuron"": 175, ""dendritic cell"": 236, ""endocardial cell"": 49, ""endothelial cell"": 12649, ""endothelial cell of artery"": 3347, ""endothelial cell of lymphatic vessel"": 418, ""epicardial adipocyte"": 330, ""fetal cardiomyocyte"": 8, ""fibroblast"": 37297, ""fibroblast of cardiac tissue"": 9076, ""innate lymphoid cell"": 282, ""lymphocyte"": 2599, ""macrophage"": 2644, ""mast cell"": 139, ""mature NK T cell"": 200, ""mesothelial cell"": 46, ""mesothelial cell of epicardium"": 9, ""monocyte"": 598, ""mural cell"": 10938, ""myeloid cell"": 8862, ""natural killer cell"": 859, ""neural cell"": 553, ""neuron"": 367, ""pericyte"": 17580, ""regular atrial cardiac myocyte"": 17, ""regular ventricular cardiac myocyte"": 76692, ""smooth muscle cell"": 3056, ""unknown"": 4653, ""vascular associated smooth muscle cell"": 187, ""vein endothelial cell"": 1284}"
Homo sapiens,heart right ventricle,10x 3' v3,"{""B cell"": 104, ""CD14-positive monocyte"": 29, ""CD14-positive, CD16-positive monocyte"": 112, ""CD4-positive, alpha-beta T cell"": 48, ""CD4-positive, alpha-beta cytotoxic T cell"": 506, ""CD8-positive, alpha-beta T cell"": 189, ""CD8-positive, alpha-beta cytotoxic T cell"": 178, ""T cell"": 9, ""activated CD4-positive, alpha-beta T cell"": 28, ""activated CD8-positive, alpha-beta T cell"": 514, ""adipocyte"": 3289, ""capillary endothelial cell"": 15917, ""cardiac endothelial cell"": 6027, ""cardiac muscle cell"": 132606, ""cardiac neuron"": 5084, ""dendritic cell"": 94, ""endocardial cell"": 6, ""endothelial cell"": 71207, ""endothelial cell of artery"": 6406, ""endothelial cell of lymphatic vessel"": 187, ""epicardial adipocyte"": 482, ""erythrocyte"": 87, ""fetal cardiomyocyte"": 2, ""fibroblast"": 16473, ""fibroblast of cardiac tissue"": 74404, ""innate lymphoid cell"": 106, ""lymphocyte"": 12770, ""macrophage"": 2006, ""mast cell"": 1226, ""mature NK T cell"": 155, ""mesothelial cell"": 33, ""mesothelial cell of epicardium"": 9, ""monocyte"": 161, ""mural cell"": 88520, ""myeloid cell"": 33403, ""natural killer cell"": 421, ""neural cell"": 939, ""neuron"": 483, ""neutrophil"": 126, ""pericyte"": 27584, ""regular atrial cardiac myocyte"": 5, ""regular ventricular cardiac myocyte"": 74913, ""smooth muscle cell"": 5665, ""unknown"": 18054, ""vascular associated smooth muscle cell"": 170, ""vein endothelial cell"": 2126, ""ventricular cardiac muscle cell"": 183}"
Homo sapiens,heart right ventricle,10x multiome,"{""adipocyte"": 174, ""endothelial cell"": 2446, ""endothelial cell of lymphatic vessel"": 147, ""fibroblast"": 5748, ""lymphocyte"": 359, ""mast cell"": 12, ""mural cell"": 1058, ""myeloid cell"": 2241, ""neural cell"": 142, ""regular atrial cardiac myocyte"": 2, ""regular ventricular cardiac myocyte"": 7031}"
Homo sapiens,hemisphere part of cerebellar posterior lobe,10x 3' v3,"{""Bergmann glial cell"": 441, ""T cell"": 4, ""brain vascular cell"": 9, ""cerebellar granule cell"": 14102, ""committed oligodendrocyte precursor"": 113, ""immature astrocyte"": 1, ""interneuron"": 214, ""leukocyte"": 6, ""macroglial cell"": 141, ""meningeal macrophage"": 14, ""microglial cell"": 105, ""oligodendrocyte"": 353, ""unknown"": 77}"
Homo sapiens,hepatic cecum,TruDrop,"{""B cell"": 293, ""T cell"": 1146, ""abnormal cell"": 208, ""endothelial cell"": 24, ""fibroblast"": 90, ""goblet cell"": 1874, ""gut absorptive cell"": 6592, ""intestinal crypt stem cell of colon"": 757, ""intestinal enteroendocrine cell"": 65, ""intestinal epithelial cell"": 198, ""mast cell"": 93, ""myeloid cell"": 231, ""neoplastic cell"": 2862, ""plasma cell"": 843, ""transit amplifying cell"": 1137, ""tuft cell"": 194}"
Homo sapiens,hepatic flexure of colon,10x 3' v3,"{""BEST4+ colonocyte"": 72, ""colon goblet cell"": 291, ""colonocyte"": 453, ""early colonocyte"": 237, ""enteroendocrine cell of colon"": 27, ""intestinal crypt stem cell of colon"": 12, ""malignant cell"": 1758, ""secretory cell"": 141, ""tuft cell of colon"": 9}"
Homo sapiens,hepatic flexure of colon,TruDrop,"{""B cell"": 32, ""T cell"": 131, ""abnormal cell"": 2, ""endothelial cell"": 1, ""fibroblast"": 21, ""goblet cell"": 349, ""gut absorptive cell"": 1068, ""intestinal crypt stem cell of colon"": 80, ""intestinal enteroendocrine cell"": 11, ""intestinal epithelial cell"": 41, ""mast cell"": 2, ""myeloid cell"": 2, ""neoplastic cell"": 270, ""plasma cell"": 34, ""transit amplifying cell"": 235, ""tuft cell"": 54}"
Homo sapiens,hindbrain,10x 3' v3,"{""cell"": 783, ""erythrocyte"": 852, ""fibroblast"": 64, ""glioblast"": 17640, ""macrophage"": 996, ""neural crest cell"": 78, ""neuroblast (sensu Nematoda and Protostomia)"": 3624, ""neuroblast (sensu Vertebrata)"": 34332, ""neuron"": 37034, ""neuroplacodal cell"": 174, ""oligodendrocyte"": 2616, ""radial glial cell"": 34252, ""unknown"": 18536}"
Homo sapiens,hindbrain,10x multiome,"{""GABAergic neuron"": 1428, ""Purkinje cell"": 514, ""Schwann cell"": 968, ""committed oligodendrocyte precursor"": 504, ""dopaminergic neuron"": 36, ""endothelial cell"": 2670, ""glioblast"": 27886, ""glutamatergic neuron"": 16138, ""glycinergic neuron"": 1570, ""immature T cell"": 68, ""interneuron"": 252, ""leukocyte"": 444, ""microglial cell"": 5396, ""neural progenitor cell"": 1054, ""neuroblast (sensu Nematoda and Protostomia)"": 1752, ""neuroblast (sensu Vertebrata)"": 130, ""neuron"": 124, ""oligodendrocyte"": 1744, ""oligodendrocyte precursor cell"": 3022, ""pericyte"": 2786, ""perivascular macrophage"": 254, ""progenitor cell"": 734, ""radial glial cell"": 1014, ""sensory neuron of dorsal root ganglion"": 64, ""serotonergic neuron"": 102, ""unknown"": 1936, ""vascular associated smooth muscle cell"": 438, ""vascular leptomeningeal cell"": 2190}"
Homo sapiens,hindbrain,BD Rhapsody Whole Transcriptome Analysis,"{""unknown"": 14870}"
Homo sapiens,hindgut,10x 3' v3,"{""dendritic cell"": 1, ""enteric smooth muscle cell"": 355, ""enterocyte"": 329, ""fibroblast"": 1011, ""glial cell"": 51, ""gut absorptive cell"": 386, ""gut endothelial cell"": 183, ""inhibitory motor neuron"": 5, ""interneuron"": 12, ""interstitial cell of Cajal"": 145, ""intestinal crypt stem cell of large intestine"": 12, ""intestinal crypt stem cell of small intestine"": 4, ""intestinal epithelial cell"": 1438, ""leukocyte"": 34, ""macrophage"": 8, ""mast cell"": 1, ""mesothelial cell"": 2, ""monocyte"": 7, ""motor neuron"": 3, ""myofibroblast cell"": 4, ""natural killer cell"": 1, ""neural cell"": 204, ""pericyte"": 92, ""plasmacytoid dendritic cell"": 3, ""precursor B cell"": 1, ""progenitor cell"": 63, ""secretory cell"": 3, ""smooth muscle cell of large intestine"": 5, ""smooth muscle cell of small intestine"": 2, ""transit amplifying cell of colon"": 184, ""transit amplifying cell of small intestine"": 37}"
Homo sapiens,hindlimb,10x 3' v2,"{""B cell"": 62, ""Schwann cell"": 1068, ""Schwann cell precursor"": 569, ""articular chondrocyte"": 868, ""basal cell"": 561, ""chondroblast"": 3652, ""chondrocyte"": 13408, ""common myeloid progenitor"": 15, ""connective tissue cell"": 2474, ""conventional dendritic cell"": 70, ""early lymphoid progenitor"": 82, ""endothelial cell of artery"": 214, ""endothelial cell of lymphatic vessel"": 170, ""erythrocyte"": 326, ""fibroblast"": 9058, ""fibroblast of dermis"": 17134, ""hypertrophic chondrocyte"": 28, ""macrophage"": 426, ""mast cell"": 46, ""megakaryocyte"": 28, ""melanocyte"": 41, ""mesenchymal cell"": 44662, ""monocyte"": 206, ""muscle cell"": 9233, ""muscle fibroblast"": 13812, ""myelocyte"": 33, ""myoblast"": 2506, ""natural killer cell"": 41, ""neuron"": 28, ""osteoblast"": 4550, ""pericyte"": 1952, ""peridermal cell"": 703, ""primitive red blood cell"": 629, ""reticulocyte"": 246, ""skeletal muscle myoblast"": 9105, ""smooth muscle cell"": 2206, ""tendon cell"": 1406, ""vein endothelial cell"": 1064}"
Homo sapiens,hindlimb,10x 5' v1,"{""Schwann cell precursor"": 82, ""basal cell"": 165, ""chondroblast"": 102, ""chondrocyte"": 2648, ""common myeloid progenitor"": 1, ""conventional dendritic cell"": 1, ""early lymphoid progenitor"": 4, ""endothelial cell of artery"": 14, ""endothelial cell of lymphatic vessel"": 3, ""fibroblast of dermis"": 2410, ""macrophage"": 27, ""mast cell"": 3, ""megakaryocyte"": 9, ""mesenchymal cell"": 14982, ""monocyte"": 2, ""muscle cell"": 465, ""myoblast"": 167, ""osteoblast"": 1064, ""pericyte"": 12, ""peridermal cell"": 18, ""primitive red blood cell"": 180, ""skeletal muscle myoblast"": 566, ""smooth muscle cell"": 22, ""vein endothelial cell"": 31}"
Homo sapiens,hindlimb skin,10x 3' v2,"{""skin fibroblast"": 3443}"
Homo sapiens,hippocampal formation,10x 3' v2,"{""T cell"": 6, ""astrocyte"": 4379, ""cerebral cortex neuron"": 3581, ""endothelial cell"": 240, ""hippocampal astrocyte"": 4294, ""hippocampal granule cell"": 3336, ""hippocampal interneuron"": 1985, ""hippocampal pyramidal neuron"": 3203, ""interneuron"": 2076, ""macrophage"": 13, ""mature microglial cell"": 5430, ""microglial cell"": 5772, ""oligodendrocyte"": 39066, ""oligodendrocyte precursor cell"": 7758, ""pyramidal neuron"": 3126}"
Homo sapiens,hippocampal formation,10x 3' v3,"{""GABAergic interneuron"": 330, ""T cell"": 770, ""astrocyte"": 91085, ""cell"": 253, ""central nervous system macrophage"": 33879, ""cerebral cortex neuron"": 5638, ""choroid plexus epithelial cell"": 204, ""endothelial cell"": 7813, ""ependymal cell"": 7700, ""erythrocyte"": 524, ""fibroblast"": 2133, ""glioblast"": 26168, ""glutamatergic neuron"": 623, ""hippocampal astrocyte"": 61418, ""hippocampal granule cell"": 106659, ""hippocampal interneuron"": 67874, ""hippocampal pyramidal neuron"": 129647, ""interneuron"": 4191, ""leukocyte"": 717, ""macrophage"": 875, ""mature microglial cell"": 38951, ""microglial cell"": 12951, ""mural cell"": 43, ""neuroblast (sensu Nematoda and Protostomia)"": 10735, ""neuroblast (sensu Vertebrata)"": 19958, ""neuron"": 741406, ""oligodendrocyte"": 382941, ""oligodendrocyte precursor cell"": 102111, ""pericyte"": 1439, ""pvalb GABAergic cortical interneuron"": 36, ""pyramidal neuron"": 2328, ""radial glial cell"": 5111, ""smooth muscle cell of the brain vasculature"": 920, ""unknown"": 129, ""vascular associated smooth muscle cell"": 667, ""vascular leptomeningeal cell"": 1244}"
Homo sapiens,hippocampal formation,10x multiome,"{""GABAergic neuron"": 855, ""astrocyte"": 5367, ""endothelial cell"": 341, ""ependymal cell"": 174, ""glutamatergic neuron"": 1444, ""microglial cell"": 998, ""oligodendrocyte"": 7236, ""oligodendrocyte precursor cell"": 3253, ""pericyte"": 206, ""perivascular cell"": 716, ""vascular leptomeningeal cell"": 83}"
Homo sapiens,hippocampal formation,Drop-seq,"{""GABAergic neuron"": 230, ""glial cell"": 116, ""glutamatergic neuron"": 1667, ""neural progenitor cell"": 1611}"
Homo sapiens,hypothalamus,10x 3' v2,"{""cell"": 61, ""erythrocyte"": 58, ""glioblast"": 3332, ""macrophage"": 36, ""neuroblast (sensu Nematoda and Protostomia)"": 1008, ""neuroblast (sensu Vertebrata)"": 9009, ""neuron"": 27729, ""oligodendrocyte"": 16, ""radial glial cell"": 16152}"
Homo sapiens,hypothalamus,10x 3' v3,"{""Bergmann glial cell"": 3, ""astrocyte"": 77751, ""cell"": 1486, ""central nervous system macrophage"": 10089, ""choroid plexus epithelial cell"": 6, ""endothelial cell"": 2101, ""ependymal cell"": 2106, ""erythrocyte"": 1304, ""fibroblast"": 2741, ""glioblast"": 21848, ""leukocyte"": 642, ""macrophage"": 2234, ""microglial cell"": 23651, ""mural cell"": 2469, ""neural crest cell"": 12, ""neuroblast (sensu Nematoda and Protostomia)"": 678, ""neuroblast (sensu Vertebrata)"": 5403, ""neuron"": 522752, ""oligodendrocyte"": 209420, ""oligodendrocyte precursor cell"": 10059, ""pericyte"": 234, ""radial glial cell"": 23451, ""vascular associated smooth muscle cell"": 351}"
Homo sapiens,ileal epithelium,10x 3' v2,"{""B cell"": 3, ""BEST4+ enterocyte"": 686, ""CD16-negative, CD56-bright natural killer cell, human"": 10, ""CD16-positive, CD56-dim natural killer cell, human"": 666, ""CD4-positive, alpha-beta T cell"": 386, ""CD4-positive, alpha-beta memory T cell"": 96, ""CD8-positive, alpha-beta T cell"": 504, ""CD8-positive, alpha-beta memory T cell"": 2457, ""T cell"": 52, ""T follicular helper cell"": 24, ""T-helper 17 cell"": 1465, ""conventional dendritic cell"": 1, ""cycling T cell"": 132, ""effector memory CD8-positive, alpha-beta T cell"": 519, ""enterocyte"": 33055, ""enteroendocrine cell"": 458, ""epithelial cell"": 86, ""foveolar cell of stomach"": 10, ""gamma-delta T cell"": 259, ""goblet cell"": 354, ""innate lymphoid cell"": 29, ""intestinal crypt stem cell"": 1644, ""intestine goblet cell"": 6831, ""intraepithelial lymphocyte"": 348, ""macrophage"": 12, ""mast cell"": 21, ""monocyte"": 8, ""mucosal invariant T cell"": 12, ""naive T cell"": 10, ""naive thymus-derived CD4-positive, alpha-beta T cell"": 180, ""naive thymus-derived CD8-positive, alpha-beta T cell"": 18, ""natural killer cell"": 159, ""paneth cell"": 121, ""plasma cell"": 59, ""plasmacytoid dendritic cell"": 5, ""regulatory T cell"": 234, ""stem cell"": 256, ""transit amplifying cell"": 4533, ""tuft cell"": 18, ""tuft cell of small intestine"": 84, ""type EC enteroendocrine cell"": 15, ""type L enteroendocrine cell"": 9, ""unknown"": 36}"
Homo sapiens,ileal epithelium,10x 3' v3,"{""B cell"": 3472, ""BEST4+ enterocyte"": 622, ""CD4-positive, alpha-beta T cell"": 6684, ""CD8-positive, alpha-beta T cell"": 9148, ""M cell of gut"": 50, ""T cell"": 943, ""conventional dendritic cell"": 139, ""dendritic cell"": 122, ""endothelial cell"": 96, ""enterocyte"": 60768, ""enteroendocrine cell"": 544, ""epithelial cell"": 1853, ""fibroblast"": 422, ""glial cell"": 22, ""goblet cell"": 6759, ""innate lymphoid cell"": 311, ""intestinal crypt stem cell"": 292, ""intestine goblet cell"": 12888, ""intraepithelial lymphocyte"": 3707, ""lymphocyte"": 37, ""macrophage"": 2398, ""mast cell"": 374, ""monocyte"": 126, ""myofibroblast cell"": 23, ""naive T cell"": 797, ""natural killer cell"": 1218, ""neutrophil"": 11, ""paneth cell"": 1848, ""pericyte"": 4, ""plasma cell"": 1083, ""plasmacytoid dendritic cell"": 862, ""regulatory T cell"": 1137, ""stem cell"": 6771, ""transit amplifying cell"": 9060, ""tuft cell"": 887, ""tuft cell of small intestine"": 1682, ""type EC enteroendocrine cell"": 95, ""type L enteroendocrine cell"": 259, ""unknown"": 1283}"
Homo sapiens,ileal epithelium,10x 5' v2,"{""CD16-negative, CD56-bright natural killer cell, human"": 844, ""CD16-positive, CD56-dim natural killer cell, human"": 784, ""CD4-positive, alpha-beta memory T cell"": 840, ""CD8-positive, alpha-beta memory T cell"": 496, ""IgA plasma cell"": 88, ""IgG plasma cell"": 200, ""IgM plasma cell"": 4, ""T follicular helper cell"": 508, ""T-helper 17 cell"": 264, ""TREM2-positive macrophage"": 25, ""capillary endothelial cell"": 8, ""conventional dendritic cell"": 270, ""cycling T cell"": 52, ""effector memory CD8-positive, alpha-beta T cell"": 800, ""endothelial cell of artery"": 68, ""endothelial cell of lymphatic vessel"": 4, ""fibroblast"": 160, ""gamma-delta T cell"": 244, ""gastrointestinal tract (lamina propria) macrophage"": 4, ""germinal center B cell"": 8, ""group 3 innate lymphoid cell"": 40, ""macrophage"": 1295, ""mast cell"": 10, ""mature neutrophil"": 155, ""megakaryocyte"": 5, ""memory B cell"": 3192, ""monocyte"": 590, ""mucosal invariant T cell"": 212, ""naive B cell"": 6760, ""naive thymus-derived CD4-positive, alpha-beta T cell"": 1632, ""naive thymus-derived CD8-positive, alpha-beta T cell"": 876, ""neutrophil"": 137, ""neutrophil progenitor cell"": 45, ""plasmablast"": 168, ""precursor B cell"": 32, ""pro-B cell"": 8, ""regulatory T cell"": 380, ""transit amplifying cell"": 15, ""vascular associated smooth muscle cell"": 40, ""vein endothelial cell"": 16}"
Homo sapiens,ileum,10x 3' v1,"{""B cell"": 140, ""CD16-negative, CD56-bright natural killer cell, human"": 28, ""CD16-positive, CD56-dim natural killer cell, human"": 4, ""CD4-positive, alpha-beta memory T cell"": 646, ""CD8-positive, alpha-beta memory T cell"": 232, ""IgA plasma cell"": 14298, ""IgG plasma cell"": 2194, ""IgM plasma cell"": 1593, ""Langerhans cell"": 10, ""M cell of gut"": 10, ""T follicular helper cell"": 203, ""T-helper 17 cell"": 120, ""TREM2-positive macrophage"": 274, ""alpha-beta T cell"": 665, ""capillary endothelial cell"": 89, ""conventional dendritic cell"": 522, ""cycling T cell"": 49, ""dendritic cell, human"": 10, ""effector memory CD8-positive, alpha-beta T cell"": 298, ""endothelial cell"": 40, ""endothelial cell of artery"": 32, ""endothelial cell of lymphatic vessel"": 6, ""enterocyte"": 50, ""enterocyte of epithelium proper of ileum"": 10, ""enteroendocrine cell"": 15, ""enteroendocrine cell of small intestine"": 1, ""enteroglial cell"": 140, ""fibroblast"": 443, ""fibroblast of gingiva"": 312, ""fibroblastic reticular cell"": 3, ""gamma-delta T cell"": 122, ""gastrointestinal tract (lamina propria) macrophage"": 459, ""germinal center B cell"": 7, ""group 3 innate lymphoid cell"": 107, ""ileal goblet cell"": 7, ""innate lymphoid cell"": 69, ""intestinal crypt stem cell"": 10, ""intestine goblet cell"": 5, ""macrophage"": 265, ""mast cell"": 82, ""memory B cell"": 1267, ""monocyte"": 292, ""mononuclear phagocyte"": 81, ""mucosal invariant T cell"": 57, ""myofibroblast cell"": 140, ""naive B cell"": 126, ""naive thymus-derived CD4-positive, alpha-beta T cell"": 243, ""naive thymus-derived CD8-positive, alpha-beta T cell"": 14, ""pericyte"": 127, ""plasma cell"": 1600, ""plasmablast"": 110, ""plasmacytoid dendritic cell, human"": 4, ""precursor B cell"": 4, ""pro-B cell"": 4, ""progenitor cell"": 42, ""regulatory T cell"": 279, ""smooth muscle fiber of ileum"": 2, ""transit amplifying cell"": 44, ""transit amplifying cell of small intestine"": 12, ""unknown"": 2410, ""vascular associated smooth muscle cell"": 49, ""vein endothelial cell"": 175}"
Homo sapiens,ileum,10x 3' v2,"{""B cell"": 10301, ""BEST4+ enterocyte"": 1771, ""CD16-negative, CD56-bright natural killer cell, human"": 5517, ""CD16-positive, CD56-dim natural killer cell, human"": 800, ""CD34-positive, CD56-positive, CD117-positive common innate lymphoid precursor, human"": 21, ""CD4-positive, alpha-beta T cell"": 8755, ""CD4-positive, alpha-beta memory T cell"": 25788, ""CD8-positive, alpha-beta T cell"": 5622, ""CD8-positive, alpha-beta memory T cell"": 25533, ""GIP cell"": 21, ""IgA plasma cell"": 29540, ""IgG plasma cell"": 12146, ""IgM plasma cell"": 4192, ""Langerhans cell"": 158, ""M cell of gut"": 3060, ""NKp44-negative group 3 innate lymphoid cell, human"": 95, ""NKp44-positive group 3 innate lymphoid cell, human"": 65, ""Schwann cell"": 1, ""T cell"": 1551, ""T follicular helper cell"": 17856, ""T-helper 1 cell"": 220, ""T-helper 17 cell"": 14377, ""TREM2-positive macrophage"": 1750, ""acinar cell"": 2, ""activated CD4-positive, alpha-beta T cell"": 1185, ""activated CD4-positive, alpha-beta T cell, human"": 301, ""activated CD8-positive, alpha-beta T cell"": 3215, ""afferent neuron"": 1576, ""alpha-beta T cell"": 14292, ""angiogenic pericyte"": 208, ""basal cell"": 2, ""capillary endothelial cell"": 6801, ""colon epithelial cell"": 50, ""colon goblet cell"": 303, ""colonocyte"": 16590, ""common lymphoid progenitor"": 16, ""conventional dendritic cell"": 10744, ""cycling T cell"": 1734, ""dendritic cell"": 370, ""dendritic cell, human"": 1406, ""effector memory CD8-positive, alpha-beta T cell"": 8952, ""endothelial cell"": 17370, ""endothelial cell of artery"": 3518, ""endothelial cell of lymphatic vessel"": 2651, ""enteric neuron"": 4391, ""enteric smooth muscle cell"": 7522, ""enterocyte"": 156103, ""enterocyte of epithelium proper of ileum"": 799, ""enteroendocrine cell"": 4300, ""enteroendocrine cell of colon"": 38, ""enteroendocrine cell of small intestine"": 17, ""enteroglial cell"": 7337, ""eosinophil"": 53, ""epithelial cell"": 21308, ""epithelial cell of lung"": 4, ""erythroblast"": 403, ""erythrocyte"": 270, ""fibroblast"": 63985, ""fibroblast of gingiva"": 1504, ""fibroblastic reticular cell"": 2119, ""follicular B cell"": 22, ""follicular dendritic cell"": 746, ""foveolar cell of stomach"": 52, ""gamma-delta T cell"": 11145, ""gastrointestinal tract (lamina propria) macrophage"": 26735, ""germinal center B cell"": 13683, ""glial cell"": 3383, ""goblet cell"": 9751, ""group 2 innate lymphoid cell"": 6, ""group 3 innate lymphoid cell"": 5378, ""hematopoietic cell"": 345, ""hepatic stellate cell"": 5, ""hepatoblast"": 1, ""ileal goblet cell"": 223, ""immature B cell"": 33, ""immature neutrophil"": 1, ""immature pericyte"": 1404, ""inflammatory macrophage"": 248, ""inhibitory motor neuron"": 945, ""innate lymphoid cell"": 1439, ""interneuron"": 437, ""interstitial cell of Cajal"": 1371, ""intestinal crypt stem cell"": 13035, ""intestinal epithelial cell"": 1848, ""intestinal tuft cell"": 392, ""intestine goblet cell"": 41263, ""intraepithelial lymphocyte"": 253, ""lymphocyte"": 2399, ""macrophage"": 20934, ""mast cell"": 4540, ""mature NK T cell"": 1264, ""mature neutrophil"": 8, ""megakaryocyte"": 22, ""memory B cell"": 34633, ""mesenchymal cell"": 8109, ""mesenchymal lymphangioblast"": 50, ""mesodermal cell"": 56925, ""mesothelial cell"": 1753, ""migratory enteric neural crest cell"": 825, ""monocyte"": 7603, ""mononuclear phagocyte"": 1554, ""motor neuron"": 2267, ""mucosal invariant T cell"": 3115, ""myeloid cell"": 40, ""myeloid leukocyte"": 1550, ""myofibroblast cell"": 18047, ""naive B cell"": 41745, ""naive T cell"": 555, ""naive thymus-derived CD4-positive, alpha-beta T cell"": 14890, ""naive thymus-derived CD8-positive, alpha-beta T cell"": 4155, ""natural killer cell"": 1207, ""neural crest cell"": 1149, ""neuroblast (sensu Vertebrata)"": 2650, ""neuron"": 2, ""neutrophil"": 77, ""neutrophil progenitor cell"": 155, ""oligodendrocyte precursor cell"": 742, ""pancreatic ductal cell"": 1, ""paneth cell"": 2862, ""paneth cell of colon"": 94, ""paneth cell of epithelium of small intestine"": 34, ""pericyte"": 11738, ""peripheral nervous system neuron"": 244, ""plasma cell"": 21227, ""plasmablast"": 1014, ""plasmacytoid dendritic cell"": 2586, ""plasmacytoid dendritic cell, human"": 773, ""precursor B cell"": 431, ""primary sensory neuron (sensu Teleostei)"": 232, ""pro-B cell"": 336, ""progenitor cell"": 23671, ""progenitor cell of endocrine pancreas"": 119, ""pulmonary alveolar type 1 cell"": 3, ""regulatory T cell"": 18829, ""reticular cell"": 365, ""smooth muscle cell"": 21685, ""smooth muscle fiber of ileum"": 52, ""stem cell"": 54244, ""stromal cell"": 13844, ""stromal cell of lamina propria of small intestine"": 640, ""transit amplifying cell"": 48404, ""transit amplifying cell of colon"": 291, ""transit amplifying cell of small intestine"": 41, ""tuft cell"": 168, ""tuft cell of small intestine"": 1084, ""type D enteroendocrine cell"": 40, ""type EC enteroendocrine cell"": 904, ""type I enteroendocrine cell"": 55, ""type L enteroendocrine cell"": 480, ""type N enteroendocrine cell"": 35, ""unknown"": 4658, ""vascular associated smooth muscle cell"": 1741, ""vein endothelial cell"": 8821}"
Homo sapiens,ileum,10x 3' v3,"{""B cell"": 514, ""BEST4+ enterocyte"": 497, ""CD4-positive, alpha-beta T cell"": 261, ""CD8-positive, alpha-beta T cell"": 2223, ""M cell of gut"": 6806, ""activated CD4-positive, alpha-beta T cell"": 504, ""activated CD8-positive, alpha-beta T cell"": 1626, ""colon epithelial cell"": 5, ""dendritic cell"": 54, ""endothelial cell of arteriole"": 39, ""endothelial cell of venule"": 3, ""enteric smooth muscle cell"": 1423, ""enterocyte"": 14341, ""enterocyte of epithelium of small intestine"": 1895, ""enterocyte of epithelium proper of ileum"": 19422, ""enteroendocrine cell"": 485, ""enteroendocrine cell of small intestine"": 395, ""enteroglial cell"": 36, ""epithelial cell"": 1, ""epithelial cell of small intestine"": 119, ""erythroid lineage cell"": 5, ""fibroblast"": 16162, ""gamma-delta T cell"": 174, ""glial cell"": 454, ""goblet cell"": 2090, ""group 3 innate lymphoid cell"": 127, ""gut absorptive cell"": 62, ""gut endothelial cell"": 2977, ""inhibitory motor neuron"": 72, ""innate lymphoid cell"": 30, ""interneuron"": 58, ""interstitial cell of Cajal"": 260, ""intestinal crypt stem cell of large intestine"": 31, ""intestinal crypt stem cell of small intestine"": 965, ""intestinal epithelial cell"": 9686, ""intestinal tuft cell"": 407, ""intestine goblet cell"": 69, ""leukocyte"": 1293, ""macrophage"": 386, ""mast cell"": 136, ""mesothelial cell"": 121, ""microfold cell of epithelium of small intestine"": 13, ""monocyte"": 193, ""motor neuron"": 68, ""myeloid dendritic cell"": 3, ""myofibroblast cell"": 1621, ""naive T cell"": 367, ""naive thymus-derived CD4-positive, alpha-beta T cell"": 27, ""natural killer cell"": 343, ""neural cell"": 1498, ""neuroendocrine cell"": 41, ""neuron"": 1, ""neutrophil"": 105, ""paneth cell"": 82, ""paneth cell of epithelium of small intestine"": 80, ""pericyte"": 2330, ""plasma cell"": 294, ""plasmacytoid dendritic cell"": 25, ""precursor B cell"": 36, ""progenitor cell"": 1227, ""regulatory T cell"": 3, ""secretory cell"": 199, ""small intestine goblet cell"": 3988, ""smooth muscle cell of large intestine"": 18, ""smooth muscle cell of small intestine"": 240, ""stem cell"": 23874, ""transit amplifying cell"": 354, ""transit amplifying cell of colon"": 186, ""transit amplifying cell of small intestine"": 959, ""tuft cell of colon"": 94}"
Homo sapiens,ileum,10x 5' v1,"{""BEST4+ enterocyte"": 495, ""CD16-negative, CD56-bright natural killer cell, human"": 22, ""CD16-positive, CD56-dim natural killer cell, human"": 16, ""CD4-positive helper T cell"": 326, ""CD4-positive, alpha-beta memory T cell"": 348, ""CD8-positive, alpha-beta memory T cell"": 1684, ""CD8-positive, alpha-beta memory T cell, CD45RO-positive"": 26, ""IgA plasma cell"": 20, ""M cell of gut"": 25, ""T follicular helper cell"": 54, ""T-helper 17 cell"": 284, ""TREM2-positive macrophage"": 5, ""alpha-beta T cell"": 100, ""alveolar macrophage"": 2, ""classical monocyte"": 2, ""conventional dendritic cell"": 55, ""cycling T cell"": 8, ""effector memory CD4-positive, alpha-beta T cell"": 10, ""effector memory CD8-positive, alpha-beta T cell"": 84, ""effector memory CD8-positive, alpha-beta T cell, terminally differentiated"": 16, ""endothelial cell of artery"": 24, ""enterocyte"": 19960, ""enteroendocrine cell"": 150, ""fibroblast"": 92, ""foveolar cell of stomach"": 5, ""gamma-delta T cell"": 720, ""gastrointestinal tract (lamina propria) macrophage"": 4, ""germinal center B cell"": 22, ""group 3 innate lymphoid cell"": 16, ""intestinal crypt stem cell"": 85, ""intestine goblet cell"": 2260, ""lymphocyte"": 10, ""macrophage"": 107, ""mast cell"": 17, ""memory B cell"": 468, ""monocyte"": 20, ""mucosal invariant T cell"": 18, ""naive B cell"": 152, ""naive thymus-derived CD4-positive, alpha-beta T cell"": 98, ""naive thymus-derived CD8-positive, alpha-beta T cell"": 12, ""non-classical monocyte"": 2, ""paneth cell"": 5, ""plasma cell"": 30, ""plasmablast"": 2, ""regulatory T cell"": 32, ""transit amplifying cell"": 575, ""tuft cell of small intestine"": 585, ""unknown"": 18, ""vein endothelial cell"": 40}"
Homo sapiens,ileum,10x 5' v2,"{""B cell"": 11, ""BEST4+ enterocyte"": 4433, ""CD16-negative, CD56-bright natural killer cell, human"": 944, ""CD16-positive, CD56-dim natural killer cell, human"": 68, ""CD34-positive, CD56-positive, CD117-positive common innate lymphoid precursor, human"": 96, ""CD4-positive, alpha-beta T cell"": 159, ""CD4-positive, alpha-beta memory T cell"": 2028, ""CD8-positive, alpha-beta T cell"": 85, ""CD8-positive, alpha-beta memory T cell"": 1374, ""GIP cell"": 15, ""IgA plasma cell"": 6563, ""IgG plasma cell"": 350, ""IgM plasma cell"": 284, ""Langerhans cell"": 90, ""M cell of gut"": 387, ""NKp44-negative group 3 innate lymphoid cell, human"": 337, ""NKp44-positive group 3 innate lymphoid cell, human"": 351, ""T cell"": 313, ""T follicular helper cell"": 244, ""T-helper 17 cell"": 1821, ""TREM2-positive macrophage"": 680, ""activated CD4-positive, alpha-beta T cell"": 65, ""activated CD8-positive, alpha-beta T cell"": 294, ""afferent neuron"": 764, ""angiogenic pericyte"": 304, ""capillary endothelial cell"": 4591, ""central memory CD4-positive, alpha-beta T cell"": 13, ""colon epithelial cell"": 18, ""colonocyte"": 8744, ""common lymphoid progenitor"": 43, ""conventional dendritic cell"": 3695, ""cycling T cell"": 180, ""dendritic cell, human"": 20, ""effector memory CD8-positive, alpha-beta T cell"": 780, ""endothelial cell"": 392, ""endothelial cell of artery"": 3147, ""endothelial cell of lymphatic vessel"": 3560, ""enteric neuron"": 1452, ""enteric smooth muscle cell"": 2186, ""enterocyte"": 51367, ""enterocyte of epithelium of large intestine"": 2, ""enteroendocrine cell"": 1065, ""enteroglial cell"": 5412, ""eosinophil"": 30, ""epithelial cell"": 7070, ""erythrocyte"": 210, ""fibroblast"": 41820, ""fibroblast of gingiva"": 24, ""fibroblastic reticular cell"": 1640, ""follicular B cell"": 10, ""foveolar cell of stomach"": 59, ""gamma-delta T cell"": 1290, ""gastrointestinal tract (lamina propria) macrophage"": 16344, ""gastrointestinal tract (lamina propria) macrophage of large intestine"": 224, ""germinal center B cell"": 79, ""glial cell"": 5866, ""goblet cell"": 131, ""group 2 innate lymphoid cell"": 18, ""group 3 innate lymphoid cell"": 1617, ""immature B cell"": 146, ""immature pericyte"": 2060, ""inflammatory macrophage"": 1, ""inhibitory motor neuron"": 573, ""innate lymphoid cell"": 22, ""interneuron"": 460, ""interstitial cell of Cajal"": 1265, ""intestinal crypt stem cell"": 8005, ""intestinal tuft cell"": 73, ""intestine goblet cell"": 6885, ""macrophage"": 9760, ""mast cell"": 139, ""mature NK T cell"": 64, ""megakaryocyte"": 7, ""memory B cell"": 989, ""mesenchymal cell"": 36, ""mesenchymal lymphangioblast"": 9, ""mesodermal cell"": 37329, ""mesothelial cell"": 1408, ""migratory enteric neural crest cell"": 191, ""monocyte"": 1199, ""motor neuron"": 1826, ""mucosal invariant T cell"": 89, ""mucous neck cell of gastric gland"": 5, ""myofibroblast cell"": 10901, ""naive B cell"": 945, ""naive thymus-derived CD4-positive, alpha-beta T cell"": 576, ""naive thymus-derived CD8-positive, alpha-beta T cell"": 224, ""natural killer cell"": 357, ""neuroblast (sensu Vertebrata)"": 1939, ""neutrophil"": 18, ""neutrophil progenitor cell"": 70, ""oligodendrocyte precursor cell"": 423, ""paneth cell"": 3048, ""pericyte"": 5741, ""plasma cell"": 1488, ""plasmablast"": 44, ""plasmacytoid dendritic cell"": 37, ""plasmacytoid dendritic cell, human"": 110, ""precursor B cell"": 256, ""primary sensory neuron (sensu Teleostei)"": 115, ""pro-B cell"": 315, ""progenitor cell"": 2036, ""progenitor cell of endocrine pancreas"": 20, ""regulatory T cell"": 444, ""smooth muscle cell"": 8308, ""stem cell"": 3958, ""stromal cell"": 15419, ""transit amplifying cell"": 15592, ""tuft cell of colon"": 53, ""tuft cell of small intestine"": 257, ""type D enteroendocrine cell"": 18, ""type EC enteroendocrine cell"": 690, ""type I enteroendocrine cell"": 42, ""type L enteroendocrine cell"": 16, ""type N enteroendocrine cell"": 3, ""unknown"": 1, ""vascular associated smooth muscle cell"": 3144, ""vein endothelial cell"": 7282}"
Homo sapiens,ileum,SORT-seq,"{""M cell of gut"": 72, ""colon epithelial cell"": 2, ""enterocyte"": 1350, ""enteroendocrine cell"": 2637, ""goblet cell"": 2821, ""intestinal tuft cell"": 2, ""stem cell"": 464}"
Homo sapiens,ileum,microwell-seq,"{""B cell"": 17, ""T cell"": 78, ""alternatively activated macrophage"": 1, ""dendritic cell"": 156, ""endothelial cell"": 450, ""enterocyte"": 1372, ""epithelial cell"": 128, ""fibroblast"": 6, ""macrophage"": 167, ""mast cell"": 99, ""mesenchymal stem cell"": 1, ""monocyte"": 13, ""neuron"": 19, ""neutrophil"": 1, ""plasma cell"": 273, ""smooth muscle cell"": 39, ""stromal cell"": 547}"
Homo sapiens,ileum lamina propria,10x 3' v2,"{""B cell"": 103, ""BEST4+ enterocyte"": 18, ""CD16-negative, CD56-bright natural killer cell, human"": 423, ""CD16-positive, CD56-dim natural killer cell, human"": 775, ""CD4-positive, alpha-beta T cell"": 731, ""CD4-positive, alpha-beta memory T cell"": 9130, ""CD8-positive, alpha-beta T cell"": 627, ""CD8-positive, alpha-beta memory T cell"": 4672, ""T cell"": 114, ""T follicular helper cell"": 3509, ""T-helper 17 cell"": 2317, ""conventional dendritic cell"": 61, ""cycling T cell"": 383, ""dendritic cell"": 18, ""effector memory CD8-positive, alpha-beta T cell"": 12429, ""endothelial cell"": 364, ""endothelial cell of lymphatic vessel"": 8, ""enterocyte"": 156, ""enteroendocrine cell"": 20, ""epithelial cell"": 163, ""fibroblast"": 325, ""gamma-delta T cell"": 571, ""gastrointestinal tract (lamina propria) macrophage"": 4, ""glial cell"": 31, ""goblet cell"": 253, ""group 3 innate lymphoid cell"": 4, ""innate lymphoid cell"": 29, ""intestinal crypt stem cell"": 196, ""intestine goblet cell"": 646, ""intraepithelial lymphocyte"": 70, ""lymphocyte"": 103, ""macrophage"": 573, ""mast cell"": 73, ""monocyte"": 18, ""mucosal invariant T cell"": 744, ""myofibroblast cell"": 38, ""naive T cell"": 73, ""naive thymus-derived CD4-positive, alpha-beta T cell"": 3517, ""naive thymus-derived CD8-positive, alpha-beta T cell"": 345, ""natural killer cell"": 156, ""paneth cell"": 370, ""pericyte"": 33, ""plasma cell"": 583, ""plasmacytoid dendritic cell"": 136, ""regulatory T cell"": 6242, ""stem cell"": 647, ""transit amplifying cell"": 1400, ""tuft cell"": 3, ""type EC enteroendocrine cell"": 12, ""type L enteroendocrine cell"": 6, ""unknown"": 69}"
Homo sapiens,ileum lamina propria,10x 3' v3,"{""B cell"": 8278, ""BEST4+ enterocyte"": 478, ""CD4-positive, alpha-beta T cell"": 13434, ""CD8-positive, alpha-beta T cell"": 12084, ""M cell of gut"": 80, ""T cell"": 2495, ""conventional dendritic cell"": 1187, ""dendritic cell"": 650, ""endothelial cell"": 2719, ""enterocyte"": 39813, ""enteroendocrine cell"": 1124, ""epithelial cell"": 3195, ""fibroblast"": 8679, ""glial cell"": 857, ""goblet cell"": 4487, ""innate lymphoid cell"": 574, ""intestinal crypt stem cell"": 1568, ""intestine goblet cell"": 9090, ""intraepithelial lymphocyte"": 1168, ""lymphocyte"": 772, ""macrophage"": 15286, ""mast cell"": 5085, ""monocyte"": 522, ""myofibroblast cell"": 927, ""naive T cell"": 2198, ""natural killer cell"": 1284, ""paneth cell"": 7266, ""pericyte"": 567, ""plasma cell"": 20495, ""plasmacytoid dendritic cell"": 3746, ""regulatory T cell"": 3965, ""stem cell"": 8760, ""transit amplifying cell"": 17674, ""tuft cell"": 493, ""tuft cell of small intestine"": 900, ""type EC enteroendocrine cell"": 316, ""type L enteroendocrine cell"": 234, ""unknown"": 2149}"
Homo sapiens,ileum lamina propria,10x 5' v2,"{""CD16-negative, CD56-bright natural killer cell, human"": 56, ""CD16-positive, CD56-dim natural killer cell, human"": 24, ""CD4-positive, alpha-beta memory T cell"": 488, ""CD8-positive, alpha-beta memory T cell"": 260, ""IgG plasma cell"": 20, ""M cell of gut"": 40, ""T follicular helper cell"": 1144, ""T-helper 17 cell"": 132, ""TREM2-positive macrophage"": 10, ""capillary endothelial cell"": 44, ""conventional dendritic cell"": 155, ""cycling T cell"": 84, ""dendritic cell, human"": 10, ""effector memory CD8-positive, alpha-beta T cell"": 560, ""endothelial cell of artery"": 68, ""endothelial cell of lymphatic vessel"": 12, ""enterocyte"": 10, ""fibroblast"": 188, ""follicular dendritic cell"": 8, ""gamma-delta T cell"": 220, ""germinal center B cell"": 304, ""group 3 innate lymphoid cell"": 140, ""intestinal crypt stem cell"": 15, ""macrophage"": 110, ""mast cell"": 100, ""memory B cell"": 3604, ""monocyte"": 50, ""mucosal invariant T cell"": 28, ""naive B cell"": 5872, ""naive thymus-derived CD4-positive, alpha-beta T cell"": 3612, ""naive thymus-derived CD8-positive, alpha-beta T cell"": 1336, ""neutrophil"": 10, ""neutrophil progenitor cell"": 15, ""pericyte"": 28, ""plasmablast"": 8, ""precursor B cell"": 72, ""pro-B cell"": 16, ""regulatory T cell"": 1432, ""transit amplifying cell"": 5, ""vascular associated smooth muscle cell"": 60, ""vein endothelial cell"": 504}"
Homo sapiens,iliac artery,10x 3' v3,"{""blood vessel smooth muscle cell"": 1875, ""endothelial cell of artery"": 1678, ""fibroblast"": 1173, ""lymphocyte"": 154, ""macrophage"": 1549, ""microcirculation associated smooth muscle cell"": 1488, ""unknown"": 31}"
Homo sapiens,inferior vena cava,Smart-seq2,"{""B cell"": 6, ""CD4-positive, alpha-beta T cell"": 48, ""CD8-positive, alpha-beta T cell"": 15, ""endothelial cell"": 114, ""endothelial cell of artery"": 6, ""fibroblast"": 252, ""macrophage"": 150, ""mast cell"": 12, ""natural killer cell"": 12, ""neutrophil"": 9, ""pericyte"": 66, ""smooth muscle cell"": 75}"
Homo sapiens,inguinal lymph node,10x 3' v3,"{""B cell"": 28095, ""CD4-positive, alpha-beta T cell"": 9009, ""CD8-positive, alpha-beta T cell"": 2646, ""T cell"": 1539, ""classical monocyte"": 123, ""endothelial cell"": 21, ""hematopoietic precursor cell"": 3, ""intermediate monocyte"": 57, ""macrophage"": 60, ""mast cell"": 21, ""mature NK T cell"": 258, ""monocyte"": 45, ""myeloid dendritic cell"": 18, ""naive thymus-derived CD4-positive, alpha-beta T cell"": 1077, ""natural killer cell"": 246, ""neutrophil"": 90, ""non-classical monocyte"": 12, ""plasma cell"": 363, ""plasmacytoid dendritic cell"": 3, ""regulatory T cell"": 108}"
Homo sapiens,inguinal lymph node,10x 5' v2,"{""B cell"": 6950, ""CD16-negative, CD56-bright natural killer cell, human"": 484, ""CD16-positive, CD56-dim natural killer cell, human"": 388, ""CD4-positive, CD25-positive, alpha-beta regulatory T cell"": 5750, ""CD4-positive, alpha-beta T cell"": 3501, ""CD4-positive, alpha-beta memory T cell"": 14251, ""CD8-positive, alpha-beta T cell"": 954, ""CD8-positive, alpha-beta memory T cell"": 2728, ""T cell"": 42, ""central memory CD4-positive, alpha-beta T cell"": 18931, ""central memory CD8-positive, alpha-beta T cell"": 261, ""classical monocyte"": 26, ""effector memory CD4-positive, alpha-beta T cell"": 1615, ""effector memory CD4-positive, alpha-beta T cell, terminally differentiated"": 36, ""effector memory CD8-positive, alpha-beta T cell"": 407, ""effector memory CD8-positive, alpha-beta T cell, terminally differentiated"": 313, ""gamma-delta T cell"": 192, ""germinal center B cell"": 81, ""germinal center T cell"": 74, ""group 1 innate lymphoid cell"": 23, ""group 3 innate lymphoid cell"": 724, ""immature innate lymphoid cell"": 75, ""intermediate monocyte"": 3, ""macrophage"": 164, ""mast cell"": 23, ""mature NK T cell"": 33, ""memory B cell"": 61810, ""monocyte"": 21, ""mucosal invariant T cell"": 66, ""myeloid dendritic cell"": 3, ""naive B cell"": 12588, ""naive thymus-derived CD4-positive, alpha-beta T cell"": 24342, ""naive thymus-derived CD8-positive, alpha-beta T cell"": 13300, ""natural killer cell"": 39, ""plasma cell"": 766, ""plasmablast"": 321, ""plasmacytoid dendritic cell"": 12, ""precursor B cell"": 1, ""progenitor cell"": 32, ""regulatory T cell"": 39}"
Homo sapiens,inguinal lymph node,Smart-seq2,"{""B cell"": 1977, ""CD4-positive, alpha-beta T cell"": 546, ""CD4-positive, alpha-beta thymocyte"": 129, ""CD8-positive, alpha-beta T cell"": 270, ""CD8-positive, alpha-beta thymocyte"": 66, ""classical monocyte"": 6, ""endothelial cell"": 9, ""erythrocyte"": 21, ""innate lymphoid cell"": 1431, ""intermediate monocyte"": 18, ""macrophage"": 3, ""mast cell"": 42, ""mature NK T cell"": 6, ""monocyte"": 3, ""myeloid dendritic cell"": 33, ""naive thymus-derived CD4-positive, alpha-beta T cell"": 285, ""natural killer cell"": 144, ""non-classical monocyte"": 3, ""plasma cell"": 183, ""regulatory T cell"": 21, ""stromal cell"": 3}"
Homo sapiens,inguinal region skin,10x 3' v2,"{""skin fibroblast"": 2739}"
Homo sapiens,insular cortex,10x 3' v2,"{""astrocyte"": 4111, ""microglial cell"": 1082, ""neural cell"": 24369, ""oligodendrocyte"": 1318, ""oligodendrocyte precursor cell"": 1779, ""unknown"": 1494}"
Homo sapiens,insular cortex,10x 3' v3,"{""T cell"": 279, ""astrocyte"": 27130, ""endothelial cell of vascular tree"": 1864, ""glutamatergic neuron"": 36230, ""inhibitory interneuron"": 21795, ""microglial cell"": 16976, ""oligodendrocyte"": 107071, ""oligodendrocyte precursor cell"": 15313, ""pericyte"": 2013}"
Homo sapiens,intercostal muscle,10x 3' v2,"{""B cell"": 40, ""CD14-low, CD16-positive monocyte"": 535, ""CD14-positive, CD16-low monocyte"": 2106, ""CD16-negative, CD56-bright natural killer cell, human"": 560, ""CD16-positive, CD56-dim natural killer cell, human"": 1627, ""CD4-positive, CD25-positive, alpha-beta regulatory T cell"": 32, ""CD4-positive, alpha-beta T cell"": 1217, ""CD8-positive, alpha-beta T cell"": 1974, ""T cell"": 20, ""adipocyte"": 31, ""blood vessel endothelial cell"": 930, ""capillary endothelial cell"": 5638, ""conventional dendritic cell"": 1321, ""endothelial cell of arteriole"": 3942, ""endothelial cell of artery"": 742, ""endothelial cell of lymphatic vessel"": 426, ""erythrocyte"": 1, ""fibroblast"": 21669, ""fibroblast of the aortic adventitia"": 5315, ""immature neutrophil"": 1, ""macrophage"": 4758, ""mast cell"": 165, ""memory B cell"": 664, ""mesothelial cell"": 6, ""mural cell"": 266, ""muscle cell"": 3921, ""myelinating Schwann cell"": 960, ""naive B cell"": 1124, ""naive T cell"": 431, ""natural killer cell"": 52, ""non-myelinating Schwann cell"": 285, ""pericyte"": 4384, ""perineurial cell"": 1256, ""plasma cell"": 536, ""skeletal muscle satellite stem cell"": 23160, ""smooth muscle cell"": 13732, ""tendon cell"": 625, ""type I muscle cell"": 68366, ""type II muscle cell"": 49322, ""unknown"": 798, ""vein endothelial cell"": 5193}"
Homo sapiens,intercostal muscle,10x 3' v3,"{""CD14-low, CD16-positive monocyte"": 405, ""CD14-positive, CD16-low monocyte"": 2577, ""CD16-negative, CD56-bright natural killer cell, human"": 372, ""CD16-positive, CD56-dim natural killer cell, human"": 4657, ""CD4-positive, CD25-positive, alpha-beta regulatory T cell"": 80, ""CD4-positive, alpha-beta T cell"": 5607, ""CD8-positive, alpha-beta T cell"": 3188, ""T cell"": 44, ""adipocyte"": 106, ""blood vessel endothelial cell"": 2, ""capillary endothelial cell"": 705, ""conventional dendritic cell"": 1182, ""endothelial cell of arteriole"": 240, ""endothelial cell of artery"": 78, ""endothelial cell of lymphatic vessel"": 98, ""eosinophil"": 72, ""erythrocyte"": 25, ""fibroblast"": 17455, ""fibroblast of the aortic adventitia"": 3269, ""immature neutrophil"": 92, ""macrophage"": 2991, ""mast cell"": 875, ""mature neutrophil"": 1812, ""memory B cell"": 130, ""mesothelial cell"": 197, ""mural cell"": 14, ""muscle cell"": 5318, ""myelinating Schwann cell"": 12, ""naive B cell"": 647, ""naive T cell"": 1667, ""natural killer cell"": 48, ""non-myelinating Schwann cell"": 48, ""pericyte"": 617, ""perineurial cell"": 225, ""plasma cell"": 104, ""plasmacytoid dendritic cell"": 78, ""skeletal muscle satellite stem cell"": 14583, ""smooth muscle cell"": 2311, ""tendon cell"": 726, ""type I muscle cell"": 70225, ""type II muscle cell"": 51276, ""unknown"": 444, ""vein endothelial cell"": 353}"
Homo sapiens,interventricular septum,10x 3' v2,"{""B cell"": 102, ""CD14-positive monocyte"": 145, ""CD14-positive, CD16-positive monocyte"": 876, ""CD4-positive, alpha-beta cytotoxic T cell"": 468, ""CD8-positive, alpha-beta cytotoxic T cell"": 396, ""activated CD4-positive, alpha-beta T cell"": 178, ""activated CD8-positive, alpha-beta T cell"": 334, ""adipocyte"": 27, ""capillary endothelial cell"": 13306, ""cardiac muscle cell"": 686, ""dendritic cell"": 76, ""endocardial cell"": 10, ""endothelial cell"": 7204, ""endothelial cell of artery"": 4363, ""endothelial cell of lymphatic vessel"": 197, ""epicardial adipocyte"": 24, ""fetal cardiomyocyte"": 4, ""fibroblast"": 18892, ""innate lymphoid cell"": 165, ""lymphocyte"": 2213, ""macrophage"": 1800, ""mast cell"": 15, ""mature NK T cell"": 322, ""mesothelial cell"": 14, ""mesothelial cell of epicardium"": 1, ""monocyte"": 603, ""mural cell"": 3931, ""myeloid cell"": 4285, ""natural killer cell"": 1178, ""neural cell"": 449, ""neuron"": 195, ""pericyte"": 12589, ""regular atrial cardiac myocyte"": 51, ""regular ventricular cardiac myocyte"": 45505, ""smooth muscle cell"": 1910, ""unknown"": 3381, ""vascular associated smooth muscle cell"": 87, ""vein endothelial cell"": 1084}"
Homo sapiens,interventricular septum,10x 3' v3,"{""B cell"": 248, ""CD14-positive monocyte"": 326, ""CD14-positive, CD16-positive monocyte"": 930, ""CD4-positive, alpha-beta cytotoxic T cell"": 360, ""CD8-positive, alpha-beta cytotoxic T cell"": 232, ""activated CD4-positive, alpha-beta T cell"": 230, ""activated CD8-positive, alpha-beta T cell"": 244, ""adipocyte"": 669, ""capillary endothelial cell"": 21909, ""cardiac endothelial cell"": 4753, ""cardiac muscle cell"": 144118, ""cardiac neuron"": 4111, ""dendritic cell"": 98, ""endocardial cell"": 1, ""endothelial cell"": 74545, ""endothelial cell of artery"": 6841, ""endothelial cell of lymphatic vessel"": 397, ""epicardial adipocyte"": 268, ""fibroblast"": 15449, ""fibroblast of cardiac tissue"": 75523, ""innate lymphoid cell"": 52, ""lymphocyte"": 10087, ""macrophage"": 2062, ""mast cell"": 1334, ""mature NK T cell"": 222, ""mesothelial cell"": 4, ""mesothelial cell of epicardium"": 2, ""monocyte"": 524, ""mural cell"": 85902, ""myeloid cell"": 32145, ""natural killer cell"": 1875, ""neural cell"": 848, ""neuron"": 282, ""pericyte"": 25830, ""regular atrial cardiac myocyte"": 11, ""regular ventricular cardiac myocyte"": 73722, ""smooth muscle cell"": 5058, ""unknown"": 14808, ""vascular associated smooth muscle cell"": 107, ""vein endothelial cell"": 1405}"
Homo sapiens,interventricular septum,10x multiome,"{""adipocyte"": 16, ""endothelial cell"": 2665, ""endothelial cell of lymphatic vessel"": 19, ""fibroblast"": 3519, ""lymphocyte"": 273, ""mast cell"": 96, ""mural cell"": 2207, ""myeloid cell"": 935, ""neural cell"": 160, ""regular ventricular cardiac myocyte"": 6314}"
Homo sapiens,interventricular septum,modified STRT-seq,"{""cardiac muscle cell"": 1971}"
Homo sapiens,intestinal mucosa,10x 3' v3,"{""enterocyte"": 12643, ""enteroendocrine cell"": 333, ""goblet cell"": 341, ""mesenchymal stem cell"": 1112, ""myofibroblast cell"": 781, ""neuron"": 714, ""paneth cell"": 4170, ""transit amplifying cell"": 2186}"
Homo sapiens,intestine,10x 3' v2,"{""BEST4+ enterocyte"": 5, ""CD16-negative, CD56-bright natural killer cell, human"": 8, ""CD4-positive, alpha-beta memory T cell"": 1576, ""CD8-positive, alpha-beta memory T cell"": 712, ""Langerhans cell"": 10, ""M cell of gut"": 4215, ""Schwann cell"": 5066, ""T follicular helper cell"": 120, ""T-helper 17 cell"": 928, ""TREM2-positive macrophage"": 160, ""basal cell"": 2254, ""ciliated cell"": 8056, ""club cell"": 7, ""colon endothelial cell"": 1647, ""colon epithelial cell"": 84, ""conventional dendritic cell"": 10, ""cycling T cell"": 112, ""dendritic cell, human"": 65, ""effector memory CD8-positive, alpha-beta T cell"": 160, ""endothelial cell"": 995, ""enterocyte"": 4630, ""enteroendocrine cell"": 176, ""eosinophil"": 5, ""epithelial cell"": 189, ""epithelial cell of pancreas"": 5, ""epithelial cell of stomach"": 2, ""gamma-delta T cell"": 132, ""gastrointestinal tract (lamina propria) macrophage"": 4, ""goblet cell"": 1942, ""group 3 innate lymphoid cell"": 12, ""hepatic stellate cell"": 1, ""hepatoblast"": 1, ""interstitial cell of Cajal"": 13720, ""intestinal tuft cell"": 26, ""macrophage"": 85, ""mesodermal cell"": 18380, ""mesothelial cell"": 1997, ""monocyte"": 5, ""mucosal invariant T cell"": 20, ""naive thymus-derived CD4-positive, alpha-beta T cell"": 1620, ""naive thymus-derived CD8-positive, alpha-beta T cell"": 92, ""neuroendocrine cell"": 3, ""neuron"": 4112, ""pancreatic ductal cell"": 2, ""paneth cell"": 110, ""pericyte"": 5595, ""pulmonary alveolar type 1 cell"": 4, ""regulatory T cell"": 332, ""smooth muscle cell"": 6627, ""stem cell"": 33287, ""stromal cell"": 17614}"
Homo sapiens,intestine,10x 3' v3,"{""B cell"": 1628, ""BEST4+ enterocyte"": 47, ""M cell of gut"": 674, ""Schwann cell"": 312, ""T cell"": 33052, ""acinar cell"": 3, ""basal cell"": 7453, ""ciliated cell"": 54, ""club cell"": 14, ""colon endothelial cell"": 2, ""colon epithelial cell"": 6356, ""dendritic cell"": 504, ""endothelial cell"": 2113, ""enterocyte"": 26806, ""enteroendocrine cell"": 3567, ""epithelial cell"": 179, ""epithelial cell of pancreas"": 2, ""fallopian tube secretory epithelial cell"": 58992, ""fibroblast"": 8719, ""goblet cell"": 16583, ""hematopoietic cell"": 290, ""hepatic stellate cell"": 1, ""interstitial cell of Cajal"": 18526, ""intestinal tuft cell"": 3727, ""mast cell"": 140, ""mesodermal cell"": 12150, ""mesothelial cell"": 2864, ""monocyte"": 27350, ""neuroendocrine cell"": 213, ""neuron"": 982, ""pancreatic epsilon cell"": 1, ""paneth cell"": 463, ""pericyte"": 4586, ""plasma cell"": 1568, ""pulmonary alveolar type 1 cell"": 6, ""smooth muscle cell"": 11706, ""stem cell"": 63640, ""stromal cell"": 35399, ""type B pancreatic cell"": 1}"
Homo sapiens,intestine,10x 5' v2,"{""BEST4+ enterocyte"": 12, ""CD16-negative, CD56-bright natural killer cell, human"": 12, ""CD4-positive, alpha-beta memory T cell"": 16, ""CD8-positive, alpha-beta memory T cell"": 12, ""T-helper 17 cell"": 32, ""TREM2-positive macrophage"": 80, ""capillary endothelial cell"": 20, ""conventional dendritic cell"": 15, ""effector memory CD8-positive, alpha-beta T cell"": 4, ""endothelial cell of artery"": 4, ""endothelial cell of lymphatic vessel"": 4, ""enterocyte"": 428, ""enteroendocrine cell"": 28, ""enteroglial cell"": 20, ""eosinophil"": 10, ""epithelial cell"": 272, ""fibroblast"": 236, ""fibroblastic reticular cell"": 28, ""gamma-delta T cell"": 8, ""gastrointestinal tract (lamina propria) macrophage"": 88, ""group 3 innate lymphoid cell"": 8, ""immature pericyte"": 44, ""interneuron"": 8, ""intestinal crypt stem cell"": 204, ""intestine goblet cell"": 64, ""macrophage"": 90, ""megakaryocyte"": 5, ""memory B cell"": 20, ""mesodermal cell"": 196, ""monocyte"": 290, ""myofibroblast cell"": 28, ""naive B cell"": 52, ""naive thymus-derived CD4-positive, alpha-beta T cell"": 28, ""naive thymus-derived CD8-positive, alpha-beta T cell"": 20, ""neuroblast (sensu Vertebrata)"": 4, ""paneth cell"": 16, ""plasmacytoid dendritic cell, human"": 10, ""regulatory T cell"": 20, ""tuft cell of small intestine"": 12, ""vascular associated smooth muscle cell"": 104, ""vein endothelial cell"": 48}"
Homo sapiens,intestine,microwell-seq,"{""B cell"": 20, ""T cell"": 226, ""acinar cell"": 4, ""cell of skeletal muscle"": 5, ""cord blood hematopoietic stem cell"": 52, ""dendritic cell"": 444, ""embryonic stem cell"": 1, ""endocrine cell"": 16, ""endothelial cell"": 423, ""enterocyte"": 9980, ""epithelial cell"": 10376, ""epithelial cell of proximal tubule"": 2, ""erythroid lineage cell"": 30, ""erythroid progenitor cell"": 12, ""fibroblast"": 3, ""goblet cell"": 6, ""macrophage"": 40, ""mast cell"": 4, ""mesenchymal stem cell"": 716, ""monocyte"": 24, ""neuron"": 424, ""neutrophil"": 10, ""plasma cell"": 1, ""primordial germ cell"": 9, ""professional antigen presenting cell"": 23, ""smooth muscle cell"": 223, ""stromal cell"": 442}"
Homo sapiens,intestine,sci-RNA-seq3,"{""chromaffin cell"": 766, ""endothelial cell of lymphatic vessel"": 356, ""endothelial cell of vascular tree"": 1834, ""erythroblast"": 262, ""glial cell"": 2584, ""innate lymphoid cell"": 2666, ""intestinal epithelial cell"": 30575, ""mesothelial cell"": 267, ""myeloid cell"": 3481, ""neuron"": 2702, ""smooth muscle cell"": 1418, ""stromal cell"": 17456}"
Homo sapiens,intrahepatic bile duct,10x 3' v2,"{""Kupffer cell"": 45, ""epithelial cell"": 10534, ""stem cell"": 1}"
Homo sapiens,iris,10x 3' v3,"{""Schwann cell"": 1237, ""blood vessel endothelial cell"": 114, ""fibroblast"": 12909, ""lymphocyte"": 280, ""macrophage"": 1199, ""melanocyte"": 18811, ""pigmented epithelial cell"": 27000, ""smooth muscle cell of sphincter of pupil"": 2221}"
Homo sapiens,islet of Langerhans,10x 3' v2,"{""PP cell"": 546, ""Schwann cell"": 46, ""endothelial cell"": 2876, ""leukocyte"": 388, ""mast cell"": 51, ""pancreatic A cell"": 63603, ""pancreatic D cell"": 10653, ""pancreatic PP cell"": 1595, ""pancreatic acinar cell"": 22382, ""pancreatic ductal cell"": 17069, ""pancreatic epsilon cell"": 86, ""pancreatic stellate cell"": 5035, ""type B pancreatic cell"": 65124, ""unknown"": 3798}"
Homo sapiens,islet of Langerhans,10x 3' v3,"{""PP cell"": 215, ""Schwann cell"": 264, ""endothelial cell"": 4533, ""leukocyte"": 1117, ""mast cell"": 299, ""pancreatic A cell"": 125775, ""pancreatic D cell"": 18362, ""pancreatic PP cell"": 3037, ""pancreatic acinar cell"": 17986, ""pancreatic ductal cell"": 20449, ""pancreatic epsilon cell"": 294, ""pancreatic stellate cell"": 9264, ""type B pancreatic cell"": 171568, ""unknown"": 627}"
Homo sapiens,islet of Langerhans,Smart-seq2,"{""acinar cell"": 411, ""mesenchymal cell"": 53, ""pancreatic ductal cell"": 389, ""type A enteroendocrine cell"": 998, ""type B pancreatic cell"": 348, ""type D enteroendocrine cell"": 83, ""unknown"": 262}"
Homo sapiens,isthmus of fallopian tube,10x 3' v3,"{""B cell"": 991, ""blood vessel endothelial cell"": 6207, ""ciliated epithelial cell"": 904, ""endothelial cell"": 1883, ""endothelial cell of lymphatic vessel"": 1986, ""fibroblast"": 6201, ""macrophage"": 2122, ""mast cell"": 1592, ""mature NK T cell"": 4790, ""myofibroblast cell"": 8571, ""natural killer cell"": 1067, ""pericyte"": 4602, ""secretory cell"": 11497, ""smooth muscle cell"": 6997, ""stromal cell"": 5116}"
Homo sapiens,isthmus of fallopian tube,Drop-seq,"{""B cell"": 32, ""ciliated epithelial cell"": 10, ""endothelial cell"": 37, ""endothelial cell of lymphatic vessel"": 39, ""macrophage"": 63, ""mast cell"": 29, ""natural killer cell"": 129, ""pericyte"": 54, ""secretory cell"": 143, ""smooth muscle cell"": 91, ""stromal cell"": 1258}"
Homo sapiens,jejunal epithelium,10x 3' v3,"{""CD16-negative, CD56-bright natural killer cell, human"": 182, ""CD16-positive, CD56-dim natural killer cell, human"": 40, ""CD4-positive helper T cell"": 3496, ""CD4-positive, CD25-positive, alpha-beta regulatory T cell"": 12, ""CD4-positive, alpha-beta memory T cell"": 3018, ""CD8-positive, alpha-beta memory T cell"": 43487, ""CD8-positive, alpha-beta memory T cell, CD45RO-positive"": 66, ""T follicular helper cell"": 22, ""alpha-beta T cell"": 884, ""alveolar macrophage"": 26, ""central memory CD4-positive, alpha-beta T cell"": 20, ""central memory CD8-positive, alpha-beta T cell"": 4, ""classical monocyte"": 42, ""conventional dendritic cell"": 18, ""effector memory CD4-positive, alpha-beta T cell"": 45, ""effector memory CD8-positive, alpha-beta T cell"": 1, ""effector memory CD8-positive, alpha-beta T cell, terminally differentiated"": 156, ""gamma-delta T cell"": 7415, ""group 1 innate lymphoid cell"": 3553, ""group 3 innate lymphoid cell"": 40, ""immature innate lymphoid cell"": 1, ""innate lymphoid cell"": 72, ""lymphocyte"": 76, ""macrophage"": 38, ""mast cell"": 111, ""megakaryocyte"": 3, ""memory B cell"": 62, ""mucosal invariant T cell"": 26, ""naive thymus-derived CD4-positive, alpha-beta T cell"": 120, ""naive thymus-derived CD8-positive, alpha-beta T cell"": 8, ""non-classical monocyte"": 14, ""plasma cell"": 18, ""progenitor cell"": 1, ""regulatory T cell"": 16, ""unknown"": 109}"
Homo sapiens,jejunal epithelium,10x 5' v2,"{""CD16-negative, CD56-bright natural killer cell, human"": 1597, ""CD16-positive, CD56-dim natural killer cell, human"": 181, ""CD4-positive helper T cell"": 3170, ""CD4-positive, CD25-positive, alpha-beta regulatory T cell"": 507, ""CD4-positive, alpha-beta memory T cell"": 24577, ""CD8-positive, alpha-beta memory T cell"": 122434, ""CD8-positive, alpha-beta memory T cell, CD45RO-positive"": 54, ""T follicular helper cell"": 22, ""alpha-beta T cell"": 1086, ""alveolar macrophage"": 18, ""central memory CD4-positive, alpha-beta T cell"": 1087, ""central memory CD8-positive, alpha-beta T cell"": 61, ""classical monocyte"": 10, ""conventional dendritic cell"": 197, ""dendritic cell, human"": 10, ""effector memory CD4-positive, alpha-beta T cell"": 464, ""effector memory CD4-positive, alpha-beta T cell, terminally differentiated"": 87, ""effector memory CD8-positive, alpha-beta T cell"": 53, ""effector memory CD8-positive, alpha-beta T cell, terminally differentiated"": 4047, ""gamma-delta T cell"": 17938, ""germinal center B cell"": 9, ""germinal center T cell"": 2, ""group 1 innate lymphoid cell"": 10904, ""group 3 innate lymphoid cell"": 197, ""immature innate lymphoid cell"": 109, ""innate lymphoid cell"": 683, ""lymphocyte"": 128, ""macrophage"": 718, ""mast cell"": 806, ""memory B cell"": 30, ""mucosal invariant T cell"": 419, ""naive B cell"": 118, ""naive thymus-derived CD4-positive, alpha-beta T cell"": 1211, ""naive thymus-derived CD8-positive, alpha-beta T cell"": 384, ""non-classical monocyte"": 5, ""plasma cell"": 336, ""plasmablast"": 31, ""plasmacytoid dendritic cell"": 2, ""progenitor cell"": 7, ""regulatory T cell"": 72, ""unknown"": 82}"
Homo sapiens,jejunum,10x 3' v2,"{""B cell"": 23, ""BEST4+ enterocyte"": 8, ""CD16-negative, CD56-bright natural killer cell, human"": 40, ""CD16-positive, CD56-dim natural killer cell, human"": 24, ""CD8-positive, alpha-beta memory T cell"": 4, ""IgA plasma cell"": 4, ""Langerhans cell"": 5, ""T-helper 17 cell"": 132, ""TREM2-positive macrophage"": 20, ""afferent neuron"": 96, ""capillary endothelial cell"": 136, ""conventional dendritic cell"": 175, ""cycling T cell"": 32, ""endothelial cell"": 242, ""endothelial cell of artery"": 36, ""endothelial cell of lymphatic vessel"": 4, ""enteric neuron"": 64, ""enterocyte"": 1912, ""enteroendocrine cell"": 20, ""enteroglial cell"": 212, ""epithelial cell"": 820, ""erythroblast"": 16, ""fibroblast"": 3140, ""gamma-delta T cell"": 8, ""gastrointestinal tract (lamina propria) macrophage"": 2404, ""germinal center B cell"": 16, ""glial cell"": 74, ""group 3 innate lymphoid cell"": 108, ""inhibitory motor neuron"": 60, ""interneuron"": 12, ""interstitial cell of Cajal"": 88, ""intestinal crypt stem cell"": 296, ""intestinal epithelial cell"": 931, ""intestine goblet cell"": 275, ""macrophage"": 560, ""mature NK T cell"": 98, ""mesenchymal cell"": 2515, ""mesodermal cell"": 3664, ""mesothelial cell"": 8, ""monocyte"": 25, ""motor neuron"": 128, ""myeloid leukocyte"": 218, ""naive B cell"": 4, ""neuroblast (sensu Vertebrata)"": 20, ""pericyte"": 385, ""peripheral nervous system neuron"": 111, ""precursor B cell"": 24, ""pro-B cell"": 16, ""progenitor cell"": 336, ""smooth muscle cell"": 160, ""vein endothelial cell"": 296}"
Homo sapiens,jejunum,10x 3' v3,"{""B cell"": 21, ""BEST4+ enterocyte"": 160, ""activated CD8-positive, alpha-beta T cell"": 99, ""endothelial cell of lymphatic vessel"": 12, ""endothelial cell of venule"": 12, ""enterocyte"": 1228, ""enterocyte of epithelium of small intestine"": 1480, ""enterocyte of epithelium proper of jejunum"": 1215, ""enteroendocrine cell"": 25, ""enteroendocrine cell of small intestine"": 50, ""epithelial cell of small intestine"": 141, ""fibroblast"": 6, ""gamma-delta T cell"": 64, ""goblet cell"": 270, ""intestinal crypt stem cell of small intestine"": 683, ""intestinal tuft cell"": 65, ""microfold cell of epithelium of small intestine"": 2, ""neutrophil"": 3, ""paneth cell"": 16, ""paneth cell of epithelium of small intestine"": 233, ""progenitor cell"": 30, ""small intestine goblet cell"": 236, ""stem cell"": 251, ""transit amplifying cell"": 624, ""transit amplifying cell of small intestine"": 160, ""tuft cell of colon"": 59}"
Homo sapiens,jejunum,10x 5' v2,"{""BEST4+ enterocyte"": 2718, ""CD16-negative, CD56-bright natural killer cell, human"": 8, ""CD16-positive, CD56-dim natural killer cell, human"": 8, ""CD4-positive, alpha-beta memory T cell"": 72, ""CD8-positive, alpha-beta memory T cell"": 233, ""GIP cell"": 3, ""IgA plasma cell"": 99, ""IgG plasma cell"": 4, ""IgM plasma cell"": 20, ""Langerhans cell"": 5, ""M cell of gut"": 26, ""T follicular helper cell"": 8, ""T-helper 1 cell"": 1, ""T-helper 17 cell"": 75, ""TREM2-positive macrophage"": 30, ""activated CD4-positive, alpha-beta T cell"": 2, ""activated CD8-positive, alpha-beta T cell"": 522, ""capillary endothelial cell"": 46, ""colonocyte"": 2270, ""conventional dendritic cell"": 176, ""effector memory CD8-positive, alpha-beta T cell"": 542, ""endothelial cell"": 4, ""endothelial cell of artery"": 470, ""endothelial cell of lymphatic vessel"": 600, ""enterocyte"": 30151, ""enterocyte of epithelium of large intestine"": 1, ""enteroendocrine cell"": 71, ""enteroglial cell"": 4, ""epithelial cell"": 239, ""erythrocyte"": 20, ""fibroblast"": 560, ""fibroblast of gingiva"": 16, ""foveolar cell of stomach"": 40, ""gamma-delta T cell"": 2768, ""gastrointestinal tract (lamina propria) macrophage"": 72, ""gastrointestinal tract (lamina propria) macrophage of large intestine"": 7, ""glial cell"": 126, ""goblet cell"": 26, ""group 3 innate lymphoid cell"": 33, ""innate lymphoid cell"": 5, ""intestinal crypt stem cell"": 470, ""intestinal tuft cell"": 23, ""intestine goblet cell"": 209, ""macrophage"": 425, ""mast cell"": 99, ""memory B cell"": 2, ""monocyte"": 47, ""mucosal invariant T cell"": 5, ""mucous neck cell of gastric gland"": 10, ""myofibroblast cell"": 6, ""naive thymus-derived CD4-positive, alpha-beta T cell"": 60, ""natural killer cell"": 3, ""paneth cell"": 83, ""pericyte"": 64, ""plasma cell"": 42, ""regulatory T cell"": 1, ""stem cell"": 48, ""stromal cell"": 266, ""transit amplifying cell"": 6173, ""tuft cell of colon"": 23, ""tuft cell of small intestine"": 185, ""type D enteroendocrine cell"": 3, ""type EC enteroendocrine cell"": 2, ""type I enteroendocrine cell"": 4, ""vascular associated smooth muscle cell"": 116, ""vein endothelial cell"": 720}"
Homo sapiens,jejunum,microwell-seq,"{""B cell"": 8, ""T cell"": 458, ""dendritic cell"": 102, ""endocrine cell"": 1, ""endothelial cell"": 16, ""enterocyte"": 3911, ""epithelial cell"": 10, ""fibroblast"": 3, ""macrophage"": 168, ""mast cell"": 41, ""monocyte"": 6, ""plasma cell"": 724, ""smooth muscle cell"": 40, ""stromal cell"": 61}"
Homo sapiens,jejunum lamina propria,10x 3' v3,"{""CD16-negative, CD56-bright natural killer cell, human"": 83, ""CD16-positive, CD56-dim natural killer cell, human"": 67, ""CD4-positive, CD25-positive, alpha-beta regulatory T cell"": 57, ""CD4-positive, alpha-beta memory T cell"": 10520, ""CD8-positive, alpha-beta memory T cell"": 9057, ""central memory CD4-positive, alpha-beta T cell"": 16, ""central memory CD8-positive, alpha-beta T cell"": 1, ""classical monocyte"": 63, ""conventional dendritic cell"": 33, ""effector memory CD4-positive, alpha-beta T cell"": 38, ""effector memory CD4-positive, alpha-beta T cell, terminally differentiated"": 3, ""effector memory CD8-positive, alpha-beta T cell"": 6, ""effector memory CD8-positive, alpha-beta T cell, terminally differentiated"": 38, ""gamma-delta T cell"": 160, ""group 1 innate lymphoid cell"": 945, ""group 3 innate lymphoid cell"": 66, ""immature innate lymphoid cell"": 19, ""innate lymphoid cell"": 72, ""macrophage"": 768, ""mast cell"": 2072, ""memory B cell"": 107, ""mucosal invariant T cell"": 14, ""naive B cell"": 1, ""non-classical monocyte"": 22, ""plasma cell"": 4781, ""plasmablast"": 1, ""progenitor cell"": 2}"
Homo sapiens,jejunum lamina propria,10x 5' v2,"{""B cell"": 132, ""CD16-negative, CD56-bright natural killer cell, human"": 1735, ""CD16-positive, CD56-dim natural killer cell, human"": 1181, ""CD4-positive, CD25-positive, alpha-beta regulatory T cell"": 664, ""CD4-positive, alpha-beta memory T cell"": 27679, ""CD8-positive, alpha-beta memory T cell"": 58865, ""central memory CD4-positive, alpha-beta T cell"": 428, ""central memory CD8-positive, alpha-beta T cell"": 67, ""classical monocyte"": 1004, ""conventional dendritic cell"": 398, ""effector memory CD4-positive, alpha-beta T cell"": 1359, ""effector memory CD4-positive, alpha-beta T cell, terminally differentiated"": 1358, ""effector memory CD8-positive, alpha-beta T cell"": 652, ""effector memory CD8-positive, alpha-beta T cell, terminally differentiated"": 2474, ""gamma-delta T cell"": 8326, ""germinal center B cell"": 4, ""germinal center T cell"": 10, ""group 1 innate lymphoid cell"": 3181, ""group 3 innate lymphoid cell"": 1149, ""immature innate lymphoid cell"": 172, ""innate lymphoid cell"": 229, ""macrophage"": 6013, ""mast cell"": 10397, ""memory B cell"": 2445, ""mucosal invariant T cell"": 220, ""naive B cell"": 852, ""naive thymus-derived CD4-positive, alpha-beta T cell"": 9, ""naive thymus-derived CD8-positive, alpha-beta T cell"": 94, ""non-classical monocyte"": 341, ""plasma cell"": 13292, ""plasmablast"": 119, ""plasmacytoid dendritic cell"": 2, ""progenitor cell"": 36}"
Homo sapiens,kidney,10x 3' v2,"{""B cell"": 1545, ""B-1 B cell"": 33, ""B-2 B cell"": 207, ""CD4-positive, alpha-beta T cell"": 2415, ""CD8-alpha-alpha-positive, alpha-beta intraepithelial T cell"": 32, ""CD8-positive, alpha-beta T cell"": 723, ""Kupffer cell"": 6, ""Langerhans cell"": 3, ""T cell"": 2965, ""abnormal cell"": 11410, ""capillary endothelial cell"": 1412, ""classical monocyte"": 823, ""columnar/cuboidal epithelial cell"": 129, ""common dendritic progenitor"": 21, ""common myeloid progenitor"": 11, ""conventional dendritic cell"": 2870, ""dendritic cell"": 3329, ""dendritic cell, human"": 224, ""double negative thymocyte"": 12, ""double-positive, alpha-beta thymocyte"": 4, ""early lymphoid progenitor"": 150, ""endothelial cell"": 7429, ""epithelial cell"": 3536, ""epithelial cell of glomerular capsule"": 547, ""epithelial cell of nephron"": 20573, ""epithelial cell of proximal tubule"": 32738, ""erythrocyte"": 33, ""erythroid lineage cell"": 103, ""eurydendroid cell"": 8, ""fibroblast"": 3231, ""fraction A pre-pro B cell"": 69, ""glial cell"": 30, ""glomerular capillary endothelial cell"": 784, ""glomerular endothelial cell"": 1683, ""glomerular mesangial cell"": 78, ""granulocyte"": 36, ""granulocyte monocyte progenitor cell"": 36, ""group 2 innate lymphoid cell"": 28, ""group 3 innate lymphoid cell"": 164, ""hematopoietic multipotent progenitor cell"": 24, ""hematopoietic stem cell"": 3, ""hepatocyte"": 2, ""immature B cell"": 129, ""innate lymphoid cell"": 204, ""interstitial cell of Cajal"": 2, ""keratinocyte"": 4, ""kidney arterial blood vessel cell"": 160, ""kidney cell"": 7249, ""kidney collecting duct cell"": 545, ""kidney collecting duct intercalated cell"": 143, ""kidney collecting duct principal cell"": 37, ""kidney connecting tubule epithelial cell"": 1057, ""kidney distal convoluted tubule epithelial cell"": 278, ""kidney epithelial cell"": 7884, ""kidney inner medulla collecting duct epithelial cell"": 2, ""kidney interstitial cell"": 9246, ""kidney interstitial fibroblast"": 10, ""kidney loop of Henle epithelial cell"": 242, ""kidney loop of Henle thick ascending limb epithelial cell"": 1640, ""kidney resident macrophage"": 52, ""large pre-B-II cell"": 207, ""late pro-B cell"": 33, ""leukocyte"": 105, ""lymphocyte"": 16961, ""macrophage"": 18950, ""malignant cell"": 6056, ""mast cell"": 532, ""mature B cell"": 12, ""mature NK T cell"": 878, ""megakaryocyte"": 648, ""megakaryocyte-erythroid progenitor cell"": 8, ""mesangial cell"": 19, ""mesenchymal cell"": 10234, ""mesenchymal stem cell"": 10309, ""mesonephric nephron tubule epithelial cell"": 3513, ""mesothelial cell"": 10, ""monocyte"": 5237, ""mononuclear phagocyte"": 797, ""mural cell"": 41, ""myelocyte"": 9, ""myeloid cell"": 7535, ""myofibroblast cell"": 6587, ""naive thymus-derived CD4-positive, alpha-beta T cell"": 984, ""naive thymus-derived CD8-positive, alpha-beta T cell"": 384, ""natural killer cell"": 7608, ""nephron tubule epithelial cell"": 495, ""neuron"": 88, ""neutrophil"": 795, ""non-classical monocyte"": 815, ""pericyte"": 630, ""peritubular capillary endothelial cell"": 1242, ""plasma cell"": 116, ""plasmacytoid dendritic cell"": 587, ""podocyte"": 4818, ""pre-conventional dendritic cell"": 9, ""pro-B cell"": 102, ""progenitor cell"": 480, ""promonocyte"": 324, ""promyelocyte"": 31, ""regulatory T cell"": 200, ""renal alpha-intercalated cell"": 595, ""renal beta-intercalated cell"": 241, ""renal intercalated cell"": 33, ""renal principal cell"": 237, ""skeletal muscle satellite cell"": 18, ""small pre-B-II cell"": 225, ""smooth muscle cell"": 20, ""stromal cell"": 4, ""unknown"": 1233, ""urothelial cell"": 3, ""vasa recta ascending limb cell"": 1049, ""vasa recta cell"": 294, ""vasa recta descending limb cell"": 732, ""vascular associated smooth muscle cell"": 14569}"
Homo sapiens,kidney,10x 3' v3,"{""B cell"": 12708, ""CD4-positive, alpha-beta T cell"": 801, ""CD8-alpha-negative thymic conventional dendritic cell"": 3187, ""CD8-alpha-positive thymic conventional dendritic cell"": 427, ""CD8-positive, alpha-beta T cell"": 1437, ""T cell"": 22034, ""adipocyte"": 6, ""adventitial fibroblast"": 114, ""classical monocyte"": 3837, ""conventional dendritic cell"": 5561, ""cycling T cell"": 1, ""cycling macrophage"": 470, ""cytotoxic T cell"": 3100, ""dendritic cell, human"": 309, ""effector memory CD8-positive, alpha-beta T cell"": 6714, ""effector memory CD8-positive, alpha-beta T cell, terminally differentiated"": 4296, ""endothelial cell"": 60176, ""endothelial cell of lymphatic vessel"": 13, ""endothelial cell of venule"": 56, ""epithelial cell of nephron"": 1216, ""epithelial cell of proximal tubule"": 191046, ""epithelial cell of proximal tubule segment 1"": 5273, ""epithelial cell of proximal tubule segment 2"": 1024, ""epithelial cell of proximal tubule segment 3"": 943, ""erythrocyte"": 7, ""glomerular capillary endothelial cell"": 1155, ""group 3 innate lymphoid cell"": 358, ""intermediate monocyte"": 6, ""juxtaglomerular complex cell"": 34, ""kidney arterial blood vessel cell"": 222, ""kidney collecting duct alpha-intercalated cell"": 595, ""kidney collecting duct beta-intercalated cell"": 246, ""kidney collecting duct intercalated cell"": 44651, ""kidney collecting duct principal cell"": 85805, ""kidney connecting tubule epithelial cell"": 33656, ""kidney connecting tubule principal cell"": 256, ""kidney cortex collecting duct principal cell"": 428, ""kidney cortex peritubular capillary cell"": 820, ""kidney distal convoluted tubule epithelial cell"": 34817, ""kidney efferent arteriole endothelial cell"": 57, ""kidney epithelial cell"": 27378, ""kidney inner medulla collecting duct epithelial cell"": 1, ""kidney interstitial alternatively activated macrophage"": 3961, ""kidney interstitial cell"": 9258, ""kidney interstitial fibroblast"": 2904, ""kidney interstitial myofibroblast"": 23, ""kidney loop of Henle cortical thick ascending limb epithelial cell"": 1443, ""kidney loop of Henle thick ascending limb epithelial cell"": 157486, ""kidney loop of Henle thin ascending limb epithelial cell"": 19404, ""kidney loop of Henle thin descending limb epithelial cell"": 20288, ""kidney outer medulla peritubular capillary cell"": 11, ""kidney resident macrophage"": 3017, ""leukocyte"": 144, ""lymphocyte"": 3809, ""macrophage"": 5675, ""macula densa epithelial cell"": 335, ""mast cell"": 451, ""mature NK T cell"": 4419, ""mesangial cell"": 78, ""mesenchymal stem cell"": 2811, ""migratory dendtritic cell"": 278, ""monocyte"": 5076, ""mononuclear phagocyte"": 6595, ""mucosal invariant T cell"": 954, ""mural cell"": 405, ""naive regulatory T cell"": 1819, ""naive thymus-derived CD4-positive, alpha-beta T cell"": 15522, ""natural killer cell"": 6983, ""neural cell"": 2651, ""neutrophil"": 683, ""non-classical monocyte"": 5944, ""papillary tips cell"": 213, ""parietal epithelial cell"": 5816, ""peritubular capillary endothelial cell"": 1457, ""plasma cell"": 6574, ""plasmacytoid dendritic cell, human"": 1287, ""podocyte"": 2239, ""regulatory T cell"": 238, ""renal interstitial pericyte"": 10963, ""renal medullary fibroblast"": 65, ""unknown"": 465, ""vasa recta ascending limb cell"": 87, ""vasa recta cell"": 99, ""vasa recta descending limb cell"": 122, ""vascular associated smooth muscle cell"": 811, ""vein endothelial cell"": 62}"
Homo sapiens,kidney,10x 5' transcription profiling,"{""B cell"": 1955, ""CD4-positive, CD25-positive, alpha-beta regulatory T cell"": 4240, ""CD4-positive, alpha-beta T cell"": 16404, ""CD8-positive, alpha-beta T cell"": 55150, ""IgA plasma cell"": 273, ""IgG plasma cell"": 460, ""MHC-II-positive classical monocyte"": 1095, ""activated type II NK T cell"": 10257, ""class switched memory B cell"": 107, ""classical monocyte"": 664, ""collagen secreting cell"": 1058, ""conventional dendritic cell"": 3167, ""effector memory CD4-positive, alpha-beta T cell"": 2058, ""effector memory CD8-positive, alpha-beta T cell"": 23370, ""endothelial cell"": 3278, ""endothelial cell of lymphatic vessel"": 15, ""epithelial cell"": 155, ""epithelial cell of proximal tubule"": 5133, ""epithelial cell of proximal tubule segment 1"": 772, ""epithelial cell of proximal tubule segment 3"": 989, ""fibroblast"": 2734, ""gamma-delta T cell"": 1659, ""innate lymphoid cell"": 613, ""kidney collecting duct principal cell"": 370, ""kidney connecting tubule principal cell"": 107, ""kidney distal convoluted tubule epithelial cell"": 310, ""kidney loop of Henle ascending limb epithelial cell"": 507, ""kidney loop of Henle thick ascending limb epithelial cell"": 160, ""kidney pelvis urothelial cell"": 48, ""macrophage"": 21684, ""mast cell"": 498, ""mucosal invariant T cell"": 2932, ""naive B cell"": 86, ""naive thymus-derived CD4-positive, alpha-beta T cell"": 285, ""naive thymus-derived CD8-positive, alpha-beta T cell"": 1258, ""natural killer cell"": 14226, ""non-classical monocyte"": 1104, ""pericyte"": 344, ""plasma cell"": 18, ""plasmacytoid dendritic cell"": 429, ""podocyte"": 71, ""renal alpha-intercalated cell"": 383, ""renal beta-intercalated cell"": 52, ""unknown"": 12326, ""unswitched memory B cell"": 152}"
Homo sapiens,kidney,10x 5' v1,"{""B-1 B cell"": 24, ""B-2 B cell"": 138, ""T cell"": 344, ""dendritic cell"": 1017, ""double-positive, alpha-beta thymocyte"": 4, ""early lymphoid progenitor"": 7, ""endothelial cell"": 32, ""epithelial cell"": 228, ""epithelial cell of nephron"": 1082, ""erythrocyte"": 6, ""fibroblast"": 29, ""fraction A pre-pro B cell"": 34, ""granulocyte"": 30, ""granulocyte monocyte progenitor cell"": 16, ""group 2 innate lymphoid cell"": 8, ""group 3 innate lymphoid cell"": 100, ""immature B cell"": 57, ""keratinocyte"": 2, ""large pre-B-II cell"": 84, ""late pro-B cell"": 21, ""macrophage"": 1905, ""mast cell"": 33, ""mature B cell"": 3, ""megakaryocyte"": 48, ""megakaryocyte-erythroid progenitor cell"": 6, ""monocyte"": 957, ""myofibroblast cell"": 20, ""naive thymus-derived CD4-positive, alpha-beta T cell"": 512, ""naive thymus-derived CD8-positive, alpha-beta T cell"": 264, ""natural killer cell"": 1336, ""plasmacytoid dendritic cell"": 75, ""pro-B cell"": 45, ""promonocyte"": 142, ""promyelocyte"": 6, ""regulatory T cell"": 176, ""skeletal muscle satellite cell"": 4, ""small pre-B-II cell"": 108, ""stromal cell"": 2, ""unknown"": 241, ""vascular associated smooth muscle cell"": 2478}"
Homo sapiens,kidney,10x 5' v2,"{""B cell"": 1274, ""CD14-positive monocyte"": 1185, ""CD14-positive, CD16-positive monocyte"": 6886, ""CD4-positive, alpha-beta T cell"": 21294, ""abnormal cell"": 26759, ""activated CD4-positive, alpha-beta T cell, human"": 7895, ""conventional dendritic cell"": 6065, ""dendritic cell, human"": 71, ""effector CD4-positive, alpha-beta T cell"": 2237, ""endothelial cell"": 6475, ""mast cell"": 239, ""mature NK T cell"": 6398, ""megakaryocyte"": 71, ""myofibroblast cell"": 9483, ""naive T cell"": 542, ""naive thymus-derived CD8-positive, alpha-beta T cell"": 21097, ""regulatory T cell"": 4161, ""unknown"": 9770}"
Homo sapiens,kidney,10x multiome,"{""B cell"": 4425, ""CD8-alpha-negative thymic conventional dendritic cell"": 70, ""CD8-alpha-positive thymic conventional dendritic cell"": 10, ""T cell"": 11052, ""adipocyte"": 24, ""adventitial fibroblast"": 862, ""classical monocyte"": 148, ""cycling T cell"": 14, ""cycling macrophage"": 16, ""effector memory CD8-positive, alpha-beta T cell"": 176, ""effector memory CD8-positive, alpha-beta T cell, terminally differentiated"": 15, ""endothelial cell"": 1684, ""endothelial cell of venule"": 24, ""epithelial cell of proximal tubule"": 1516, ""epithelial cell of proximal tubule segment 1"": 1075, ""epithelial cell of proximal tubule segment 2"": 352, ""epithelial cell of proximal tubule segment 3"": 256, ""erythrocyte"": 20, ""glomerular capillary endothelial cell"": 190, ""group 3 innate lymphoid cell"": 5, ""interstitial cell"": 905, ""juxtaglomerular complex cell"": 36, ""kidney collecting duct alpha-intercalated cell"": 506, ""kidney collecting duct beta-intercalated cell"": 109, ""kidney collecting duct intercalated cell"": 1, ""kidney collecting duct principal cell"": 381, ""kidney connecting tubule epithelial cell"": 2160, ""kidney connecting tubule principal cell"": 304, ""kidney cortex collecting duct principal cell"": 362, ""kidney cortex peritubular capillary cell"": 417, ""kidney distal convoluted tubule epithelial cell"": 3550, ""kidney efferent arteriole endothelial cell"": 26, ""kidney interstitial fibroblast"": 905, ""kidney interstitial myofibroblast"": 59, ""kidney loop of Henle ascending limb epithelial cell"": 10023, ""kidney loop of Henle cortical thick ascending limb epithelial cell"": 1430, ""kidney loop of Henle thick ascending limb epithelial cell"": 1617, ""kidney loop of Henle thin ascending limb epithelial cell"": 627, ""kidney loop of Henle thin descending limb epithelial cell"": 548, ""kidney outer medulla peritubular capillary cell"": 11, ""kidney proximal convoluted tubule epithelial cell"": 6609, ""kidney resident macrophage"": 691, ""macrophage"": 257, ""macula densa epithelial cell"": 200, ""mast cell"": 29, ""mesangial cell"": 30, ""migratory dendtritic cell"": 4, ""mucosal invariant T cell"": 39, ""myeloid cell"": 3041, ""naive regulatory T cell"": 27, ""naive thymus-derived CD4-positive, alpha-beta T cell"": 209, ""natural killer cell"": 56, ""neural cell"": 11, ""neutrophil"": 3, ""non-classical monocyte"": 49, ""papillary tips cell"": 382, ""parietal epithelial cell"": 420, ""peritubular capillary endothelial cell"": 13, ""plasma cell"": 122, ""plasmacytoid dendritic cell, human"": 7, ""podocyte"": 333, ""renal intercalated cell"": 1794, ""renal interstitial pericyte"": 171, ""renal medullary fibroblast"": 348, ""renal principal cell"": 1489, ""vasa recta ascending limb cell"": 74, ""vasa recta cell"": 2, ""vasa recta descending limb cell"": 55, ""vascular associated smooth muscle cell"": 135, ""vein endothelial cell"": 48}"
Homo sapiens,kidney,Smart-seq2,"{""B cell"": 102, ""CD4-positive, alpha-beta T cell"": 48, ""CD8-positive, alpha-beta T cell"": 81, ""kidney epithelial cell"": 327, ""macrophage"": 6, ""natural killer cell"": 36}"
Homo sapiens,kidney,microwell-seq,"{""B cell"": 73, ""T cell"": 310, ""acinar cell"": 1, ""alternatively activated macrophage"": 4, ""cell of skeletal muscle"": 23, ""chondrocyte"": 1, ""cord blood hematopoietic stem cell"": 17, ""dendritic cell"": 983, ""embryonic stem cell"": 11, ""endocrine cell"": 4, ""endothelial cell"": 5094, ""enterocyte"": 17, ""epithelial cell"": 20013, ""epithelial cell of proximal tubule"": 1977, ""erythroid lineage cell"": 46, ""erythroid progenitor cell"": 31, ""fibroblast"": 63, ""goblet cell"": 5, ""kidney loop of Henle epithelial cell"": 8476, ""macrophage"": 970, ""mast cell"": 68, ""mesenchymal stem cell"": 1670, ""monocyte"": 180, ""myeloid cell"": 2, ""neuron"": 104, ""neutrophil"": 66, ""plasma cell"": 153, ""primordial germ cell"": 114, ""professional antigen presenting cell"": 23, ""renal intercalated cell"": 4451, ""smooth muscle cell"": 294, ""stratified epithelial cell"": 4, ""stromal cell"": 382}"
Homo sapiens,kidney,sci-RNA-seq3,"{""endothelial cell of vascular tree"": 7317, ""erythroblast"": 300, ""innate lymphoid cell"": 730, ""megakaryocyte"": 79, ""mesangial cell"": 55131, ""myeloid cell"": 4253, ""stromal cell"": 1296, ""taste receptor cell"": 11520, ""unknown"": 113315}"
Homo sapiens,kidney blood vessel,10x 3' v2,"{""CD4-positive, alpha-beta T cell"": 3, ""epithelial cell of proximal tubule"": 2, ""kidney epithelial cell"": 138}"
Homo sapiens,labial gland,10x 3' v2,"{""B cell"": 190, ""CD4-positive, alpha-beta T cell"": 535, ""CD8-positive, alpha-beta cytotoxic T cell"": 267, ""CD8-positive, alpha-beta regulatory T cell"": 4, ""IgA plasma cell"": 3132, ""IgG plasma cell"": 594, ""acinar cell of salivary gland"": 20545, ""alternatively activated macrophage"": 59, ""dendritic cell"": 79, ""duct epithelial cell"": 1236, ""effector CD8-positive, alpha-beta T cell"": 299, ""endothelial cell"": 690, ""fibroblast"": 1750, ""inflammatory macrophage"": 334, ""ionocyte"": 117, ""mature NK T cell"": 32, ""myoepithelial cell"": 1915, ""pro-T cell"": 5, ""smooth muscle cell"": 48}"
Homo sapiens,labial gland,10x 3' v3,"{""B cell"": 927, ""CD16-negative, CD56-bright natural killer cell, human"": 8, ""CD16-positive, CD56-dim natural killer cell, human"": 48, ""CD4-positive, alpha-beta T cell"": 2735, ""CD4-positive, alpha-beta memory T cell"": 564, ""CD8-positive, alpha-beta cytotoxic T cell"": 1765, ""CD8-positive, alpha-beta memory T cell"": 1332, ""CD8-positive, alpha-beta regulatory T cell"": 70, ""IgA plasma cell"": 9916, ""IgG plasma cell"": 1933, ""IgM plasma cell"": 356, ""T follicular helper cell"": 68, ""T-helper 17 cell"": 204, ""TREM2-positive macrophage"": 235, ""acinar cell of salivary gland"": 51204, ""alternatively activated macrophage"": 445, ""basal cell"": 648, ""capillary endothelial cell"": 876, ""conventional dendritic cell"": 485, ""cycling T cell"": 36, ""dendritic cell"": 325, ""dendritic cell, human"": 10, ""duct epithelial cell"": 1828, ""effector CD8-positive, alpha-beta T cell"": 2123, ""effector memory CD8-positive, alpha-beta T cell"": 844, ""endothelial cell"": 5072, ""endothelial cell of artery"": 672, ""endothelial cell of lymphatic vessel"": 324, ""enteroglial cell"": 24, ""epithelial cell"": 84, ""fibroblast"": 17463, ""fibroblast of gingiva"": 156, ""follicular dendritic cell"": 4, ""gamma-delta T cell"": 356, ""gastrointestinal tract (lamina propria) macrophage"": 3368, ""group 3 innate lymphoid cell"": 124, ""inflammatory macrophage"": 453, ""ionocyte"": 556, ""macrophage"": 1475, ""mast cell"": 40, ""mature NK T cell"": 370, ""melanocyte"": 72, ""memory B cell"": 196, ""monocyte"": 130, ""mucosal invariant T cell"": 16, ""myoepithelial cell"": 2719, ""myofibroblast cell"": 8, ""naive B cell"": 64, ""naive thymus-derived CD4-positive, alpha-beta T cell"": 212, ""naive thymus-derived CD8-positive, alpha-beta T cell"": 48, ""pericyte"": 572, ""plasmablast"": 16, ""precursor B cell"": 8, ""pro-T cell"": 106, ""regulatory T cell"": 164, ""salivary gland glandular cell"": 5224, ""smooth muscle cell"": 426, ""vascular associated smooth muscle cell"": 1316, ""vein endothelial cell"": 3516}"
Homo sapiens,lacrimal gland,10x 3' v3,"{""B cell"": 8238, ""CD4-positive, alpha-beta T cell"": 2175, ""CD8-positive, alpha-beta T cell"": 1014, ""Schwann cell"": 39, ""T cell"": 39, ""acinar cell"": 3336, ""basophil"": 3, ""classical monocyte"": 18, ""conjunctival epithelial cell"": 1209, ""erythrocyte"": 123, ""fibroblast"": 963, ""intermediate monocyte"": 33, ""keratocyte"": 321, ""macrophage"": 45, ""mature NK T cell"": 33, ""microglial cell"": 213, ""monocyte"": 57, ""muscle cell"": 6, ""myeloid leukocyte"": 534, ""natural killer cell"": 54, ""neutrophil"": 12, ""plasma cell"": 522, ""retinal blood vessel endothelial cell"": 258, ""smooth muscle cell"": 150}"
Homo sapiens,lacrimal gland,Smart-seq2,"{""B cell"": 36, ""CD4-positive, alpha-beta T cell"": 141, ""CD8-positive, alpha-beta T cell"": 63, ""Mueller cell"": 3, ""T cell"": 6, ""acinar cell"": 141, ""adipocyte"": 99, ""conjunctival epithelial cell"": 3, ""endothelial cell"": 15, ""erythroid lineage cell"": 6, ""fibroblast"": 12, ""keratocyte"": 9, ""macrophage"": 9, ""microglial cell"": 75, ""monocyte"": 3, ""myeloid dendritic cell"": 54, ""plasma cell"": 3, ""retinal bipolar neuron"": 12}"
Homo sapiens,lamina propria,10x 3' v3,"{""CD16-negative, CD56-bright natural killer cell, human"": 70, ""CD16-positive, CD56-dim natural killer cell, human"": 74, ""CD4-positive helper T cell"": 12572, ""CD8-positive, alpha-beta memory T cell"": 7382, ""CD8-positive, alpha-beta memory T cell, CD45RO-positive"": 494, ""T follicular helper cell"": 18, ""alpha-beta T cell"": 318, ""alveolar macrophage"": 6, ""classical monocyte"": 76, ""conventional dendritic cell"": 104, ""effector memory CD4-positive, alpha-beta T cell"": 44, ""effector memory CD8-positive, alpha-beta T cell, terminally differentiated"": 44, ""gamma-delta T cell"": 1774, ""group 3 innate lymphoid cell"": 88, ""lymphocyte"": 138, ""macrophage"": 948, ""mast cell"": 2120, ""memory B cell"": 96, ""mucosal invariant T cell"": 8, ""naive B cell"": 2, ""naive thymus-derived CD4-positive, alpha-beta T cell"": 12, ""non-classical monocyte"": 24, ""plasma cell"": 5166, ""plasmablast"": 2, ""progenitor cell"": 1, ""regulatory T cell"": 46, ""unknown"": 121}"
Homo sapiens,lamina propria,10x 5' v2,"{""CD16-negative, CD56-bright natural killer cell, human"": 74, ""CD16-positive, CD56-dim natural killer cell, human"": 68, ""CD4-positive helper T cell"": 2826, ""CD8-positive, alpha-beta memory T cell"": 6762, ""CD8-positive, alpha-beta memory T cell, CD45RO-positive"": 96, ""T follicular helper cell"": 26, ""alpha-beta T cell"": 840, ""alveolar macrophage"": 20, ""classical monocyte"": 42, ""conventional dendritic cell"": 48, ""dendritic cell, human"": 16, ""effector memory CD4-positive, alpha-beta T cell"": 38, ""effector memory CD8-positive, alpha-beta T cell, terminally differentiated"": 216, ""gamma-delta T cell"": 862, ""group 3 innate lymphoid cell"": 84, ""lymphocyte"": 84, ""macrophage"": 194, ""mast cell"": 3, ""memory B cell"": 44, ""mucosal invariant T cell"": 82, ""naive B cell"": 30, ""naive thymus-derived CD4-positive, alpha-beta T cell"": 128, ""naive thymus-derived CD8-positive, alpha-beta T cell"": 6, ""plasma cell"": 718, ""plasmacytoid dendritic cell"": 4, ""progenitor cell"": 1, ""regulatory T cell"": 90, ""unknown"": 80}"
Homo sapiens,lamina propria of mucosa of colon,10x 3' v1,"{""B cell"": 877, ""BEST4+ enterocyte"": 30, ""CD4-positive, alpha-beta T cell"": 3921, ""CD8-positive, alpha-beta T cell"": 1516, ""T cell"": 2, ""colonocyte"": 783, ""conventional dendritic cell"": 164, ""dendritic cell"": 16, ""endothelial cell"": 865, ""enterocyte"": 692, ""enteroendocrine cell"": 16, ""epithelial cell"": 124, ""fibroblast"": 3773, ""glial cell"": 469, ""goblet cell"": 266, ""innate lymphoid cell"": 124, ""intestinal crypt stem cell"": 101, ""intestine goblet cell"": 335, ""leukocyte"": 258, ""lymphocyte"": 16, ""macrophage"": 1827, ""mast cell"": 1009, ""monocyte"": 53, ""myofibroblast cell"": 196, ""naive T cell"": 1465, ""natural killer cell"": 262, ""pericyte"": 65, ""plasma cell"": 12094, ""plasmacytoid dendritic cell"": 586, ""regulatory T cell"": 572, ""stem cell"": 435, ""stromal cell"": 1, ""transit amplifying cell"": 241, ""tuft cell"": 4, ""tuft cell of small intestine"": 3, ""unknown"": 581}"
Homo sapiens,lamina propria of mucosa of colon,10x 3' v2,"{""B cell"": 123, ""BEST4+ enterocyte"": 2, ""CD16-negative, CD56-bright natural killer cell, human"": 28, ""CD16-positive, CD56-dim natural killer cell, human"": 68, ""CD4-positive, alpha-beta T cell"": 967, ""CD4-positive, alpha-beta memory T cell"": 6540, ""CD8-positive, alpha-beta T cell"": 355, ""CD8-positive, alpha-beta memory T cell"": 2720, ""T cell"": 3, ""T follicular helper cell"": 8856, ""T-helper 17 cell"": 856, ""colonocyte"": 74, ""conventional dendritic cell"": 65, ""cycling T cell"": 236, ""dendritic cell"": 20, ""effector memory CD8-positive, alpha-beta T cell"": 7136, ""endothelial cell"": 170, ""enterocyte"": 66, ""enteroendocrine cell"": 2, ""epithelial cell"": 15, ""fibroblast"": 918, ""gamma-delta T cell"": 240, ""glial cell"": 39, ""goblet cell"": 35, ""group 3 innate lymphoid cell"": 4, ""innate lymphoid cell"": 55, ""intestinal crypt stem cell"": 14, ""intestine goblet cell"": 50, ""leukocyte"": 102, ""lymphocyte"": 4, ""macrophage"": 945, ""mast cell"": 323, ""monocyte"": 67, ""mucosal invariant T cell"": 224, ""myofibroblast cell"": 43, ""naive B cell"": 8, ""naive T cell"": 360, ""naive thymus-derived CD4-positive, alpha-beta T cell"": 6716, ""naive thymus-derived CD8-positive, alpha-beta T cell"": 400, ""natural killer cell"": 93, ""pericyte"": 18, ""plasma cell"": 2179, ""plasmacytoid dendritic cell"": 296, ""regulatory T cell"": 5065, ""stem cell"": 49, ""stromal cell"": 3, ""transit amplifying cell"": 31, ""unknown"": 175}"
Homo sapiens,lamina propria of mucosa of colon,10x 3' v3,"{""B cell"": 2290, ""BEST4+ enterocyte"": 112, ""CD4-positive, alpha-beta T cell"": 4095, ""CD8-positive, alpha-beta T cell"": 1442, ""T cell"": 105, ""colonocyte"": 2836, ""conventional dendritic cell"": 140, ""dendritic cell"": 59, ""endothelial cell"": 1022, ""enterocyte"": 4455, ""enteroendocrine cell"": 87, ""epithelial cell"": 831, ""fibroblast"": 5155, ""glial cell"": 377, ""goblet cell"": 1503, ""innate lymphoid cell"": 123, ""intestinal crypt stem cell"": 165, ""intestine goblet cell"": 1990, ""leukocyte"": 422, ""lymphocyte"": 52, ""macrophage"": 3928, ""mast cell"": 2349, ""monocyte"": 449, ""myofibroblast cell"": 845, ""naive T cell"": 1486, ""natural killer cell"": 307, ""paneth cell"": 230, ""pericyte"": 211, ""plasma cell"": 15098, ""plasmacytoid dendritic cell"": 767, ""regulatory T cell"": 1066, ""stem cell"": 1297, ""stromal cell"": 15, ""transit amplifying cell"": 1496, ""tuft cell"": 76, ""tuft cell of small intestine"": 60, ""unknown"": 411}"
Homo sapiens,lamina propria of mucosa of colon,10x 5' v2,"{""B cell"": 2, ""CD16-negative, CD56-bright natural killer cell, human"": 18, ""CD16-positive, CD56-dim natural killer cell, human"": 6, ""CD4-positive, CD25-positive, alpha-beta regulatory T cell"": 161, ""CD4-positive, alpha-beta memory T cell"": 802, ""CD8-positive, alpha-beta memory T cell"": 203, ""central memory CD4-positive, alpha-beta T cell"": 120, ""central memory CD8-positive, alpha-beta T cell"": 3, ""classical monocyte"": 6, ""conventional dendritic cell"": 13, ""effector memory CD4-positive, alpha-beta T cell"": 76, ""effector memory CD4-positive, alpha-beta T cell, terminally differentiated"": 1, ""effector memory CD8-positive, alpha-beta T cell"": 15, ""effector memory CD8-positive, alpha-beta T cell, terminally differentiated"": 36, ""gamma-delta T cell"": 24, ""group 3 innate lymphoid cell"": 24, ""macrophage"": 13, ""mast cell"": 388, ""memory B cell"": 82, ""mucosal invariant T cell"": 4, ""naive B cell"": 8, ""naive thymus-derived CD4-positive, alpha-beta T cell"": 13, ""naive thymus-derived CD8-positive, alpha-beta T cell"": 12, ""plasma cell"": 1320, ""plasmablast"": 90, ""progenitor cell"": 2}"
Homo sapiens,lamina propria of small intestine,10x 3' v2,"{""B cell"": 19508, ""CD16-negative, CD56-bright natural killer cell, human"": 41, ""CD16-positive, CD56-dim natural killer cell, human"": 61, ""CD4-positive, alpha-beta memory T cell"": 8487, ""CD8-positive, alpha-beta memory T cell"": 4791, ""IgA plasma cell"": 8015, ""IgG plasma cell"": 1124, ""IgM plasma cell"": 1360, ""T cell"": 8777, ""T follicular helper cell"": 1452, ""T-helper 17 cell"": 1060, ""capillary endothelial cell"": 513, ""cycling T cell"": 19, ""dendritic cell"": 1407, ""effector memory CD8-positive, alpha-beta T cell"": 4422, ""endothelial cell"": 92, ""endothelial cell of artery"": 439, ""endothelial cell of lymphatic vessel"": 221, ""enteroendocrine cell"": 77, ""epithelial cell"": 9585, ""epithelial fate stem cell"": 411, ""fibroblast"": 3685, ""gamma-delta T cell"": 1519, ""germinal center B cell"": 7107, ""glial cell"": 882, ""goblet cell"": 378, ""group 3 innate lymphoid cell"": 8, ""intestinal tuft cell"": 48, ""macrophage"": 3129, ""mast cell"": 841, ""monocyte"": 716, ""mucosal invariant T cell"": 512, ""myofibroblast cell"": 94, ""naive thymus-derived CD4-positive, alpha-beta T cell"": 3078, ""naive thymus-derived CD8-positive, alpha-beta T cell"": 1362, ""paneth cell"": 174, ""plasmacytoid dendritic cell"": 128, ""regulatory T cell"": 3092, ""transit amplifying cell"": 20629, ""vein endothelial cell"": 517}"
Homo sapiens,lamina propria of small intestine,10x 3' v3,"{""B cell"": 452, ""BEST4+ enterocyte"": 4, ""CD4-positive, alpha-beta T cell"": 473, ""CD8-positive, alpha-beta T cell"": 463, ""T cell"": 108, ""conventional dendritic cell"": 71, ""dendritic cell"": 33, ""endothelial cell"": 85, ""enterocyte"": 427, ""enteroendocrine cell"": 8, ""epithelial cell"": 86, ""fibroblast"": 317, ""glial cell"": 7, ""goblet cell"": 153, ""innate lymphoid cell"": 34, ""intestinal crypt stem cell"": 12, ""intestine goblet cell"": 290, ""intraepithelial lymphocyte"": 69, ""lymphocyte"": 44, ""macrophage"": 373, ""mast cell"": 466, ""monocyte"": 144, ""myofibroblast cell"": 16, ""naive T cell"": 80, ""natural killer cell"": 93, ""neutrophil"": 1, ""paneth cell"": 45, ""pericyte"": 13, ""plasma cell"": 2371, ""plasmacytoid dendritic cell"": 295, ""regulatory T cell"": 248, ""stem cell"": 241, ""transit amplifying cell"": 620, ""tuft cell"": 2, ""tuft cell of small intestine"": 4, ""type EC enteroendocrine cell"": 1, ""type L enteroendocrine cell"": 1, ""unknown"": 207}"
Homo sapiens,large intestine,10x 3' v2,"{""BEST4+ enterocyte"": 1, ""IgA plasma cell"": 17, ""IgG plasma cell"": 2, ""colon epithelial cell"": 9, ""endothelial cell of artery"": 96, ""endothelial cell of lymphatic vessel"": 2, ""enterocyte of epithelium of large intestine"": 3, ""epithelial cell"": 1, ""goblet cell"": 7, ""intestine goblet cell"": 36, ""pericyte"": 8, ""plasma cell"": 14, ""stem cell"": 36, ""stromal cell"": 10, ""transit amplifying cell"": 8982, ""vein endothelial cell"": 154}"
Homo sapiens,large intestine,10x 3' v3,"{""B cell"": 1862, ""CD4-positive, alpha-beta T cell"": 7389, ""CD8-positive, alpha-beta T cell"": 6129, ""T cell"": 2628, ""colon endothelial cell"": 165, ""colon macrophage"": 12, ""dendritic cell"": 30, ""endothelial cell"": 422, ""enteroglial cell"": 2046, ""fallopian tube secretory epithelial cell"": 5571, ""fibroblast"": 6948, ""gamma-delta T cell"": 1719, ""innate lymphoid cell"": 3, ""large intestine goblet cell"": 1785, ""mast cell"": 233, ""mature NK T cell"": 39, ""monocyte"": 1057, ""myeloid dendritic cell"": 9, ""myeloid leukocyte"": 39, ""myofibroblast cell"": 120, ""naive thymus-derived CD4-positive, alpha-beta T cell"": 27, ""natural killer cell"": 15, ""plasma cell"": 1269, ""regulatory T cell"": 567, ""transit amplifying cell of colon"": 3, ""tuft cell of colon"": 177}"
Homo sapiens,large intestine,Smart-seq2,"{""B cell"": 18, ""CD4-positive, alpha-beta T cell"": 207, ""CD8-positive, alpha-beta T cell"": 342, ""colon endothelial cell"": 276, ""colon macrophage"": 54, ""enterochromaffin-like cell"": 3, ""enterocyte of epithelium of large intestine"": 2694, ""enteroglial cell"": 132, ""fibroblast"": 210, ""gamma-delta T cell"": 33, ""intestinal crypt stem cell of colon"": 84, ""large intestine goblet cell"": 3, ""mast cell"": 3, ""monocyte"": 15, ""myeloid dendritic cell"": 3, ""myofibroblast cell"": 93, ""neutrophil"": 27, ""paneth cell of colon"": 519, ""plasma cell"": 330, ""tuft cell of colon"": 93, ""type L enteroendocrine cell"": 3}"
Homo sapiens,lateral ganglionic eminence,10x 3' v2,"{""astrocyte"": 8, ""microglial cell"": 12, ""neural cell"": 6338, ""oligodendrocyte precursor cell"": 25, ""unknown"": 65}"
Homo sapiens,left atrium auricular region,10x 3' v3,"{""endothelial cell"": 3918, ""fibroblast"": 2539, ""lymphocyte"": 21414, ""mononuclear phagocyte"": 10555, ""mural cell"": 2434, ""neutrophil"": 419}"
Homo sapiens,left cardiac atrium,10x 3' v2,"{""B cell"": 216, ""CD14-positive monocyte"": 188, ""CD14-positive, CD16-positive monocyte"": 854, ""CD4-positive, alpha-beta cytotoxic T cell"": 538, ""CD8-positive, alpha-beta cytotoxic T cell"": 534, ""activated CD4-positive, alpha-beta T cell"": 206, ""activated CD8-positive, alpha-beta T cell"": 678, ""adipocyte"": 4432, ""capillary endothelial cell"": 21470, ""cardiac mesenchymal cell"": 1, ""cardiac muscle cell"": 13086, ""dendritic cell"": 242, ""endocardial cell"": 185, ""endothelial cell"": 16131, ""endothelial cell of artery"": 4834, ""endothelial cell of lymphatic vessel"": 508, ""epicardial adipocyte"": 932, ""fetal cardiomyocyte"": 22, ""fibroblast"": 60019, ""innate lymphoid cell"": 368, ""lymphocyte"": 3257, ""macrophage"": 4908, ""mast cell"": 513, ""mature NK T cell"": 472, ""mesothelial cell"": 1798, ""mesothelial cell of epicardium"": 375, ""monocyte"": 668, ""mural cell"": 7996, ""myeloid cell"": 12743, ""natural killer cell"": 1318, ""neural cell"": 1766, ""neuron"": 1305, ""pericyte"": 29527, ""regular atrial cardiac myocyte"": 48699, ""regular ventricular cardiac myocyte"": 240, ""smooth muscle cell"": 5945, ""unknown"": 2464, ""vascular associated smooth muscle cell"": 2575, ""vein endothelial cell"": 3795}"
Homo sapiens,left cardiac atrium,10x 3' v3,"{""B cell"": 210, ""CD14-positive monocyte"": 173, ""CD14-positive, CD16-positive monocyte"": 764, ""CD4-positive, alpha-beta cytotoxic T cell"": 430, ""CD8-positive, alpha-beta cytotoxic T cell"": 1208, ""activated CD4-positive, alpha-beta T cell"": 188, ""activated CD8-positive, alpha-beta T cell"": 808, ""adipocyte"": 2293, ""capillary endothelial cell"": 4153, ""cardiac muscle cell"": 165, ""dendritic cell"": 100, ""endocardial cell"": 29, ""endothelial cell"": 9113, ""endothelial cell of artery"": 1904, ""endothelial cell of lymphatic vessel"": 143, ""epicardial adipocyte"": 2166, ""fetal cardiomyocyte"": 4, ""fibroblast"": 13437, ""innate lymphoid cell"": 75, ""lymphocyte"": 3370, ""macrophage"": 1852, ""mast cell"": 545, ""mature NK T cell"": 138, ""mesothelial cell"": 81, ""mesothelial cell of epicardium"": 50, ""monocyte"": 397, ""mural cell"": 7003, ""myeloid cell"": 3678, ""natural killer cell"": 621, ""neural cell"": 1431, ""neuron"": 503, ""pericyte"": 15914, ""regular atrial cardiac myocyte"": 25144, ""regular ventricular cardiac myocyte"": 92, ""smooth muscle cell"": 4734, ""unknown"": 1909, ""vascular associated smooth muscle cell"": 760, ""vein endothelial cell"": 2074}"
Homo sapiens,left cardiac atrium,10x multiome,"{""adipocyte"": 7, ""endothelial cell"": 297, ""fibroblast"": 155, ""lymphocyte"": 16, ""mast cell"": 1, ""mesothelial cell"": 2, ""mural cell"": 317, ""myeloid cell"": 96, ""neural cell"": 55, ""regular atrial cardiac myocyte"": 3173, ""regular ventricular cardiac myocyte"": 1}"
Homo sapiens,left coronary artery,Smart-seq2,"{""B cell"": 3, ""CD4-positive, alpha-beta T cell"": 39, ""CD8-positive, alpha-beta T cell"": 30, ""capillary endothelial cell"": 3, ""endothelial cell"": 117, ""endothelial cell of artery"": 9, ""endothelial cell of lymphatic vessel"": 6, ""erythrocyte"": 3, ""fibroblast"": 258, ""macrophage"": 81, ""mast cell"": 6, ""natural killer cell"": 6, ""pericyte"": 48, ""smooth muscle cell"": 93, ""vein endothelial cell"": 9}"
Homo sapiens,left frontal lobe,10x 3' v2,"{""B cell"": 12, ""astrocyte"": 4, ""dendritic cell"": 674, ""endothelial cell"": 104, ""macrophage"": 5022, ""malignant cell"": 37104, ""mast cell"": 12, ""mature T cell"": 1606, ""microglial cell"": 9369, ""monocyte"": 3265, ""mural cell"": 160, ""natural killer cell"": 32, ""neuron"": 2, ""neutrophil"": 44, ""oligodendrocyte"": 1804, ""oligodendrocyte precursor cell"": 14, ""plasma cell"": 14}"
Homo sapiens,left frontal lobe,10x 3' v3,"{""B cell"": 9, ""astrocyte"": 195, ""dendritic cell"": 67, ""endothelial cell"": 226, ""macrophage"": 4580, ""malignant cell"": 23408, ""mast cell"": 2, ""mature T cell"": 1038, ""microglial cell"": 11438, ""monocyte"": 1167, ""mural cell"": 240, ""natural killer cell"": 8, ""neuron"": 1367, ""oligodendrocyte"": 4640, ""oligodendrocyte precursor cell"": 900, ""plasma cell"": 4, ""radial glial cell"": 58}"
Homo sapiens,left frontal lobe,Drop-seq,"{""dendritic cell"": 8, ""endothelial cell"": 21, ""macrophage"": 455, ""malignant cell"": 16721, ""mast cell"": 3, ""mature T cell"": 26, ""microglial cell"": 190, ""monocyte"": 11, ""mural cell"": 212, ""neutrophil"": 1, ""oligodendrocyte"": 36, ""plasma cell"": 1, ""radial glial cell"": 614}"
Homo sapiens,left frontal lobe,Smart-seq2,"{""macrophage"": 160, ""malignant cell"": 3556, ""mature T cell"": 16, ""microglial cell"": 18, ""monocyte"": 20, ""mural cell"": 2, ""oligodendrocyte"": 62, ""oligodendrocyte precursor cell"": 2}"
Homo sapiens,left frontal lobe,microwell-seq,"{""B cell"": 1, ""dendritic cell"": 56, ""endothelial cell"": 62, ""macrophage"": 5122, ""malignant cell"": 5991, ""mature T cell"": 45, ""microglial cell"": 426, ""monocyte"": 87, ""mural cell"": 68, ""natural killer cell"": 2, ""neutrophil"": 1, ""oligodendrocyte"": 256, ""radial glial cell"": 54}"
Homo sapiens,left lobe of liver,10x 3' v3,"{""Kupffer cell"": 534, ""T cell"": 945, ""cholangiocyte"": 37, ""conventional dendritic cell"": 33, ""cycling myeloid cell"": 54, ""cycling plasma cell"": 5, ""endothelial cell of hepatic sinusoid"": 772, ""gamma-delta T cell"": 363, ""hematopoietic stem cell"": 95, ""hepatocyte"": 112, ""macrophage"": 208, ""mature B cell"": 893, ""mononuclear phagocyte"": 564, ""natural killer cell"": 1100, ""plasma cell"": 21, ""platelet"": 4, ""unknown"": 45}"
Homo sapiens,left lung,10x 3' v2,"{""B cell"": 21, ""T cell"": 1659, ""blood vessel endothelial cell"": 96, ""endothelial cell of lymphatic vessel"": 4, ""epithelial cell"": 220, ""fibroblast"": 146, ""myeloid cell"": 571}"
Homo sapiens,left lung,10x 3' v3,"{""B cell"": 405, ""T cell"": 1838, ""blood vessel endothelial cell"": 178, ""endothelial cell of lymphatic vessel"": 5, ""epithelial cell"": 3332, ""fibroblast"": 69, ""myeloid cell"": 639, ""neutrophil"": 93}"
Homo sapiens,left ovary,10x 3' v3,"{""B cell"": 504, ""CD4-positive, alpha-beta T cell"": 45, ""CD8-positive, alpha-beta T cell"": 108, ""T cell"": 36405, ""blood vessel smooth muscle cell"": 11085, ""classical monocyte"": 9, ""dendritic cell"": 562, ""endothelial cell"": 3151, ""fallopian tube secretory epithelial cell"": 37584, ""fibroblast"": 14877, ""glandular secretory epithelial cell"": 225, ""glial cell"": 42, ""hematopoietic precursor cell"": 3, ""macrophage"": 531, ""mast cell"": 157, ""mature NK T cell"": 3, ""monocyte"": 30905, ""neutrophil"": 21, ""oocyte"": 6, ""ovarian surface epithelial cell"": 453, ""plasma cell"": 1316, ""stromal cell of ovary"": 64713, ""theca cell"": 1332}"
Homo sapiens,left parietal lobe,Smart-seq2,"{""malignant cell"": 242, ""oligodendrocyte"": 84}"
Homo sapiens,left temporal lobe,10x 3' v2,"{""B cell"": 6, ""dendritic cell"": 12, ""endothelial cell"": 24, ""macrophage"": 2003, ""malignant cell"": 15162, ""mast cell"": 4, ""mature T cell"": 88, ""microglial cell"": 482, ""monocyte"": 185, ""mural cell"": 186, ""natural killer cell"": 6, ""neutrophil"": 2, ""oligodendrocyte"": 550, ""plasma cell"": 2, ""radial glial cell"": 5606}"
Homo sapiens,left temporal lobe,10x 3' v3,"{""B cell"": 17, ""astrocyte"": 1, ""dendritic cell"": 143, ""endothelial cell"": 741, ""macrophage"": 15762, ""malignant cell"": 16867, ""mast cell"": 5, ""mature T cell"": 1061, ""microglial cell"": 14472, ""monocyte"": 1547, ""mural cell"": 219, ""natural killer cell"": 13, ""neuron"": 4, ""neutrophil"": 101, ""oligodendrocyte"": 583, ""oligodendrocyte precursor cell"": 89, ""radial glial cell"": 18}"
Homo sapiens,left temporal lobe,Smart-seq2,"{""macrophage"": 134, ""malignant cell"": 778, ""mature T cell"": 6, ""microglial cell"": 52, ""monocyte"": 8, ""mural cell"": 2, ""oligodendrocyte"": 28}"
Homo sapiens,left temporal lobe,microwell-seq,"{""dendritic cell"": 74, ""endothelial cell"": 120, ""macrophage"": 1268, ""malignant cell"": 8356, ""mature T cell"": 104, ""microglial cell"": 400, ""monocyte"": 336, ""mural cell"": 132, ""oligodendrocyte"": 152, ""oligodendrocyte precursor cell"": 8}"
Homo sapiens,lens of camera-type eye,10x 3' v3,"{""anterior lens cell"": 6160, ""lens epithelial cell"": 5276, ""lens fiber cell"": 787, ""secondary lens fiber"": 1677}"
Homo sapiens,lingula of left lung,10x 3' v2,"{""B cell"": 62, ""T cell"": 611, ""alveolar macrophage"": 5229, ""bronchial epithelial cell"": 693, ""contractile cell"": 158, ""elicited macrophage"": 80, ""endothelial cell of lymphatic vessel"": 338, ""endothelial cell of vascular tree"": 2437, ""fibroblast"": 1483, ""macrophage"": 683, ""mast cell"": 65, ""mature NK T cell"": 78, ""pulmonary alveolar epithelial cell"": 22305, ""respiratory basal cell"": 1062}"
Homo sapiens,lingula of left lung,10x 3' v3,"{""B cell"": 50, ""T cell"": 201, ""lung macrophage"": 2472, ""lung multiciliated epithelial cell"": 50, ""monocyte"": 323, ""natural killer cell"": 166, ""neutrophil"": 17, ""pulmonary alveolar type 1 cell"": 1351, ""pulmonary artery endothelial cell"": 159, ""pulmonary capillary endothelial cell"": 302, ""stromal cell"": 101, ""unknown"": 746, ""vein endothelial cell"": 147}"
Homo sapiens,liver,10x 3' v2,"{""B cell"": 5414, ""B-1 B cell"": 639, ""B-2 B cell"": 1881, ""CD16-negative, CD56-bright natural killer cell, human"": 3377, ""CD16-positive, CD56-dim natural killer cell, human"": 2631, ""CD4-positive helper T cell"": 1777, ""CD4-positive, alpha-beta T cell"": 2157, ""CD8-alpha-alpha-positive, alpha-beta intraepithelial T cell"": 220, ""CD8-positive, alpha-beta cytotoxic T cell"": 994, ""CD8-positive, alpha-beta memory T cell"": 13732, ""Kupffer cell"": 10832, ""Langerhans cell"": 3, ""T cell"": 59389, ""alpha-beta T cell"": 1115, ""basal cell"": 37, ""basophil"": 143, ""blood vessel endothelial cell"": 522, ""blood vessel smooth muscle cell"": 65, ""centrilobular region hepatocyte"": 1214, ""cholangiocyte"": 424, ""chondrocyte"": 2, ""classical monocyte"": 14573, ""club cell"": 1, ""colon epithelial cell"": 1, ""common dendritic progenitor"": 60, ""common myeloid progenitor"": 1261, ""conventional dendritic cell"": 3806, ""dendritic cell"": 12411, ""dendritic cell, human"": 36, ""double negative thymocyte"": 96, ""double-positive, alpha-beta thymocyte"": 100, ""early T lineage precursor"": 175, ""early lymphoid progenitor"": 1235, ""effector CD8-positive, alpha-beta T cell"": 8, ""effector memory CD8-positive, alpha-beta T cell"": 18230, ""effector memory CD8-positive, alpha-beta T cell, terminally differentiated"": 1858, ""endothelial cell"": 23000, ""endothelial cell of hepatic sinusoid"": 973, ""endothelial cell of pericentral hepatic sinusoid"": 655, ""endothelial cell of periportal hepatic sinusoid"": 822, ""endothelial stalk cell"": 2, ""enteroendocrine cell"": 61, ""epithelial cell"": 5297, ""epithelial cell of nephron"": 28, ""epithelial cell of thymus"": 1030, ""erythroblast"": 3277, ""erythrocyte"": 143176, ""eurydendroid cell"": 6, ""exhausted T cell"": 8, ""fibroblast"": 6482, ""fraction A pre-pro B cell"": 2769, ""gamma-delta T cell"": 2714, ""glial cell"": 63, ""goblet cell"": 16, ""granulocyte"": 1536, ""granulocyte monocyte progenitor cell"": 1029, ""group 2 innate lymphoid cell"": 92, ""group 3 innate lymphoid cell"": 4864, ""hematopoietic multipotent progenitor cell"": 6020, ""hematopoietic stem cell"": 13597, ""hepatic stellate cell"": 9449, ""hepatoblast"": 3370, ""hepatocyte"": 12741, ""immature B cell"": 1815, ""inflammatory macrophage"": 7680, ""innate lymphoid cell"": 1276, ""interstitial cell of Cajal"": 2, ""intestinal epithelial cell"": 4, ""keratinocyte"": 4, ""large pre-B-II cell"": 4584, ""late pro-B cell"": 1494, ""leukocyte"": 1188, ""lung secretory cell"": 1, ""macrophage"": 127176, ""malignant cell"": 53229, ""mast cell"": 2919, ""mature B cell"": 189, ""mature NK T cell"": 3074, ""megakaryocyte"": 17909, ""megakaryocyte-erythroid progenitor cell"": 10120, ""memory T cell"": 6573, ""mesenchymal cell"": 9, ""mesodermal cell"": 26, ""mesothelial cell"": 106, ""midzonal region hepatocyte"": 818, ""monocyte"": 52649, ""mononuclear phagocyte"": 471, ""mucosal invariant T cell"": 7135, ""myelocyte"": 9, ""myeloid cell"": 154, ""myeloid leukocyte"": 2265, ""myofibroblast cell"": 226, ""naive thymus-derived CD4-positive, alpha-beta T cell"": 3568, ""naive thymus-derived CD8-positive, alpha-beta T cell"": 756, ""natural killer cell"": 53491, ""neuroendocrine cell"": 4, ""neuron"": 380, ""neutrophil"": 2634, ""non-classical monocyte"": 16714, ""osteoclast"": 6, ""pericyte"": 6, ""periportal region hepatocyte"": 943, ""plasma cell"": 2252, ""plasmacytoid dendritic cell"": 8887, ""pre-conventional dendritic cell"": 108, ""precursor B cell"": 941, ""pro-B cell"": 3123, ""progenitor cell"": 522, ""promonocyte"": 1957, ""promyelocyte"": 2775, ""regulatory T cell"": 927, ""skeletal muscle satellite cell"": 122, ""small pre-B-II cell"": 2355, ""smooth muscle cell"": 18, ""stem cell"": 43, ""stromal cell"": 3, ""type B pancreatic cell"": 1, ""unknown"": 11693, ""vascular associated smooth muscle cell"": 8321}"
Homo sapiens,liver,10x 3' v3,"{""B cell"": 4979, ""CD16-negative, CD56-bright natural killer cell, human"": 8040, ""CD16-positive, CD56-dim natural killer cell, human"": 9145, ""CD4-positive helper T cell"": 1491, ""CD4-positive, alpha-beta T cell"": 6065, ""CD8-positive, alpha-beta T cell"": 3858, ""CD8-positive, alpha-beta cytotoxic T cell"": 9481, ""CD8-positive, alpha-beta memory T cell"": 15963, ""Kupffer cell"": 4919, ""Schwann cell"": 607, ""T cell"": 92795, ""basal cell"": 68, ""basophil"": 246, ""blood vessel endothelial cell"": 7510, ""blood vessel smooth muscle cell"": 3854, ""centrilobular region hepatocyte"": 7358, ""cholangiocyte"": 2021, ""ciliated epithelial cell"": 14, ""classical monocyte"": 4725, ""common dendritic progenitor"": 340, ""common lymphoid progenitor"": 790, ""conventional dendritic cell"": 1345, ""cortical cell of adrenal gland"": 2029, ""cycling myeloid cell"": 69, ""cycling plasma cell"": 12, ""dendritic cell"": 411, ""dendritic cell, human"": 6, ""effector CD8-positive, alpha-beta T cell"": 149, ""effector memory CD8-positive, alpha-beta T cell"": 17509, ""effector memory CD8-positive, alpha-beta T cell, terminally differentiated"": 10770, ""endothelial cell"": 18597, ""endothelial cell of hepatic sinusoid"": 9700, ""endothelial cell of pericentral hepatic sinusoid"": 2578, ""endothelial cell of periportal hepatic sinusoid"": 299, ""endothelial stalk cell"": 4222, ""enteroendocrine cell"": 1, ""epithelial cell"": 21548, ""erythroblast"": 683, ""erythrocyte"": 3228, ""erythroid progenitor cell"": 4778, ""exhausted T cell"": 84, ""fallopian tube secretory epithelial cell"": 1453, ""fibroblast"": 21537, ""gamma-delta T cell"": 3778, ""goblet cell"": 1248, ""granulocyte"": 515, ""hematopoietic multipotent progenitor cell"": 3282, ""hematopoietic precursor cell"": 123, ""hematopoietic stem cell"": 535, ""hepatic stellate cell"": 22280, ""hepatoblast"": 8109, ""hepatocyte"": 120315, ""inflammatory macrophage"": 1358, ""intermediate monocyte"": 1671, ""intrahepatic cholangiocyte"": 1836, ""ionocyte"": 10, ""kidney cell"": 1591, ""leukocyte"": 272, ""lymphocyte"": 28, ""lymphoid lineage restricted progenitor cell"": 1275, ""macrophage"": 41856, ""malignant cell"": 213119, ""mast cell"": 90, ""mature B cell"": 1001, ""mature NK T cell"": 6434, ""megakaryocyte-erythroid progenitor cell"": 1152, ""memory T cell"": 15581, ""mesothelial cell"": 8, ""midzonal region hepatocyte"": 115, ""monocyte"": 22930, ""mononuclear phagocyte"": 328, ""mucosal invariant T cell"": 17956, ""myeloid cell"": 665, ""myeloid dendritic cell"": 159, ""myeloid leukocyte"": 331, ""myeloid lineage restricted progenitor cell"": 768, ""naive thymus-derived CD4-positive, alpha-beta T cell"": 4489, ""natural killer cell"": 39101, ""neoplastic cell"": 52431, ""neuroblast (sensu Vertebrata)"": 26382, ""neuroendocrine cell"": 6, ""neuron"": 353, ""neutrophil"": 7789, ""non-classical monocyte"": 2626, ""pancreatic epsilon cell"": 4, ""paneth cell"": 1, ""periportal region hepatocyte"": 3541, ""plasma cell"": 7024, ""plasmacytoid dendritic cell"": 2641, ""platelet"": 8, ""precursor B cell"": 573, ""pro-B cell"": 543, ""proerythroblast"": 1400, ""pulmonary alveolar epithelial cell"": 34, ""regulatory T cell"": 838, ""stem cell"": 33, ""stromal cell"": 2, ""tuft cell"": 4, ""unknown"": 65, ""vascular associated smooth muscle cell"": 18}"
Homo sapiens,liver,10x 5' v1,"{""B-1 B cell"": 477, ""B-2 B cell"": 1389, ""CD16-negative, CD56-bright natural killer cell, human"": 1980, ""CD16-positive, CD56-dim natural killer cell, human"": 1050, ""CD4-positive helper T cell"": 202, ""CD8-alpha-alpha-positive, alpha-beta intraepithelial T cell"": 104, ""CD8-positive, alpha-beta memory T cell"": 176, ""CD8-positive, alpha-beta memory T cell, CD45RO-positive"": 368, ""Kupffer cell"": 6702, ""Langerhans cell"": 3, ""T cell"": 1368, ""T follicular helper cell"": 10, ""alpha-beta T cell"": 424, ""alveolar macrophage"": 12, ""cell of skeletal muscle"": 2, ""classical monocyte"": 2224, ""common dendritic progenitor"": 15, ""common myeloid progenitor"": 1070, ""conventional dendritic cell"": 166, ""dendritic cell"": 11376, ""double negative thymocyte"": 194, ""double-positive, alpha-beta thymocyte"": 64, ""early T lineage precursor"": 22, ""early lymphoid progenitor"": 2741, ""effector memory CD4-positive, alpha-beta T cell"": 196, ""effector memory CD8-positive, alpha-beta T cell, terminally differentiated"": 358, ""endothelial cell"": 7024, ""epithelial cell"": 38, ""epithelial cell of nephron"": 2, ""erythrocyte"": 32388, ""erythroid lineage cell"": 2, ""eurydendroid cell"": 2, ""fibroblast"": 115, ""fraction A pre-pro B cell"": 2623, ""gamma-delta T cell"": 272, ""germinal center B cell"": 2, ""glial cell"": 12, ""granulocyte"": 888, ""granulocyte monocyte progenitor cell"": 1007, ""group 2 innate lymphoid cell"": 68, ""group 3 innate lymphoid cell"": 1886, ""hematopoietic multipotent progenitor cell"": 7722, ""hematopoietic stem cell"": 9711, ""hepatocyte"": 16354, ""immature B cell"": 1119, ""innate lymphoid cell"": 176, ""large pre-B-II cell"": 4731, ""late pro-B cell"": 861, ""lymphocyte"": 232, ""macrophage"": 54067, ""mast cell"": 2905, ""mature B cell"": 96, ""megakaryocyte"": 7022, ""megakaryocyte-erythroid progenitor cell"": 7669, ""memory B cell"": 286, ""mesothelial cell"": 110, ""monocyte"": 8043, ""mucosal invariant T cell"": 3068, ""myelocyte"": 6, ""myofibroblast cell"": 46, ""naive B cell"": 128, ""naive thymus-derived CD4-positive, alpha-beta T cell"": 1272, ""naive thymus-derived CD8-positive, alpha-beta T cell"": 526, ""natural killer cell"": 22516, ""neutrophil"": 21, ""non-classical monocyte"": 444, ""plasma cell"": 313, ""plasmablast"": 64, ""plasmacytoid dendritic cell"": 1051, ""pre-conventional dendritic cell"": 69, ""precursor B cell"": 422, ""pro-B cell"": 1305, ""progenitor cell"": 176, ""promonocyte"": 1441, ""promyelocyte"": 1198, ""regulatory T cell"": 370, ""skeletal muscle satellite cell"": 26, ""small pre-B-II cell"": 3843, ""smooth muscle cell"": 4, ""unknown"": 7319, ""vascular associated smooth muscle cell"": 4996}"
Homo sapiens,liver,10x 5' v2,"{""CD16-negative, CD56-bright natural killer cell, human"": 2006, ""CD16-positive, CD56-dim natural killer cell, human"": 4168, ""CD4-positive helper T cell"": 972, ""CD4-positive, CD25-positive, alpha-beta regulatory T cell"": 56, ""CD4-positive, alpha-beta memory T cell"": 217, ""CD8-positive, alpha-beta memory T cell"": 734, ""CD8-positive, alpha-beta memory T cell, CD45RO-positive"": 1244, ""T follicular helper cell"": 6, ""alpha-beta T cell"": 238, ""alveolar macrophage"": 10, ""central memory CD4-positive, alpha-beta T cell"": 172, ""central memory CD8-positive, alpha-beta T cell"": 23, ""classical monocyte"": 1188, ""conventional dendritic cell"": 125, ""dendritic cell, human"": 4, ""effector memory CD4-positive, alpha-beta T cell"": 648, ""effector memory CD4-positive, alpha-beta T cell, terminally differentiated"": 79, ""effector memory CD8-positive, alpha-beta T cell"": 346, ""effector memory CD8-positive, alpha-beta T cell, terminally differentiated"": 1953, ""erythroid lineage cell"": 3, ""gamma-delta T cell"": 2440, ""group 1 innate lymphoid cell"": 7, ""group 3 innate lymphoid cell"": 13, ""immature innate lymphoid cell"": 155, ""lymphocyte"": 108, ""macrophage"": 164, ""mast cell"": 3, ""memory B cell"": 74, ""mucosal invariant T cell"": 1917, ""naive B cell"": 84, ""naive thymus-derived CD4-positive, alpha-beta T cell"": 113, ""naive thymus-derived CD8-positive, alpha-beta T cell"": 38, ""non-classical monocyte"": 702, ""plasma cell"": 38, ""plasmablast"": 10, ""plasmacytoid dendritic cell"": 14, ""precursor B cell"": 4, ""progenitor cell"": 21, ""regulatory T cell"": 72, ""unknown"": 80}"
Homo sapiens,liver,BD Rhapsody Whole Transcriptome Analysis,"{""B cell"": 1440, ""T cell"": 25328, ""cholangiocyte"": 524, ""conventional dendritic cell"": 1249, ""endothelial cell"": 1025, ""fibroblast"": 321, ""hepatocyte"": 209, ""malignant cell"": 4051, ""mast cell"": 95, ""mononuclear phagocyte"": 11122, ""natural killer cell"": 12371, ""neutrophil"": 16769, ""plasma cell"": 454, ""plasmacytoid dendritic cell"": 146}"
Homo sapiens,liver,CEL-seq2,"{""B cell"": 6, ""centrilobular region hepatocyte"": 1817, ""cholangiocyte"": 1096, ""classical monocyte"": 2, ""conventional dendritic cell"": 42, ""effector memory CD8-positive, alpha-beta T cell"": 2495, ""endothelial cell of pericentral hepatic sinusoid"": 1403, ""endothelial cell of periportal hepatic sinusoid"": 537, ""epithelial cell"": 1321, ""hepatic stellate cell"": 47, ""hepatoblast"": 61, ""inflammatory macrophage"": 68, ""leukocyte"": 15, ""macrophage"": 989, ""mesothelial cell"": 1, ""midzonal region hepatocyte"": 733, ""mucosal invariant T cell"": 3, ""natural killer cell"": 699, ""neuroendocrine cell"": 3, ""non-classical monocyte"": 4, ""periportal region hepatocyte"": 252, ""plasma cell"": 189, ""stem cell"": 1}"
Homo sapiens,liver,Smart-seq,"{""endothelial cell"": 52, ""epithelial cell"": 46, ""hepatic stellate cell"": 69, ""stem cell"": 5}"
Homo sapiens,liver,Smart-seq2,"{""B cell"": 20, ""CD1c-positive myeloid dendritic cell"": 88, ""CD4-positive, alpha-beta T cell"": 263, ""CD8-positive, alpha-beta T cell"": 766, ""T cell"": 6, ""bronchus fibroblast of lung"": 22, ""capillary endothelial cell"": 28, ""classical monocyte"": 646, ""conventional dendritic cell"": 2, ""dendritic cell"": 6, ""endothelial cell"": 279, ""endothelial cell of lymphatic vessel"": 4, ""epithelial cell of lung"": 10, ""erythrocyte"": 9, ""fibroblast"": 27, ""fibroblast of lung"": 14, ""hepatic stellate cell"": 36, ""hepatocyte"": 42, ""intrahepatic cholangiocyte"": 159, ""macrophage"": 1397, ""malignant cell"": 502, ""mast cell"": 4, ""mature NK T cell"": 48, ""monocyte"": 93, ""myeloid cell"": 325, ""myeloid dendritic cell"": 9, ""natural killer cell"": 190, ""neutrophil"": 1562, ""non-classical monocyte"": 4, ""pericyte"": 14, ""plasma cell"": 149, ""plasmacytoid dendritic cell"": 6, ""pulmonary alveolar type 1 cell"": 2, ""pulmonary artery endothelial cell"": 2, ""regulatory T cell"": 28, ""smooth muscle cell"": 90, ""vein endothelial cell"": 328}"
Homo sapiens,liver,microwell-seq,"{""B cell"": 289, ""T cell"": 1123, ""cord blood hematopoietic stem cell"": 210, ""dendritic cell"": 2147, ""endocrine cell"": 1, ""endothelial cell"": 132, ""enterocyte"": 7, ""epithelial cell"": 3859, ""epithelial cell of exocrine pancreas"": 1, ""erythroid lineage cell"": 6756, ""erythroid progenitor cell"": 9279, ""fibroblast"": 1, ""goblet cell"": 7, ""macrophage"": 2052, ""mast cell"": 16, ""monocyte"": 659, ""myeloid cell"": 1, ""neutrophil"": 1080, ""plasma cell"": 712, ""primordial germ cell"": 22, ""professional antigen presenting cell"": 132, ""smooth muscle cell"": 15}"
Homo sapiens,liver,sci-RNA-seq3,"{""endothelial cell of vascular tree"": 5708, ""erythroblast"": 51879, ""hematopoietic stem cell"": 1360, ""hepatic stellate cell"": 2165, ""hepatoblast"": 72848, ""innate lymphoid cell"": 1194, ""megakaryocyte"": 2049, ""mesothelial cell"": 300, ""myeloid cell"": 3450}"
Homo sapiens,lobe of cerebral hemisphere,10x multiome,"{""L2/3 intratelencephalic projecting glutamatergic neuron"": 960, ""VIP GABAergic cortical interneuron"": 177, ""astrocyte"": 474, ""cerebral cortex GABAergic interneuron"": 93, ""committed oligodendrocyte precursor"": 15, ""endothelial cell"": 217, ""glutamatergic neuron"": 1197, ""lamp5 GABAergic cortical interneuron"": 92, ""microglial cell"": 293, ""oligodendrocyte"": 4730, ""oligodendrocyte precursor cell"": 292, ""pvalb GABAergic cortical interneuron"": 214, ""sst GABAergic cortical interneuron"": 261, ""unknown"": 338, ""vascular leptomeningeal cell"": 23}"
Homo sapiens,lower esophagus,10x 3' v2,"{""CD4-positive helper T cell"": 282, ""IgA plasma cell"": 492, ""IgG plasma cell"": 63, ""P/D1 enteroendocrine cell"": 25, ""activated CD8-positive, alpha-beta T cell"": 597, ""capillary endothelial cell"": 42, ""dendritic cell"": 93, ""endothelial cell of artery"": 216, ""enterocyte"": 7192, ""enteroendocrine cell"": 432, ""epithelial cell of esophagus"": 38094, ""erythrocyte"": 98, ""fibroblast"": 714, ""foveolar cell of stomach"": 3463, ""gamma-delta T cell"": 363, ""glandular cell of esophagus"": 8, ""intestine goblet cell"": 531, ""macrophage"": 396, ""mast cell"": 267, ""memory B cell"": 261, ""memory T cell"": 243, ""monocyte"": 537, ""mucous neck cell of gastric gland"": 755, ""natural T-regulatory cell"": 438, ""natural killer cell"": 222, ""parietal cell"": 5, ""peptic cell"": 17, ""stem cell"": 1817, ""unknown"": 492, ""vein endothelial cell"": 1113}"
Homo sapiens,lower esophagus,10x 3' v3,"{""CD4-positive helper T cell"": 30, ""IgA plasma cell"": 81, ""IgG plasma cell"": 21, ""P/D1 enteroendocrine cell"": 3, ""activated CD8-positive, alpha-beta T cell"": 126, ""dendritic cell"": 21, ""endothelial cell of artery"": 24, ""enterocyte"": 849, ""enteroendocrine cell"": 162, ""epithelial cell of esophagus"": 268, ""erythrocyte"": 62, ""fibroblast"": 225, ""foveolar cell of stomach"": 2742, ""gamma-delta T cell"": 90, ""glandular cell of esophagus"": 2, ""intestine goblet cell"": 141, ""macrophage"": 66, ""mast cell"": 285, ""memory B cell"": 9, ""memory T cell"": 51, ""monocyte"": 138, ""mucous neck cell of gastric gland"": 1080, ""natural T-regulatory cell"": 123, ""natural killer cell"": 129, ""peptic cell"": 6, ""stem cell"": 576, ""unknown"": 24, ""vein endothelial cell"": 183}"
Homo sapiens,lower layers of the cortex,10x 3' v3,"{""cell"": 130, ""erythrocyte"": 256, ""fibroblast"": 254, ""glioblast"": 11276, ""macrophage"": 264, ""neural crest cell"": 32, ""neuroblast (sensu Nematoda and Protostomia)"": 4701, ""neuroblast (sensu Vertebrata)"": 14628, ""neuron"": 20967, ""oligodendrocyte"": 404, ""radial glial cell"": 4257}"
Homo sapiens,lower leg skin,10x 3' v3,"{""skin fibroblast"": 1475}"
Homo sapiens,lower lobe of left lung,10x 3' v2,"{""B cell"": 224, ""CD14-positive monocyte"": 766, ""CD16-negative, CD56-bright natural killer cell, human"": 138, ""CD16-positive, CD56-dim natural killer cell, human"": 1297, ""CD4-positive, alpha-beta T cell"": 3483, ""CD4-positive, alpha-beta thymocyte"": 3056, ""CD8-positive, alpha-beta T cell"": 2738, ""CD8-positive, alpha-beta thymocyte"": 3350, ""IgA plasma cell"": 111, ""IgG plasma cell"": 114, ""T cell"": 1088, ""adventitial cell"": 2384, ""airway submucosal gland duct basal cell"": 10, ""alveolar capillary type 2 endothelial cell"": 1485, ""alveolar macrophage"": 1115, ""alveolar type 1 fibroblast cell"": 16, ""basal cell"": 1396, ""blood vessel endothelial cell"": 6030, ""blood vessel smooth muscle cell"": 32, ""bronchus fibroblast of lung"": 288, ""capillary endothelial cell"": 1493, ""central memory CD4-positive, alpha-beta T cell"": 714, ""ciliated cell"": 642, ""classical monocyte"": 480, ""club cell"": 429, ""conventional dendritic cell"": 90, ""dendritic cell"": 4, ""dendritic cell, human"": 138, ""deuterosomal cell"": 4, ""effector CD4-positive, alpha-beta T cell"": 2776, ""effector memory CD4-positive, alpha-beta T cell"": 861, ""effector memory CD8-positive, alpha-beta T cell"": 2877, ""effector memory CD8-positive, alpha-beta T cell, terminally differentiated"": 1103, ""endothelial cell of artery"": 499, ""endothelial cell of lymphatic vessel"": 1880, ""epithelial cell"": 244, ""epithelial cell of lung"": 36, ""erythrocyte"": 3, ""fibroblast"": 1684, ""fibroblast of lung"": 7031, ""gamma-delta T cell"": 676, ""goblet cell"": 48, ""immature alpha-beta T cell"": 171, ""innate lymphoid cell"": 120, ""intermediate monocyte"": 661, ""ionocyte"": 1, ""lung endothelial cell"": 1832, ""lung interstitial macrophage"": 12, ""lung macrophage"": 11476, ""lung multiciliated epithelial cell"": 3771, ""lung pericyte"": 867, ""lung resident memory CD4-positive, alpha-beta T cell"": 1000, ""lung resident memory CD8-positive, alpha-beta T cell"": 792, ""lung secretory cell"": 2, ""macrophage"": 338, ""mast cell"": 1735, ""mature NK T cell"": 800, ""mature alpha-beta T cell"": 98, ""megakaryocyte"": 2, ""memory B cell"": 870, ""mesothelial cell"": 154, ""metallothionein-positive alveolar macrophage"": 10, ""monocyte"": 204, ""mucosal invariant T cell"": 158, ""muscle cell"": 5, ""myeloid cell"": 1195, ""myeloid dendritic cell, human"": 710, ""myofibroblast cell"": 603, ""naive B cell"": 68, ""naive thymus-derived CD4-positive, alpha-beta T cell"": 660, ""natural killer cell"": 7095, ""neutrophil"": 205, ""non-classical monocyte"": 747, ""non-myelinating Schwann cell"": 2, ""pancreatic acinar cell"": 474, ""pericyte"": 339, ""plasma cell"": 252, ""plasmablast"": 7, ""plasmacytoid dendritic cell"": 53, ""plasmacytoid dendritic cell, human"": 24, ""pulmonary alveolar type 1 cell"": 9850, ""pulmonary alveolar type 2 cell"": 3966, ""pulmonary artery endothelial cell"": 880, ""pulmonary capillary endothelial cell"": 5512, ""regulatory T cell"": 631, ""respiratory tract suprabasal cell"": 6, ""smooth muscle cell"": 611, ""smooth muscle cell of the pulmonary artery"": 1150, ""unknown"": 7311, ""vein endothelial cell"": 841}"
Homo sapiens,lower lobe of left lung,10x 3' v3,"{""B cell"": 320, ""CD14-positive monocyte"": 6, ""CD4-positive, alpha-beta T cell"": 3996, ""CD8-positive, alpha-beta T cell"": 398, ""IgA plasma cell"": 12, ""IgG plasma cell"": 7, ""T cell"": 933, ""adventitial cell"": 150, ""airway submucosal gland duct basal cell"": 10, ""alveolar macrophage"": 28, ""basal cell"": 1487, ""blood vessel endothelial cell"": 461, ""bronchus fibroblast of lung"": 22, ""chondrocyte"": 14, ""ciliated cell"": 194, ""club cell"": 155, ""conventional dendritic cell"": 1, ""dendritic cell, human"": 53, ""effector CD4-positive, alpha-beta T cell"": 60, ""effector memory CD8-positive, alpha-beta T cell"": 6, ""endothelial cell of lymphatic vessel"": 195, ""epithelial cell"": 1727, ""epithelial cell of lung"": 472, ""erythrocyte"": 23, ""fibroblast"": 312, ""fibroblast of lung"": 4063, ""gamma-delta T cell"": 356, ""intermediate monocyte"": 469, ""lung endothelial cell"": 3365, ""lung interstitial macrophage"": 2, ""lung macrophage"": 14956, ""lung multiciliated epithelial cell"": 3628, ""lung perichondrial fibroblast"": 12, ""lung pericyte"": 176, ""lung resident memory CD4-positive, alpha-beta T cell"": 2, ""lung resident memory CD8-positive, alpha-beta T cell"": 16, ""lung secretory cell"": 4, ""mast cell"": 985, ""mature NK T cell"": 1974, ""memory B cell"": 4, ""mesothelial cell"": 124, ""mucosal invariant T cell"": 2, ""myeloid cell"": 202, ""myeloid dendritic cell, human"": 365, ""myofibroblast cell"": 10, ""naive B cell"": 2, ""naive thymus-derived CD4-positive, alpha-beta T cell"": 20, ""natural killer cell"": 4935, ""neuroendocrine cell"": 12, ""neutrophil"": 906, ""non-classical monocyte"": 354, ""pancreatic acinar cell"": 332, ""plasma cell"": 119, ""plasmacytoid dendritic cell"": 5, ""plasmacytoid dendritic cell, human"": 25, ""pulmonary alveolar type 1 cell"": 14001, ""pulmonary alveolar type 2 cell"": 2268, ""pulmonary artery endothelial cell"": 56, ""pulmonary capillary endothelial cell"": 6917, ""regulatory T cell"": 318, ""respiratory tract suprabasal cell"": 2, ""smooth muscle cell"": 1001, ""smooth muscle cell of the pulmonary artery"": 28, ""stromal cell"": 173, ""unknown"": 1774, ""vein endothelial cell"": 64}"
Homo sapiens,lower lobe of left lung,10x 5' transcription profiling,"{""CD14-positive monocyte"": 1432, ""CD16-negative, CD56-bright natural killer cell, human"": 257, ""CD16-positive, CD56-dim natural killer cell, human"": 3120, ""IgA plasma cell"": 98, ""IgG plasma cell"": 118, ""T follicular helper cell"": 2, ""adventitial cell"": 1604, ""airway submucosal gland duct basal cell"": 10, ""alveolar capillary type 2 endothelial cell"": 205, ""alveolar macrophage"": 12198, ""alveolar type 1 fibroblast cell"": 12, ""basal cell"": 157, ""blood vessel endothelial cell"": 6584, ""blood vessel smooth muscle cell"": 32, ""bronchus fibroblast of lung"": 36, ""capillary endothelial cell"": 3036, ""central memory CD4-positive, alpha-beta T cell"": 313, ""ciliated cell"": 972, ""classical monocyte"": 819, ""club cell"": 322, ""conventional dendritic cell"": 693, ""dendritic cell"": 162, ""dendritic cell, human"": 54, ""deuterosomal cell"": 26, ""effector CD4-positive, alpha-beta T cell"": 1184, ""effector memory CD4-positive, alpha-beta T cell"": 437, ""effector memory CD8-positive, alpha-beta T cell"": 2214, ""effector memory CD8-positive, alpha-beta T cell, terminally differentiated"": 161, ""endothelial cell of artery"": 611, ""endothelial cell of lymphatic vessel"": 1889, ""epithelial cell"": 8, ""erythrocyte"": 31, ""fibroblast"": 822, ""fibroblast of lung"": 2315, ""gamma-delta T cell"": 162, ""goblet cell"": 642, ""innate lymphoid cell"": 386, ""ionocyte"": 4, ""lung interstitial macrophage"": 90, ""lung macrophage"": 2457, ""lung multiciliated epithelial cell"": 499, ""lung pericyte"": 1348, ""lung resident memory CD4-positive, alpha-beta T cell"": 332, ""lung resident memory CD8-positive, alpha-beta T cell"": 818, ""macrophage"": 1449, ""mast cell"": 1557, ""megakaryocyte"": 4, ""memory B cell"": 564, ""mesothelial cell"": 96, ""metallothionein-positive alveolar macrophage"": 304, ""monocyte"": 1234, ""mucosal invariant T cell"": 562, ""myofibroblast cell"": 788, ""naive B cell"": 135, ""naive thymus-derived CD4-positive, alpha-beta T cell"": 1198, ""natural killer cell"": 4235, ""neuroendocrine cell"": 2, ""non-classical monocyte"": 567, ""pericyte"": 497, ""plasma cell"": 127, ""plasmablast"": 46, ""plasmacytoid dendritic cell"": 568, ""pulmonary alveolar type 1 cell"": 637, ""pulmonary alveolar type 2 cell"": 5198, ""pulmonary artery endothelial cell"": 1124, ""regulatory T cell"": 383, ""respiratory tract suprabasal cell"": 28, ""smooth muscle cell of the pulmonary artery"": 1590, ""vein endothelial cell"": 3315}"
Homo sapiens,lower lobe of right lung,10x 3' v2,"{""B cell"": 41, ""T cell"": 3240, ""blood vessel endothelial cell"": 12, ""endothelial cell of lymphatic vessel"": 4, ""epithelial cell"": 224, ""fibroblast"": 8, ""myeloid cell"": 693}"
Homo sapiens,lower lobe of right lung,10x 3' v3,"{""B cell"": 87, ""T cell"": 1141, ""blood vessel endothelial cell"": 277, ""endothelial cell of lymphatic vessel"": 19, ""epithelial cell"": 584, ""fibroblast"": 81, ""lung macrophage"": 3385, ""lung multiciliated epithelial cell"": 200, ""monocyte"": 853, ""myeloid cell"": 2163, ""natural killer cell"": 410, ""neutrophil"": 461, ""pulmonary alveolar type 1 cell"": 8372, ""pulmonary artery endothelial cell"": 767, ""pulmonary capillary endothelial cell"": 575, ""stromal cell"": 354, ""unknown"": 1345, ""vein endothelial cell"": 688}"
Homo sapiens,lumbar spinal cord,10x 3' v3,"{""GABAergic neuron"": 1043, ""astrocyte"": 6526, ""central nervous system macrophage"": 258, ""endothelial cell"": 356, ""ependymal cell"": 117, ""fibroblast"": 376, ""glutamatergic neuron"": 1946, ""lymphocyte"": 202, ""microglial cell"": 3877, ""oligodendrocyte"": 18480, ""oligodendrocyte precursor cell"": 3042, ""pericyte"": 185, ""somatomotor neuron"": 145}"
Homo sapiens,lumbar spinal cord,10x multiome,"{""GABAergic neuron"": 523, ""astrocyte"": 4859, ""central nervous system macrophage"": 121, ""endothelial cell"": 30, ""ependymal cell"": 3, ""fibroblast"": 54, ""glutamatergic neuron"": 782, ""lymphocyte"": 87, ""microglial cell"": 2336, ""oligodendrocyte"": 15969, ""oligodendrocyte precursor cell"": 1354, ""pericyte"": 15, ""somatomotor neuron"": 25}"
Homo sapiens,lung,10x 3' transcription profiling,"{""B cell"": 358, ""CD4-positive helper T cell"": 364, ""CD8-positive, alpha-beta memory T cell"": 153, ""T cell"": 1830, ""basal cell"": 98, ""ciliated epithelial cell"": 358, ""classical monocyte"": 112, ""club cell"": 118, ""conventional dendritic cell"": 76, ""dendritic cell"": 122, ""effector CD8-positive, alpha-beta T cell"": 31, ""endothelial cell"": 834, ""epithelial cell"": 3171, ""exhausted T cell"": 6, ""fibroblast"": 646, ""gamma-delta T cell"": 277, ""goblet cell"": 126, ""hepatocyte"": 14, ""ionocyte"": 306, ""macrophage"": 122, ""mast cell"": 31, ""myeloid cell"": 244, ""natural killer cell"": 37, ""neutrophil"": 54, ""plasma cell"": 2, ""plasmacytoid dendritic cell"": 4, ""pulmonary alveolar epithelial cell"": 1020, ""regulatory T cell"": 53}"
Homo sapiens,lung,10x 3' v1,"{""B cell"": 1294, ""CD1c-positive myeloid dendritic cell"": 442, ""CD4-positive, alpha-beta T cell"": 3255, ""CD8-positive, alpha-beta T cell"": 3786, ""T cell"": 1629, ""alveolar adventitial fibroblast"": 14, ""alveolar macrophage"": 402, ""alveolar type 1 fibroblast cell"": 10, ""bronchus fibroblast of lung"": 161, ""capillary endothelial cell"": 51, ""classical monocyte"": 251, ""conventional dendritic cell"": 45, ""dendritic cell"": 37, ""elicited macrophage"": 53, ""endothelial cell"": 26, ""endothelial cell of lymphatic vessel"": 22, ""epithelial cell"": 81, ""epithelial cell of lung"": 32, ""fibroblast"": 150, ""fibroblast of lung"": 74, ""lung macrophage"": 7, ""lung pericyte"": 6, ""macrophage"": 1134, ""malignant cell"": 1044, ""mast cell"": 494, ""mesothelial cell"": 1, ""mononuclear phagocyte"": 407, ""multiciliated columnar cell of tracheobronchial tree"": 1, ""multiciliated epithelial cell"": 4, ""myeloid cell"": 25, ""natural killer cell"": 849, ""non-classical monocyte"": 137, ""pericyte"": 16, ""plasma cell"": 589, ""plasmacytoid dendritic cell"": 79, ""pulmonary alveolar type 1 cell"": 114, ""pulmonary alveolar type 2 cell"": 211, ""pulmonary artery endothelial cell"": 18, ""regulatory T cell"": 869, ""respiratory basal cell"": 97, ""respiratory tract hillock cell"": 22, ""smooth muscle cell"": 2, ""tracheobronchial smooth muscle cell"": 6, ""unknown"": 1364, ""vein endothelial cell"": 44}"
Homo sapiens,lung,10x 3' v2,"{""B cell"": 87348, ""CD14-low, CD16-positive monocyte"": 295, ""CD14-positive monocyte"": 1123, ""CD16-negative, CD56-bright natural killer cell, human"": 4223, ""CD16-positive, CD56-dim natural killer cell, human"": 16542, ""CD1c-positive myeloid dendritic cell"": 49137, ""CD22-positive, CD38-low small pre-B cell"": 276, ""CD4-positive helper T cell"": 13589, ""CD4-positive, alpha-beta T cell"": 217941, ""CD8-positive, alpha-beta T cell"": 207126, ""CD8-positive, alpha-beta cytotoxic T cell"": 1843, ""CD8-positive, alpha-beta memory T cell"": 7487, ""T cell"": 90418, ""T follicular helper cell"": 673, ""acinar cell"": 263, ""airway submucosal gland collecting duct epithelial cell"": 133, ""alveolar adventitial fibroblast"": 8036, ""alveolar capillary type 1 endothelial cell"": 9060, ""alveolar capillary type 2 endothelial cell"": 10223, ""alveolar macrophage"": 444828, ""alveolar type 1 fibroblast cell"": 17430, ""basal cell"": 17797, ""bronchial goblet cell"": 346, ""bronchial smooth muscle cell"": 693, ""bronchus fibroblast of lung"": 6871, ""brush cell of tracheobronchial tree"": 474, ""capillary endothelial cell"": 47181, ""central memory CD4-positive, alpha-beta T cell"": 898, ""chondrocyte"": 2314, ""ciliated cell"": 8611, ""ciliated epithelial cell"": 1298, ""classical monocyte"": 160862, ""club cell"": 11109, ""common myeloid progenitor"": 84, ""conventional dendritic cell"": 18630, ""dendritic cell"": 6919, ""dendritic cell, human"": 196, ""deuterosomal cell"": 103, ""early lymphoid progenitor"": 312, ""early pro-B cell"": 233, ""effector CD8-positive, alpha-beta T cell"": 2289, ""effector memory CD4-positive, alpha-beta T cell"": 4519, ""effector memory CD8-positive, alpha-beta T cell"": 3522, ""effector memory CD8-positive, alpha-beta T cell, terminally differentiated"": 1310, ""elicited macrophage"": 34369, ""endothelial cell"": 36350, ""endothelial cell of artery"": 5242, ""endothelial cell of lymphatic vessel"": 15282, ""endothelial cell of respiratory system lymphatic vessel"": 2212, ""enteroendocrine cell"": 240, ""epithelial cell"": 73324, ""epithelial cell of distal tubule"": 55, ""epithelial cell of lower respiratory tract"": 2180, ""epithelial cell of lung"": 41676, ""erythroblast"": 99, ""erythrocyte"": 93, ""erythroid lineage cell"": 15, ""exhausted T cell"": 1399, ""fibroblast"": 17939, ""fibroblast of lung"": 19821, ""fraction A pre-pro B cell"": 566, ""gamma-delta T cell"": 189, ""glial cell"": 242, ""goblet cell"": 2217, ""granulocyte"": 93, ""granulocyte monocyte progenitor cell"": 41, ""group 1 innate lymphoid cell"": 1227, ""group 2 innate lymphoid cell"": 2661, ""group 3 innate lymphoid cell, human"": 3058, ""helper T cell"": 4379, ""hematopoietic multipotent progenitor cell"": 66, ""hepatocyte"": 436, ""immature B cell"": 473, ""innate lymphoid cell"": 4693, ""intermediate monocyte"": 188, ""intestinal epithelial cell"": 1, ""intestine goblet cell"": 1, ""ionocyte"": 1557, ""large pre-B-II cell"": 1045, ""late pro-B cell"": 285, ""lung goblet cell"": 159, ""lung interstitial macrophage"": 3690, ""lung macrophage"": 1342, ""lung megakaryocyte"": 31, ""lung multiciliated epithelial cell"": 5813, ""lung pericyte"": 3909, ""lung secretory cell"": 4986, ""lymphocyte"": 101, ""macrophage"": 174524, ""malignant cell"": 53126, ""mast cell"": 36765, ""mature B cell"": 3940, ""mature NK T cell"": 1666, ""mature conventional dendritic cell"": 195, ""megakaryocyte"": 36, ""megakaryocyte progenitor cell"": 89, ""megakaryocyte-erythroid progenitor cell"": 262, ""memory B cell"": 1060, ""mesenchymal cell"": 32911, ""mesothelial cell"": 1478, ""mesothelial cell of pleura"": 97, ""monocyte"": 8030, ""mononuclear phagocyte"": 21494, ""mucus secreting cell"": 804, ""mucus secreting cell of tracheobronchial tree submucosal gland"": 254, ""multiciliated columnar cell of tracheobronchial tree"": 21925, ""multiciliated epithelial cell"": 14040, ""muscle cell"": 88, ""myelocyte"": 10, ""myeloid cell"": 16412, ""myeloid dendritic cell, human"": 130, ""myeloid leukocyte"": 2594, ""myoepithelial cell"": 23, ""myofibroblast cell"": 2043, ""naive B cell"": 402, ""naive thymus-derived CD4-positive, alpha-beta T cell"": 288, ""naive thymus-derived CD8-positive, alpha-beta T cell"": 1411, ""nasal mucosa goblet cell"": 1759, ""natural killer cell"": 127239, ""neuroendocrine cell"": 595, ""neutrophil"": 687, ""non-classical monocyte"": 22407, ""pancreatic ductal cell"": 1, ""pericyte"": 9601, ""peripheral nervous system neuron"": 93, ""plasma cell"": 35656, ""plasmablast"": 9, ""plasmacytoid dendritic cell"": 7289, ""plasmacytoid dendritic cell, human"": 116, ""precursor B cell"": 208, ""pro-B cell"": 615, ""pro-T cell"": 44, ""pulmonary alveolar epithelial cell"": 1300, ""pulmonary alveolar type 1 cell"": 31590, ""pulmonary alveolar type 2 cell"": 163353, ""pulmonary artery endothelial cell"": 6703, ""pulmonary interstitial fibroblast"": 35, ""pulmonary ionocyte"": 22, ""pulmonary neuroendocrine cell"": 1186, ""regulatory T cell"": 41571, ""respiratory basal cell"": 9058, ""respiratory tract hillock cell"": 388, ""respiratory tract suprabasal cell"": 11152, ""secondary crest myofibroblast"": 377, ""secretory cell"": 2203, ""serous secreting cell"": 1342, ""smooth muscle cell"": 4849, ""smooth muscle cell of the pulmonary artery"": 1199, ""stem cell"": 287, ""stromal cell"": 642, ""tracheobronchial goblet cell"": 12, ""tracheobronchial serous cell"": 803, ""tracheobronchial smooth muscle cell"": 9912, ""tuft cell"": 18, ""unknown"": 537148, ""vascular associated smooth muscle cell"": 2083, ""vein endothelial cell"": 39530, ""vein endothelial cell of respiratory system"": 3491}"
Homo sapiens,lung,10x 3' v3,"{""B cell"": 18295, ""CD14-positive monocyte"": 854, ""CD14-positive, CD16-negative classical monocyte"": 443, ""CD14-positive, CD16-positive monocyte"": 18, ""CD16-negative, CD56-bright natural killer cell, human"": 1389, ""CD16-positive, CD56-dim natural killer cell, human"": 9481, ""CD1c-positive myeloid dendritic cell"": 6146, ""CD4-positive helper T cell"": 4407, ""CD4-positive, CD25-positive, alpha-beta regulatory T cell"": 324, ""CD4-positive, alpha-beta T cell"": 38173, ""CD4-positive, alpha-beta memory T cell"": 2215, ""CD8-positive, alpha-beta T cell"": 40508, ""CD8-positive, alpha-beta cytotoxic T cell"": 493, ""CD8-positive, alpha-beta memory T cell"": 3060, ""CD8-positive, alpha-beta memory T cell, CD45RO-positive"": 510, ""IgA plasma cell"": 696, ""IgG plasma cell"": 519, ""M cell of gut"": 41, ""T cell"": 12313, ""T follicular helper cell"": 134, ""acinar cell"": 14, ""adventitial cell"": 6110, ""airway submucosal gland collecting duct epithelial cell"": 876, ""airway submucosal gland duct basal cell"": 542, ""alpha-beta T cell"": 404, ""alveolar adventitial fibroblast"": 10491, ""alveolar capillary type 1 endothelial cell"": 5198, ""alveolar capillary type 2 endothelial cell"": 1499, ""alveolar macrophage"": 129716, ""alveolar type 1 fibroblast cell"": 15597, ""basal cell"": 22553, ""basophil"": 3924, ""blood vessel endothelial cell"": 2817, ""blood vessel smooth muscle cell"": 200, ""bronchial goblet cell"": 117, ""bronchial smooth muscle cell"": 561, ""bronchus fibroblast of lung"": 4692, ""brush cell of tracheobronchial tree"": 152, ""capillary endothelial cell"": 36278, ""central memory CD4-positive, alpha-beta T cell"": 1105, ""central memory CD8-positive, alpha-beta T cell"": 101, ""chondrocyte"": 1405, ""ciliated cell"": 6349, ""ciliated epithelial cell"": 216, ""classical monocyte"": 27110, ""club cell"": 9971, ""colon epithelial cell"": 5, ""conventional dendritic cell"": 2027, ""dendritic cell"": 2673, ""dendritic cell, human"": 110, ""deuterosomal cell"": 72, ""effector CD4-positive, alpha-beta T cell"": 3902, ""effector CD8-positive, alpha-beta T cell"": 197, ""effector memory CD4-positive, alpha-beta T cell"": 2203, ""effector memory CD4-positive, alpha-beta T cell, terminally differentiated"": 35, ""effector memory CD8-positive, alpha-beta T cell"": 1719, ""effector memory CD8-positive, alpha-beta T cell, terminally differentiated"": 1673, ""elicited macrophage"": 9081, ""endothelial cell"": 5884, ""endothelial cell of artery"": 7344, ""endothelial cell of lymphatic vessel"": 3580, ""endothelial cell of respiratory system lymphatic vessel"": 770, ""enterocyte"": 154, ""enteroendocrine cell"": 65, ""enucleate erythrocyte"": 202, ""epithelial cell"": 26648, ""epithelial cell of lower respiratory tract"": 1605, ""epithelial cell of lung"": 6128, ""epithelial cell of pancreas"": 1, ""exhausted T cell"": 926, ""fibroblast"": 24806, ""fibroblast of lung"": 6868, ""gamma-delta T cell"": 1081, ""germinal center B cell"": 4, ""goblet cell"": 2188, ""group 1 innate lymphoid cell"": 79, ""group 3 innate lymphoid cell"": 156, ""helper T cell"": 810, ""hepatocyte"": 562, ""immature innate lymphoid cell"": 665, ""innate lymphoid cell"": 76, ""intermediate monocyte"": 8343, ""interstitial cell of Cajal"": 1, ""ionocyte"": 721, ""lung goblet cell"": 1757, ""lung interstitial macrophage"": 2075, ""lung macrophage"": 2752, ""lung megakaryocyte"": 10, ""lung multiciliated epithelial cell"": 5647, ""lung perichondrial fibroblast"": 328, ""lung pericyte"": 3313, ""lung resident memory CD4-positive, alpha-beta T cell"": 462, ""lung resident memory CD8-positive, alpha-beta T cell"": 2516, ""lung secretory cell"": 12651, ""lymphocyte"": 418, ""macrophage"": 99196, ""malignant cell"": 23286, ""mast cell"": 10514, ""mature NK T cell"": 512, ""mature alpha-beta T cell"": 3775, ""mature conventional dendritic cell"": 30, ""mature gamma-delta T cell"": 7, ""megakaryocyte"": 23, ""memory B cell"": 830, ""mesothelial cell"": 1323, ""mesothelial cell of pleura"": 3, ""mesothelial fibroblast"": 232, ""metallothionein-positive alveolar macrophage"": 86, ""monocyte"": 12901, ""mononuclear phagocyte"": 41, ""mucosal invariant T cell"": 592, ""mucus secreting cell"": 1315, ""mucus secreting cell of tracheobronchial tree submucosal gland"": 859, ""multiciliated columnar cell of tracheobronchial tree"": 10035, ""multiciliated epithelial cell"": 436, ""myelinating Schwann cell"": 6, ""myeloid cell"": 2418, ""myeloid dendritic cell"": 15, ""myoepithelial cell"": 1174, ""myofibroblast cell"": 1190, ""naive B cell"": 472, ""naive thymus-derived CD4-positive, alpha-beta T cell"": 2624, ""naive thymus-derived CD8-positive, alpha-beta T cell"": 121, ""nasal mucosa goblet cell"": 243, ""natural killer cell"": 23858, ""neuroendocrine cell"": 350, ""neuron"": 2018, ""neutrophil"": 4134, ""non-classical monocyte"": 6828, ""non-myelinating Schwann cell"": 118, ""pancreatic A cell"": 1, ""pericyte"": 4221, ""plasma cell"": 30884, ""plasmablast"": 118, ""plasmacytoid dendritic cell"": 931, ""progenitor cell"": 33, ""pulmonary alveolar epithelial cell"": 820, ""pulmonary alveolar type 1 cell"": 40908, ""pulmonary alveolar type 2 cell"": 123221, ""pulmonary artery endothelial cell"": 2631, ""pulmonary ionocyte"": 69, ""pulmonary neuroendocrine cell"": 160, ""regulatory T cell"": 8852, ""respiratory basal cell"": 3548, ""respiratory tract goblet cell"": 2934, ""respiratory tract hillock cell"": 67, ""respiratory tract suprabasal cell"": 9607, ""secondary crest myofibroblast"": 543, ""secretory cell"": 2735, ""serous cell of epithelium of bronchus"": 36, ""serous secreting cell"": 3006, ""serous secreting cell of bronchus submucosal gland"": 4988, ""smooth muscle cell"": 1020, ""smooth muscle cell of the pulmonary artery"": 788, ""squamous epithelial cell"": 221, ""stem cell"": 18760, ""stromal cell"": 115, ""tracheobronchial goblet cell"": 4, ""tracheobronchial serous cell"": 43, ""tracheobronchial smooth muscle cell"": 3279, ""tuft cell"": 2, ""unknown"": 134955, ""vascular associated smooth muscle cell"": 2232, ""vein endothelial cell"": 13216, ""vein endothelial cell of respiratory system"": 1041}"
Homo sapiens,lung,10x 5' transcription profiling,"{""B cell"": 865, ""CD14-low, CD16-positive monocyte"": 295, ""CD14-positive monocyte"": 1123, ""CD16-negative, CD56-bright natural killer cell, human"": 3674, ""CD16-positive, CD56-dim natural killer cell, human"": 4505, ""CD1c-positive myeloid dendritic cell"": 2988, ""CD22-positive, CD38-low small pre-B cell"": 276, ""CD4-positive, alpha-beta T cell"": 8104, ""CD8-positive, alpha-beta T cell"": 5074, ""T cell"": 628, ""acinar cell"": 1, ""alveolar adventitial fibroblast"": 1317, ""alveolar macrophage"": 10653, ""alveolar type 1 fibroblast cell"": 985, ""bronchial goblet cell"": 12, ""bronchus fibroblast of lung"": 222, ""brush cell of tracheobronchial tree"": 1, ""capillary endothelial cell"": 1523, ""ciliated cell"": 13, ""classical monocyte"": 3087, ""club cell"": 213, ""common myeloid progenitor"": 84, ""conventional dendritic cell"": 9856, ""dendritic cell"": 254, ""early lymphoid progenitor"": 312, ""early pro-B cell"": 233, ""elicited macrophage"": 7474, ""endothelial cell"": 50, ""endothelial cell of lymphatic vessel"": 766, ""epithelial cell of distal tubule"": 55, ""epithelial cell of lower respiratory tract"": 1701, ""erythroid lineage cell"": 15, ""fibroblast"": 114, ""fraction A pre-pro B cell"": 566, ""granulocyte"": 93, ""granulocyte monocyte progenitor cell"": 41, ""group 1 innate lymphoid cell"": 1227, ""group 2 innate lymphoid cell"": 2661, ""group 3 innate lymphoid cell, human"": 3058, ""hematopoietic multipotent progenitor cell"": 66, ""immature B cell"": 473, ""innate lymphoid cell"": 4684, ""ionocyte"": 24, ""large pre-B-II cell"": 1045, ""late pro-B cell"": 285, ""lung macrophage"": 283, ""lung pericyte"": 330, ""lung secretory cell"": 28, ""macrophage"": 4728, ""mast cell"": 946, ""mature B cell"": 3940, ""megakaryocyte"": 9, ""megakaryocyte progenitor cell"": 89, ""megakaryocyte-erythroid progenitor cell"": 262, ""mesothelial cell"": 177, ""monocyte"": 111, ""multiciliated columnar cell of tracheobronchial tree"": 13746, ""multiciliated epithelial cell"": 173, ""myelocyte"": 10, ""myofibroblast cell"": 76, ""nasal mucosa goblet cell"": 398, ""natural killer cell"": 8492, ""neutrophil"": 385, ""non-classical monocyte"": 1618, ""plasma cell"": 1365, ""plasmacytoid dendritic cell"": 1436, ""precursor B cell"": 208, ""pro-B cell"": 615, ""pro-T cell"": 44, ""pulmonary alveolar epithelial cell"": 2895, ""pulmonary alveolar type 1 cell"": 379, ""pulmonary alveolar type 2 cell"": 5670, ""pulmonary artery endothelial cell"": 837, ""pulmonary neuroendocrine cell"": 94, ""regulatory T cell"": 1442, ""respiratory basal cell"": 1031, ""respiratory tract epithelial cell"": 5601, ""respiratory tract hillock cell"": 11, ""smooth muscle cell"": 157, ""stromal cell"": 2, ""tracheobronchial smooth muscle cell"": 478, ""unknown"": 359613, ""vein endothelial cell"": 2554}"
Homo sapiens,lung,10x 5' v1,"{""B cell"": 4818, ""B-1a B cell"": 558, ""B-1b B cell"": 1110, ""CD14-low, CD16-positive monocyte"": 850, ""CD14-positive monocyte"": 2424, ""CD16-negative, CD56-bright natural killer cell, human"": 3008, ""CD16-positive, CD56-dim natural killer cell, human"": 4562, ""CD1c-positive myeloid dendritic cell"": 4491, ""CD22-positive, CD38-low small pre-B cell"": 1860, ""CD34-positive, CD56-positive, CD117-positive common innate lymphoid precursor, human"": 160, ""CD4-positive helper T cell"": 978, ""CD4-positive, alpha-beta T cell"": 26232, ""CD4-positive, alpha-beta memory T cell"": 638, ""CD8-positive, alpha-beta T cell"": 27450, ""CD8-positive, alpha-beta cytotoxic T cell"": 2940, ""CD8-positive, alpha-beta memory T cell"": 90, ""CD8-positive, alpha-beta memory T cell, CD45RO-positive"": 300, ""Schwann cell"": 278, ""Schwann cell precursor"": 384, ""T cell"": 1814, ""T follicular helper cell"": 20, ""T-helper 17 cell"": 334, ""acinar cell"": 182, ""adventitial fibroblast"": 146, ""alpha-beta T cell"": 86, ""alveolar adventitial fibroblast"": 2971, ""alveolar capillary type 1 endothelial cell"": 808, ""alveolar capillary type 2 endothelial cell"": 363, ""alveolar macrophage"": 56938, ""alveolar type 1 fibroblast cell"": 1735, ""basal cell"": 21190, ""basophil"": 14, ""bone marrow cell"": 72, ""bronchial goblet cell"": 96, ""bronchus fibroblast of lung"": 641, ""brush cell of tracheobronchial tree"": 16, ""capillary endothelial cell"": 15251, ""chondrocyte"": 206, ""ciliated cell"": 4265, ""classical monocyte"": 30030, ""club cell"": 12000, ""common myeloid progenitor"": 40, ""conventional dendritic cell"": 4151, ""dendritic cell"": 3939, ""dendritic cell, human"": 453, ""deuterosomal cell"": 71, ""early lymphoid progenitor"": 68, ""early pro-B cell"": 36, ""effector memory CD4-positive, alpha-beta T cell"": 374, ""effector memory CD8-positive, alpha-beta T cell, terminally differentiated"": 886, ""elicited macrophage"": 8238, ""endothelial cell"": 60, ""endothelial cell of arteriole"": 602, ""endothelial cell of artery"": 995, ""endothelial cell of lymphatic vessel"": 4677, ""endothelial cell of respiratory system lymphatic vessel"": 774, ""eosinophil"": 26, ""epithelial cell"": 2, ""epithelial cell of distal tubule"": 10, ""epithelial cell of lower respiratory tract"": 521, ""epithelial cell of lung"": 67146, ""erythroblast"": 246, ""erythrocyte"": 1797, ""erythroid lineage cell"": 40, ""fibroblast"": 320, ""fibroblast of lung"": 45735, ""fraction A pre-pro B cell"": 264, ""gamma-delta T cell"": 58, ""germinal center B cell"": 4, ""glandular secretory epithelial cell"": 7, ""goblet cell"": 57650, ""granulocyte"": 24, ""granulocyte monocyte progenitor cell"": 116, ""granzyme K-associated CD8 T cell"": 9, ""group 1 innate lymphoid cell"": 486, ""group 2 innate lymphoid cell"": 602, ""group 3 innate lymphoid cell"": 276, ""group 3 innate lymphoid cell, human"": 518, ""helper T cell"": 1119, ""hematopoietic cell"": 304, ""hematopoietic multipotent progenitor cell"": 100, ""hematopoietic stem cell"": 59, ""immature B cell"": 2004, ""immature Schwann cell"": 66, ""innate lymphoid cell"": 177, ""intestinal tuft cell"": 1, ""ionocyte"": 221, ""large pre-B-II cell"": 2050, ""late pro-B cell"": 1794, ""lung interstitial macrophage"": 849, ""lung macrophage"": 585, ""lung multiciliated epithelial cell"": 3305, ""lung pericyte"": 775, ""lung secretory cell"": 1455, ""lymphocyte"": 62, ""macrophage"": 34258, ""malignant cell"": 422, ""mast cell"": 3835, ""mature B cell"": 2026, ""mature NK T cell"": 270, ""mature conventional dendritic cell"": 11, ""megakaryocyte"": 230, ""megakaryocyte progenitor cell"": 72, ""megakaryocyte-erythroid progenitor cell"": 86, ""memory B cell"": 46, ""mesenchymal cell"": 648, ""mesothelial cell"": 894, ""mesothelial cell of pleura"": 67, ""monocyte"": 1566, ""mucosal invariant T cell"": 78, ""mucus secreting cell"": 413, ""multiciliated columnar cell of tracheobronchial tree"": 15597, ""multiciliated epithelial cell"": 4140, ""myelocyte"": 130, ""myeloid cell"": 205, ""myeloid dendritic cell, human"": 374, ""myofibroblast cell"": 1776, ""naive B cell"": 50, ""naive thymus-derived CD4-positive, alpha-beta T cell"": 70, ""naive thymus-derived CD8-positive, alpha-beta T cell"": 12, ""nasal mucosa goblet cell"": 3096, ""natural killer cell"": 15001, ""neural progenitor cell"": 30, ""neuroendocrine cell"": 41109, ""neuron"": 540, ""neutrophil"": 652, ""non-classical monocyte"": 7415, ""pericyte"": 4666, ""plasma cell"": 9055, ""plasmablast"": 4, ""plasmacytoid dendritic cell"": 2192, ""platelet"": 42, ""pre-B-I cell"": 1084, ""precursor B cell"": 2208, ""primitive red blood cell"": 610, ""pro-B cell"": 566, ""pro-T cell"": 28, ""progenitor cell"": 1, ""promonocyte"": 248, ""promyelocyte"": 72, ""pulmonary alveolar epithelial cell"": 21, ""pulmonary alveolar type 1 cell"": 4409, ""pulmonary alveolar type 2 cell"": 32030, ""pulmonary artery endothelial cell"": 3019, ""pulmonary capillary endothelial cell"": 1304, ""pulmonary interstitial fibroblast"": 16578, ""pulmonary neuroendocrine cell"": 2333, ""regulatory T cell"": 2982, ""respiratory basal cell"": 5363, ""respiratory tract epithelial cell"": 5453, ""respiratory tract hillock cell"": 110, ""respiratory tract suprabasal cell"": 14, ""reticulocyte"": 605, ""secondary crest myofibroblast"": 33, ""secretory cell"": 197, ""serous secreting cell"": 30, ""small pre-B-II cell"": 906, ""smooth muscle cell"": 1700, ""squamous epithelial cell"": 22, ""stem cell"": 11358, ""stromal cell"": 8, ""thymocyte"": 24, ""tracheobronchial goblet cell"": 68, ""tracheobronchial serous cell"": 405, ""tracheobronchial smooth muscle cell"": 6433, ""type I NK T cell"": 123, ""type II NK T cell"": 147, ""unknown"": 104121, ""vascular associated smooth muscle cell"": 1370, ""vein endothelial cell"": 7387, ""vein endothelial cell of respiratory system"": 913}"
Homo sapiens,lung,10x 5' v2,"{""B cell"": 2754, ""CD14-positive, CD16-negative classical monocyte"": 11634, ""CD14-positive, CD16-positive monocyte"": 514, ""CD16-negative, CD56-bright natural killer cell, human"": 2750, ""CD16-positive, CD56-dim natural killer cell, human"": 28444, ""CD4-positive helper T cell"": 36, ""CD4-positive, CD25-positive, alpha-beta regulatory T cell"": 3144, ""CD4-positive, alpha-beta memory T cell"": 4591, ""CD8-positive, alpha-beta T cell"": 3539, ""CD8-positive, alpha-beta cytotoxic T cell"": 12519, ""CD8-positive, alpha-beta memory T cell"": 4015, ""CD8-positive, alpha-beta memory T cell, CD45RO-positive"": 24, ""T follicular helper cell"": 4, ""adventitial fibroblast"": 5418, ""alpha-beta T cell"": 6, ""alveolar macrophage"": 16360, ""alveolar type 1 fibroblast cell"": 2638, ""basal cell"": 11567, ""central memory CD4-positive, alpha-beta T cell"": 4860, ""central memory CD8-positive, alpha-beta T cell"": 265, ""ciliated cell"": 81905, ""classical monocyte"": 45899, ""conventional dendritic cell"": 10226, ""dendritic cell"": 768, ""dendritic cell, human"": 2, ""effector memory CD4-positive, alpha-beta T cell"": 7836, ""effector memory CD4-positive, alpha-beta T cell, terminally differentiated"": 1437, ""effector memory CD8-positive, alpha-beta T cell"": 2205, ""effector memory CD8-positive, alpha-beta T cell, terminally differentiated"": 6783, ""endothelial cell of arteriole"": 7399, ""endothelial cell of respiratory system lymphatic vessel"": 3971, ""epithelial cell"": 25, ""epithelial cell of lung"": 4374, ""gamma-delta T cell"": 5601, ""germinal center B cell"": 29, ""germinal center T cell"": 1, ""granzyme K-associated CD8 T cell"": 336, ""group 1 innate lymphoid cell"": 193, ""group 3 innate lymphoid cell"": 358, ""helper T cell"": 7501, ""hematopoietic cell"": 5501, ""immature innate lymphoid cell"": 967, ""lung interstitial macrophage"": 8463, ""lung secretory cell"": 43562, ""macrophage"": 202857, ""mast cell"": 3995, ""mature alpha-beta T cell"": 2480, ""mature gamma-delta T cell"": 75, ""memory B cell"": 2588, ""mesothelial cell of pleura"": 2750, ""monocyte"": 11857, ""mucosal invariant T cell"": 831, ""myeloid dendritic cell, human"": 8804, ""myofibroblast cell"": 1623, ""naive B cell"": 1715, ""naive thymus-derived CD4-positive, alpha-beta T cell"": 1850, ""naive thymus-derived CD8-positive, alpha-beta T cell"": 1246, ""natural killer cell"": 8127, ""neutrophil"": 776, ""non-classical monocyte"": 6662, ""pericyte"": 1871, ""plasma cell"": 1725, ""plasmablast"": 687, ""plasmacytoid dendritic cell"": 847, ""progenitor cell"": 103, ""pulmonary alveolar type 1 cell"": 5348, ""pulmonary alveolar type 2 cell"": 43004, ""pulmonary capillary endothelial cell"": 6127, ""pulmonary neuroendocrine cell"": 242, ""regulatory T cell"": 12, ""secretory cell"": 1210, ""smooth muscle cell"": 1609, ""squamous epithelial cell"": 294, ""unknown"": 6, ""vein endothelial cell of respiratory system"": 16914}"
Homo sapiens,lung,BD Rhapsody Whole Transcriptome Analysis,"{""B cell"": 3941, ""CD1c-positive myeloid dendritic cell"": 2743, ""CD4-positive, alpha-beta T cell"": 22193, ""CD8-positive, alpha-beta T cell"": 22060, ""alveolar macrophage"": 16162, ""bronchus fibroblast of lung"": 130, ""capillary endothelial cell"": 49, ""classical monocyte"": 5807, ""club cell"": 258, ""conventional dendritic cell"": 181, ""dendritic cell"": 167, ""endothelial cell of lymphatic vessel"": 115, ""epithelial cell of lung"": 1878, ""fibroblast of lung"": 197, ""macrophage"": 10191, ""malignant cell"": 8884, ""mast cell"": 1312, ""mesothelial cell"": 86, ""multiciliated epithelial cell"": 801, ""myeloid cell"": 927, ""natural killer cell"": 14399, ""neutrophil"": 19525, ""non-classical monocyte"": 1643, ""pericyte"": 72, ""plasma cell"": 2173, ""plasmacytoid dendritic cell"": 758, ""pulmonary alveolar type 1 cell"": 199, ""pulmonary alveolar type 2 cell"": 840, ""pulmonary artery endothelial cell"": 170, ""regulatory T cell"": 5418, ""smooth muscle cell"": 45, ""vein endothelial cell"": 365}"
Homo sapiens,lung,Drop-seq,"{""B cell"": 1223, ""CD1c-positive myeloid dendritic cell"": 1402, ""CD4-positive, alpha-beta T cell"": 1334, ""CD8-positive, alpha-beta T cell"": 3205, ""T cell"": 31, ""acinar cell"": 18, ""alveolar adventitial fibroblast"": 341, ""alveolar macrophage"": 7682, ""alveolar type 1 fibroblast cell"": 713, ""bronchial goblet cell"": 7, ""bronchus fibroblast of lung"": 220, ""capillary endothelial cell"": 887, ""classical monocyte"": 4460, ""club cell"": 477, ""conventional dendritic cell"": 43, ""dendritic cell"": 47, ""elicited macrophage"": 305, ""endothelial cell of lymphatic vessel"": 770, ""epithelial cell of lower respiratory tract"": 106, ""epithelial cell of lung"": 662, ""fibroblast"": 6, ""fibroblast of lung"": 220, ""ionocyte"": 30, ""lung macrophage"": 20, ""lung pericyte"": 211, ""macrophage"": 338, ""malignant cell"": 442, ""mast cell"": 4315, ""mesothelial cell"": 98, ""mucus secreting cell"": 38, ""multiciliated columnar cell of tracheobronchial tree"": 5087, ""multiciliated epithelial cell"": 956, ""myeloid cell"": 98, ""myofibroblast cell"": 14, ""nasal mucosa goblet cell"": 324, ""natural killer cell"": 534, ""neutrophil"": 68, ""non-classical monocyte"": 431, ""pericyte"": 8, ""plasma cell"": 2054, ""plasmacytoid dendritic cell"": 167, ""pulmonary alveolar epithelial cell"": 2, ""pulmonary alveolar type 1 cell"": 1389, ""pulmonary alveolar type 2 cell"": 10790, ""pulmonary artery endothelial cell"": 111, ""pulmonary neuroendocrine cell"": 11, ""regulatory T cell"": 68, ""respiratory basal cell"": 7436, ""respiratory tract hillock cell"": 286, ""serous secreting cell"": 1, ""smooth muscle cell"": 40, ""stromal cell"": 6, ""tracheobronchial serous cell"": 15, ""tracheobronchial smooth muscle cell"": 284, ""unknown"": 18656, ""vein endothelial cell"": 2202}"
Homo sapiens,lung,GEXSCOPE technology,"{""B cell"": 1106, ""CD1c-positive myeloid dendritic cell"": 1430, ""CD4-positive, alpha-beta T cell"": 2060, ""CD8-positive, alpha-beta T cell"": 2498, ""alveolar macrophage"": 1098, ""bronchus fibroblast of lung"": 4916, ""capillary endothelial cell"": 58, ""classical monocyte"": 3656, ""club cell"": 520, ""conventional dendritic cell"": 92, ""dendritic cell"": 214, ""endothelial cell of lymphatic vessel"": 22, ""epithelial cell of lung"": 1884, ""fibroblast of lung"": 176, ""macrophage"": 14248, ""malignant cell"": 64892, ""mast cell"": 1252, ""mesothelial cell"": 12, ""multiciliated epithelial cell"": 1628, ""myeloid cell"": 1468, ""natural killer cell"": 414, ""neutrophil"": 2284, ""non-classical monocyte"": 68, ""pericyte"": 1250, ""plasma cell"": 4870, ""plasmacytoid dendritic cell"": 196, ""pulmonary alveolar type 1 cell"": 38, ""pulmonary alveolar type 2 cell"": 2374, ""pulmonary artery endothelial cell"": 4, ""regulatory T cell"": 944, ""smooth muscle cell"": 64, ""stromal cell"": 498, ""vein endothelial cell"": 1728}"
Homo sapiens,lung,Seq-Well,"{""B cell"": 17, ""CD1c-positive myeloid dendritic cell"": 80, ""CD4-positive, alpha-beta T cell"": 50, ""CD8-positive, alpha-beta T cell"": 2480, ""alveolar macrophage"": 2061, ""classical monocyte"": 177, ""club cell"": 19, ""dendritic cell"": 1, ""elicited macrophage"": 13, ""epithelial cell of lower respiratory tract"": 72, ""lung macrophage"": 1, ""mast cell"": 20, ""multiciliated columnar cell of tracheobronchial tree"": 400, ""multiciliated epithelial cell"": 1, ""nasal mucosa goblet cell"": 27, ""natural killer cell"": 95, ""non-classical monocyte"": 4, ""plasma cell"": 7, ""plasmacytoid dendritic cell"": 1, ""pulmonary alveolar epithelial cell"": 2, ""pulmonary alveolar type 1 cell"": 18, ""pulmonary alveolar type 2 cell"": 79, ""respiratory basal cell"": 12, ""unknown"": 2379}"
Homo sapiens,lung,Smart-seq2,"{""B cell"": 437, ""CD1c-positive myeloid dendritic cell"": 495, ""CD4-positive, alpha-beta T cell"": 8017, ""CD8-positive, alpha-beta T cell"": 8915, ""T cell"": 66, ""adventitial cell"": 921, ""alveolar adventitial fibroblast"": 300, ""alveolar macrophage"": 142, ""basal cell"": 586, ""basophil"": 42, ""bronchial smooth muscle cell"": 445, ""bronchus fibroblast of lung"": 438, ""capillary endothelial cell"": 5523, ""classical monocyte"": 1707, ""club cell"": 1535, ""conventional dendritic cell"": 16, ""dendritic cell"": 102, ""dendritic cell, human"": 10, ""effector memory CD4-positive, alpha-beta T cell"": 13, ""endothelial cell"": 1411, ""endothelial cell of artery"": 449, ""endothelial cell of lymphatic vessel"": 208, ""epithelial cell"": 1349, ""epithelial cell of lung"": 1906, ""fibroblast"": 1124, ""fibroblast of lung"": 1632, ""intermediate monocyte"": 18, ""lung goblet cell"": 233, ""lung multiciliated epithelial cell"": 923, ""lymphocyte"": 17, ""macrophage"": 1549, ""malignant cell"": 2646, ""mast cell"": 1007, ""mature NK T cell"": 52, ""megakaryocyte"": 3, ""mesothelial cell"": 18, ""mononuclear phagocyte"": 124, ""multiciliated epithelial cell"": 1634, ""myeloid cell"": 94, ""myeloid dendritic cell"": 84, ""myeloid leukocyte"": 46, ""myofibroblast cell"": 52, ""naive thymus-derived CD4-positive, alpha-beta T cell"": 19, ""naive thymus-derived CD8-positive, alpha-beta T cell"": 280, ""natural killer cell"": 4070, ""neutrophil"": 1044, ""non-classical monocyte"": 278, ""pericyte"": 2300, ""plasma cell"": 1206, ""plasmacytoid dendritic cell"": 171, ""plasmacytoid dendritic cell, human"": 9, ""pulmonary alveolar type 1 cell"": 1817, ""pulmonary alveolar type 2 cell"": 5631, ""pulmonary artery endothelial cell"": 124, ""pulmonary interstitial fibroblast"": 20, ""pulmonary ionocyte"": 8, ""pulmonary neuroendocrine cell"": 55, ""regulatory T cell"": 1408, ""respiratory basal cell"": 240, ""respiratory tract goblet cell"": 186, ""serous cell of epithelium of bronchus"": 9, ""smooth muscle cell"": 1154, ""stromal cell"": 20, ""vascular associated smooth muscle cell"": 179, ""vein endothelial cell"": 958}"
Homo sapiens,lung,inDrop,"{""B cell"": 14060, ""CD1c-positive myeloid dendritic cell"": 1268, ""CD4-positive, alpha-beta T cell"": 10422, ""CD8-positive, alpha-beta T cell"": 5122, ""T cell"": 13953, ""alveolar macrophage"": 2266, ""bronchus fibroblast of lung"": 482, ""capillary endothelial cell"": 66, ""classical monocyte"": 2960, ""club cell"": 26, ""conventional dendritic cell"": 92, ""dendritic cell"": 80, ""endothelial cell"": 517, ""endothelial cell of lymphatic vessel"": 22, ""epithelial cell"": 1359, ""epithelial cell of lung"": 854, ""fibroblast"": 893, ""fibroblast of lung"": 178, ""macrophage"": 4720, ""malignant cell"": 6845, ""mast cell"": 1715, ""megakaryocyte"": 146, ""mononuclear phagocyte"": 7739, ""multiciliated epithelial cell"": 104, ""myeloid cell"": 244, ""natural killer cell"": 692, ""neutrophil"": 14166, ""non-classical monocyte"": 26, ""pericyte"": 56, ""plasma cell"": 2682, ""plasmacytoid dendritic cell"": 745, ""pulmonary alveolar type 1 cell"": 32, ""pulmonary alveolar type 2 cell"": 728, ""pulmonary artery endothelial cell"": 72, ""regulatory T cell"": 1900, ""smooth muscle cell"": 54, ""stromal cell"": 4, ""vein endothelial cell"": 510}"
Homo sapiens,lung,microwell-seq,"{""B cell"": 36, ""T cell"": 1567, ""alternatively activated macrophage"": 5420, ""basal cell"": 236, ""cell of skeletal muscle"": 12, ""chondrocyte"": 67, ""cord blood hematopoietic stem cell"": 11, ""dendritic cell"": 795, ""embryonic stem cell"": 2, ""endocrine cell"": 7, ""endothelial cell"": 5982, ""enterocyte"": 2, ""epithelial cell"": 1413, ""epithelial cell of proximal tubule"": 1, ""erythroid lineage cell"": 18, ""erythroid progenitor cell"": 4, ""fibroblast"": 45, ""goblet cell"": 1, ""kidney loop of Henle epithelial cell"": 2, ""macrophage"": 1623, ""mast cell"": 671, ""mesenchymal stem cell"": 6628, ""mesothelial cell"": 30, ""monocyte"": 168, ""myeloid cell"": 2, ""neuron"": 32, ""neutrophil"": 3, ""plasma cell"": 313, ""primordial germ cell"": 21, ""professional antigen presenting cell"": 9, ""pulmonary alveolar type 2 cell"": 7402, ""renal intercalated cell"": 2, ""smooth muscle cell"": 851, ""stratified epithelial cell"": 107, ""stromal cell"": 213, ""ventricular cardiac muscle cell"": 2}"
Homo sapiens,lung,sci-RNA-seq3,"{""ciliated epithelial cell"": 3247, ""endothelial cell of lymphatic vessel"": 6797, ""endothelial cell of vascular tree"": 16553, ""epithelial cell of lower respiratory tract"": 126058, ""innate lymphoid cell"": 2827, ""megakaryocyte"": 379, ""mesothelial cell"": 1355, ""myeloid cell"": 3003, ""neuroendocrine cell"": 1870, ""squamous epithelial cell"": 352, ""stromal cell"": 108390, ""unknown"": 19, ""visceromotor neuron"": 317}"
Homo sapiens,lung epithelium,10x 5' v1,"{""basal cell"": 2, ""cycling pulmonary alveolar type 2 cell"": 1968, ""epithelial cell of lung"": 7559, ""fetal pre-type II pulmonary alveolar epithelial cell"": 2216, ""goblet cell"": 2, ""lung secretory cell"": 7, ""neuroendocrine cell"": 1, ""neuroendocrine cell of epithelium of lobar bronchus"": 1407, ""pulmonary alveolar type 1 cell"": 8367, ""pulmonary alveolar type 2 cell"": 25532, ""pulmonary neuroendocrine cell"": 172, ""respiratory basal cell"": 1142, ""stem cell"": 6}"
Homo sapiens,lung parenchyma,10x 3' v1,"{""B cell"": 171, ""CD1c-positive myeloid dendritic cell"": 58, ""CD4-positive, alpha-beta T cell"": 548, ""CD8-positive, alpha-beta T cell"": 656, ""NKp46-positive innate lymphoid cell, human"": 210, ""T cell"": 605, ""alveolar adventitial fibroblast"": 12, ""alveolar macrophage"": 1138, ""alveolar type 1 fibroblast cell"": 16, ""basal cell"": 10, ""bronchial goblet cell"": 2, ""capillary endothelial cell"": 60, ""classical monocyte"": 416, ""club cell"": 4, ""conventional dendritic cell"": 2, ""dendritic cell"": 42, ""elicited macrophage"": 1362, ""endothelial cell of artery"": 19, ""endothelial cell of lymphatic vessel"": 30, ""epithelial cell of lower respiratory tract"": 42, ""fibroblast"": 21, ""hematopoietic stem cell"": 2, ""lung macrophage"": 46, ""lung pericyte"": 2, ""macrophage"": 1273, ""mast cell"": 111, ""monocyte"": 262, ""multiciliated columnar cell of tracheobronchial tree"": 90, ""multiciliated epithelial cell"": 45, ""nasal mucosa goblet cell"": 2, ""natural killer cell"": 420, ""non-classical monocyte"": 108, ""plasma cell"": 12, ""pulmonary alveolar epithelial cell"": 12, ""pulmonary alveolar type 1 cell"": 24, ""pulmonary alveolar type 2 cell"": 681, ""pulmonary artery endothelial cell"": 38, ""respiratory basal cell"": 20, ""secretory cell"": 31, ""tracheobronchial smooth muscle cell"": 26, ""unknown"": 13, ""vein endothelial cell"": 120}"
Homo sapiens,lung parenchyma,10x 3' v2,"{""B cell"": 6857, ""CD16-negative, CD56-bright natural killer cell, human"": 572, ""CD16-positive, CD56-dim natural killer cell, human"": 10819, ""CD1c-positive myeloid dendritic cell"": 6384, ""CD4-positive, alpha-beta T cell"": 24581, ""CD8-positive, alpha-beta T cell"": 17248, ""CD8-positive, alpha-beta cytotoxic T cell"": 5755, ""NKp46-positive innate lymphoid cell, human"": 10458, ""T cell"": 17732, ""T follicular helper cell"": 6, ""alveolar adventitial fibroblast"": 5554, ""alveolar capillary type 2 endothelial cell"": 208, ""alveolar macrophage"": 70582, ""alveolar type 1 fibroblast cell"": 4048, ""basal cell"": 455, ""blood vessel endothelial cell"": 2694, ""bronchial goblet cell"": 32, ""bronchus fibroblast of lung"": 144, ""capillary endothelial cell"": 34470, ""central memory CD4-positive, alpha-beta T cell"": 674, ""classical monocyte"": 18083, ""club cell"": 490, ""conventional dendritic cell"": 875, ""dendritic cell"": 5678, ""dendritic cell, human"": 88, ""effector memory CD4-positive, alpha-beta T cell"": 5673, ""effector memory CD8-positive, alpha-beta T cell"": 2275, ""effector memory CD8-positive, alpha-beta T cell, terminally differentiated"": 3182, ""elicited macrophage"": 19566, ""endothelial cell of artery"": 2405, ""endothelial cell of lymphatic vessel"": 4073, ""epithelial cell of lower respiratory tract"": 1982, ""fibroblast"": 14043, ""fibroblast of lung"": 994, ""fibrocyte"": 45, ""hematopoietic stem cell"": 84, ""ionocyte"": 10, ""lung macrophage"": 8075, ""lung multiciliated epithelial cell"": 924, ""lung pericyte"": 1690, ""macrophage"": 50183, ""mast cell"": 16995, ""memory B cell"": 929, ""mesothelial cell"": 140, ""monocyte"": 15220, ""mononuclear leukocyte"": 242, ""multiciliated columnar cell of tracheobronchial tree"": 4304, ""multiciliated epithelial cell"": 2218, ""muscle cell"": 868, ""myofibroblast cell"": 1470, ""naive B cell"": 620, ""nasal mucosa goblet cell"": 46, ""natural killer cell"": 31573, ""non-classical monocyte"": 4476, ""pericyte"": 50, ""plasma cell"": 2006, ""plasmablast"": 28, ""plasmacytoid dendritic cell"": 310, ""pulmonary alveolar epithelial cell"": 6542, ""pulmonary alveolar type 1 cell"": 5761, ""pulmonary alveolar type 2 cell"": 97924, ""pulmonary artery endothelial cell"": 4094, ""pulmonary neuroendocrine cell"": 20, ""regulatory T cell"": 1212, ""respiratory basal cell"": 676, ""respiratory tract hillock cell"": 30, ""secretory cell"": 1747, ""smooth muscle cell"": 310, ""smooth muscle cell of the pulmonary artery"": 719, ""stromal cell"": 90, ""tracheobronchial goblet cell"": 10, ""tracheobronchial smooth muscle cell"": 2381, ""unknown"": 1193, ""vein endothelial cell"": 9782}"
Homo sapiens,lung parenchyma,10x 3' v3,"{""B cell"": 1502, ""CD1c-positive myeloid dendritic cell"": 1222, ""CD4-positive, alpha-beta T cell"": 12170, ""CD8-positive, alpha-beta T cell"": 4722, ""NKp46-positive innate lymphoid cell, human"": 31, ""T cell"": 418, ""alveolar adventitial fibroblast"": 11024, ""alveolar macrophage"": 44825, ""alveolar type 1 fibroblast cell"": 4539, ""basal cell"": 13, ""bronchial goblet cell"": 2, ""bronchus fibroblast of lung"": 143, ""capillary endothelial cell"": 15285, ""classical monocyte"": 5252, ""club cell"": 558, ""conventional dendritic cell"": 2830, ""dendritic cell"": 649, ""elicited macrophage"": 5008, ""endothelial cell"": 912, ""endothelial cell of artery"": 697, ""endothelial cell of lymphatic vessel"": 2901, ""epithelial cell of lower respiratory tract"": 1195, ""fibroblast"": 10969, ""fibrocyte"": 2, ""hematopoietic stem cell"": 2, ""leukocyte"": 376, ""lung macrophage"": 4377, ""lung multiciliated epithelial cell"": 1950, ""lung pericyte"": 2256, ""macrophage"": 31225, ""mast cell"": 2845, ""monocyte"": 6592, ""multiciliated columnar cell of tracheobronchial tree"": 2276, ""multiciliated epithelial cell"": 1007, ""myofibroblast cell"": 530, ""nasal mucosa goblet cell"": 13, ""natural killer cell"": 8824, ""neutrophil"": 521, ""non-classical monocyte"": 2099, ""plasma cell"": 665, ""plasmacytoid dendritic cell"": 6, ""pulmonary alveolar epithelial cell"": 122, ""pulmonary alveolar type 1 cell"": 5852, ""pulmonary alveolar type 2 cell"": 30932, ""pulmonary artery endothelial cell"": 1764, ""respiratory basal cell"": 115, ""secretory cell"": 593, ""smooth muscle cell"": 1869, ""stromal cell"": 18, ""tracheobronchial goblet cell"": 2, ""tracheobronchial smooth muscle cell"": 1085, ""unknown"": 5448, ""vein endothelial cell"": 6696}"
Homo sapiens,lung parenchyma,10x 5' v1,"{""B cell"": 2304, ""CD1c-positive myeloid dendritic cell"": 3424, ""CD4-positive, alpha-beta T cell"": 12900, ""CD8-positive, alpha-beta T cell"": 11748, ""NKp46-positive innate lymphoid cell, human"": 4137, ""T cell"": 13221, ""acinar cell"": 4, ""alveolar adventitial fibroblast"": 2996, ""alveolar macrophage"": 33508, ""alveolar type 1 fibroblast cell"": 1622, ""basal cell"": 263, ""bronchial goblet cell"": 114, ""bronchus fibroblast of lung"": 300, ""brush cell of tracheobronchial tree"": 6, ""capillary endothelial cell"": 22080, ""classical monocyte"": 10282, ""club cell"": 1626, ""conventional dendritic cell"": 144, ""dendritic cell"": 2074, ""elicited macrophage"": 23392, ""endothelial cell of artery"": 4072, ""endothelial cell of lymphatic vessel"": 7119, ""epithelial cell of lower respiratory tract"": 4834, ""fibroblast"": 3111, ""fibrocyte"": 10, ""hematopoietic stem cell"": 26, ""ionocyte"": 58, ""lung macrophage"": 2136, ""lung pericyte"": 956, ""lung secretory cell"": 3, ""macrophage"": 29518, ""mast cell"": 2469, ""mesothelial cell"": 326, ""monocyte"": 10185, ""mucus secreting cell"": 2, ""multiciliated columnar cell of tracheobronchial tree"": 13862, ""multiciliated epithelial cell"": 7519, ""myofibroblast cell"": 366, ""nasal mucosa goblet cell"": 176, ""natural killer cell"": 8274, ""non-classical monocyte"": 10088, ""plasma cell"": 900, ""plasmacytoid dendritic cell"": 106, ""pulmonary alveolar epithelial cell"": 1100, ""pulmonary alveolar type 1 cell"": 13218, ""pulmonary alveolar type 2 cell"": 61673, ""pulmonary artery endothelial cell"": 8144, ""pulmonary neuroendocrine cell"": 18, ""respiratory basal cell"": 522, ""respiratory tract hillock cell"": 4, ""secretory cell"": 4139, ""smooth muscle cell"": 74, ""stromal cell"": 20, ""tracheobronchial goblet cell"": 12, ""tracheobronchial smooth muscle cell"": 1105, ""unknown"": 738, ""vein endothelial cell"": 10803}"
Homo sapiens,lung parenchyma,10x 5' v2,"{""B cell"": 2, ""CD1c-positive myeloid dendritic cell"": 194, ""CD4-positive, alpha-beta T cell"": 10, ""CD8-positive, alpha-beta T cell"": 36, ""NKp46-positive innate lymphoid cell, human"": 42, ""T cell"": 26, ""alveolar adventitial fibroblast"": 38, ""alveolar macrophage"": 322, ""alveolar type 1 fibroblast cell"": 30, ""basal cell"": 2, ""capillary endothelial cell"": 30, ""classical monocyte"": 1790, ""conventional dendritic cell"": 4, ""dendritic cell"": 131, ""elicited macrophage"": 3006, ""endothelial cell of artery"": 31, ""endothelial cell of lymphatic vessel"": 69, ""epithelial cell of lower respiratory tract"": 40, ""fibroblast"": 34, ""lung macrophage"": 148, ""macrophage"": 1738, ""mast cell"": 270, ""mesothelial cell"": 2, ""monocyte"": 1102, ""multiciliated columnar cell of tracheobronchial tree"": 118, ""multiciliated epithelial cell"": 62, ""natural killer cell"": 84, ""non-classical monocyte"": 414, ""plasma cell"": 4, ""plasmacytoid dendritic cell"": 4, ""pulmonary alveolar epithelial cell"": 10, ""pulmonary alveolar type 1 cell"": 90, ""pulmonary alveolar type 2 cell"": 1766, ""pulmonary artery endothelial cell"": 62, ""respiratory basal cell"": 4, ""secretory cell"": 41, ""tracheobronchial smooth muscle cell"": 4, ""unknown"": 3, ""vein endothelial cell"": 75}"
Homo sapiens,lung parenchyma,10x gene expression flex,"{""CD4-positive, alpha-beta memory T cell"": 2053, ""activated CD8-positive, alpha-beta T cell"": 1226, ""capillary endothelial cell"": 654, ""classical monocyte"": 1343, ""conventional dendritic cell"": 233, ""cytotoxic T cell"": 3567, ""dendritic cell, human"": 284, ""epithelial cell of lung"": 648, ""fibroblast of lung"": 2445, ""granulocyte"": 184, ""macrophage"": 4611, ""malignant cell"": 2928, ""mast cell"": 439, ""natural T-regulatory cell"": 3531, ""natural killer cell"": 1021, ""pericyte"": 201, ""plasma cell"": 7598, ""plasmacytoid dendritic cell"": 1517, ""smooth muscle cell"": 1471}"
Homo sapiens,lymph node,10x 3' v2,"{""B cell"": 27735, ""CD1c-positive myeloid dendritic cell"": 892, ""CD4-positive helper T cell"": 385, ""CD4-positive, alpha-beta T cell"": 37947, ""CD8-positive, alpha-beta T cell"": 11537, ""CD8-positive, alpha-beta memory T cell"": 366, ""IgG plasma cell"": 1, ""T cell"": 1624, ""activated CD4-positive, alpha-beta T cell"": 1, ""alveolar macrophage"": 132, ""basal cell"": 14, ""bronchus fibroblast of lung"": 38, ""capillary endothelial cell"": 77, ""central memory CD4-positive, alpha-beta T cell"": 1, ""ciliated epithelial cell"": 78, ""classical monocyte"": 2078, ""club cell"": 16, ""conventional dendritic cell"": 298, ""dendritic cell"": 428, ""effector CD8-positive, alpha-beta T cell"": 316, ""effector memory CD8-positive, alpha-beta T cell"": 1, ""endothelial cell"": 315, ""endothelial cell of artery"": 99, ""endothelial cell of lymphatic vessel"": 650, ""epithelial cell"": 10025, ""epithelial cell of lung"": 178, ""exhausted T cell"": 4, ""fibroblast"": 28, ""fibroblast of lung"": 54, ""gamma-delta T cell"": 26, ""germinal center B cell"": 1, ""glial cell"": 1, ""goblet cell"": 86, ""hepatocyte"": 2, ""macrophage"": 6039, ""malignant cell"": 3594, ""mast cell"": 170, ""memory B cell"": 4, ""monocyte"": 142, ""multiciliated epithelial cell"": 64, ""myeloid cell"": 1227, ""naive B cell"": 3, ""natural killer cell"": 4012, ""neutrophil"": 2074, ""non-classical monocyte"": 58, ""pericyte"": 13, ""plasma cell"": 1795, ""plasmacytoid dendritic cell"": 578, ""pulmonary alveolar type 1 cell"": 2, ""pulmonary alveolar type 2 cell"": 2, ""regulatory T cell"": 5144, ""reticular cell"": 3, ""smooth muscle cell"": 16, ""stromal cell"": 311, ""vein endothelial cell"": 137}"
Homo sapiens,lymph node,10x 3' v3,"{""B cell"": 94556, ""CD4-positive helper T cell"": 217, ""CD4-positive, alpha-beta T cell"": 72997, ""CD8-positive, alpha-beta T cell"": 27660, ""CD8-positive, alpha-beta memory T cell"": 196, ""Schwann cell"": 81, ""T cell"": 11650, ""basal cell"": 6, ""ciliated epithelial cell"": 16, ""classical monocyte"": 1403, ""conventional dendritic cell"": 39, ""cortical cell of adrenal gland"": 2, ""dendritic cell"": 412, ""effector CD8-positive, alpha-beta T cell"": 14, ""endothelial cell"": 1278, ""epithelial cell"": 35374, ""erythrocyte"": 63, ""exhausted T cell"": 18, ""fallopian tube secretory epithelial cell"": 1864, ""fibroblast"": 796, ""gamma-delta T cell"": 2, ""goblet cell"": 16, ""hematopoietic precursor cell"": 33, ""hepatocyte"": 2, ""innate lymphoid cell"": 3, ""intermediate monocyte"": 648, ""ionocyte"": 18, ""kidney cell"": 55, ""macrophage"": 4047, ""mast cell"": 563, ""mature NK T cell"": 2265, ""monocyte"": 2261, ""myeloid cell"": 226, ""myeloid dendritic cell"": 246, ""naive thymus-derived CD4-positive, alpha-beta T cell"": 7038, ""natural killer cell"": 3717, ""neuroblast (sensu Vertebrata)"": 33667, ""neutrophil"": 695, ""non-classical monocyte"": 147, ""plasma cell"": 10640, ""plasmacytoid dendritic cell"": 51, ""regulatory T cell"": 1499, ""stromal cell"": 195}"
Homo sapiens,lymph node,10x 5' v1,"{""B cell"": 10049, ""CD4-positive, alpha-beta T cell"": 834, ""CD4-positive, alpha-beta cytotoxic T cell"": 1263, ""CD8-positive, alpha-beta T cell"": 724, ""T cell"": 3603, ""T follicular helper cell"": 5395, ""effector CD8-positive, alpha-beta T cell"": 2912, ""erythrocyte"": 227, ""exhausted T cell"": 2347, ""follicular dendritic cell"": 111, ""malignant cell"": 89203, ""mature NK T cell"": 840, ""myeloid cell"": 1153, ""naive thymus-derived CD4-positive, alpha-beta T cell"": 9438, ""naive thymus-derived CD8-positive, alpha-beta T cell"": 1441, ""plasma cell"": 358, ""plasmacytoid dendritic cell"": 563, ""regulatory T cell"": 6686}"
Homo sapiens,lymph node,10x 5' v2,"{""B cell"": 23047, ""CD14-positive monocyte"": 23, ""CD14-positive, CD16-positive monocyte"": 31, ""CD4-positive, alpha-beta T cell"": 22335, ""CD8-positive, alpha-beta T cell"": 11031, ""T cell"": 84, ""abnormal cell"": 2223, ""activated CD4-positive, alpha-beta T cell, human"": 6, ""classical monocyte"": 315, ""conventional dendritic cell"": 244, ""effector CD4-positive, alpha-beta T cell"": 4, ""endothelial cell"": 173, ""erythrocyte"": 3, ""intermediate monocyte"": 102, ""macrophage"": 1857, ""mast cell"": 18, ""mature NK T cell"": 441, ""monocyte"": 429, ""myeloid dendritic cell"": 45, ""myofibroblast cell"": 1154, ""naive T cell"": 1, ""naive thymus-derived CD4-positive, alpha-beta T cell"": 2271, ""naive thymus-derived CD8-positive, alpha-beta T cell"": 6, ""natural killer cell"": 813, ""neutrophil"": 132, ""non-classical monocyte"": 42, ""plasma cell"": 6633, ""regulatory T cell"": 1249, ""stromal cell"": 129, ""unknown"": 76}"
Homo sapiens,lymph node,10x multiome,"{""CD4-positive, alpha-beta T cell"": 97256, ""CD8-positive, alpha-beta T cell"": 141158, ""T follicular helper cell"": 15755, ""adipocyte"": 3305, ""conventional dendritic cell"": 7695, ""dendritic cell"": 3276, ""endothelial cell"": 46561, ""endothelial cell of lymphatic vessel"": 7657, ""fibroblast"": 66889, ""follicular dendritic cell"": 8849, ""macrophage"": 125268, ""monocyte"": 11105, ""monocyte-derived dendritic cell"": 386, ""natural killer cell"": 6064, ""pericyte"": 8430, ""plasmacytoid dendritic cell"": 7450, ""regulatory T cell"": 35895, ""smooth muscle cell"": 5290}"
Homo sapiens,lymph node,Smart-seq2,"{""B cell"": 1645, ""CD1c-positive myeloid dendritic cell"": 290, ""CD4-positive, alpha-beta T cell"": 957, ""CD4-positive, alpha-beta thymocyte"": 237, ""CD8-positive, alpha-beta T cell"": 679, ""CD8-positive, alpha-beta thymocyte"": 111, ""alveolar macrophage"": 20, ""bronchus fibroblast of lung"": 34, ""capillary endothelial cell"": 22, ""classical monocyte"": 471, ""club cell"": 4, ""conventional dendritic cell"": 10, ""dendritic cell"": 90, ""endothelial cell"": 12, ""endothelial cell of lymphatic vessel"": 24, ""epithelial cell of lung"": 34, ""erythrocyte"": 9, ""fibroblast of lung"": 62, ""innate lymphoid cell"": 549, ""intermediate monocyte"": 3, ""macrophage"": 1759, ""malignant cell"": 1950, ""mast cell"": 131, ""multiciliated epithelial cell"": 16, ""myeloid cell"": 134, ""myeloid dendritic cell"": 21, ""naive thymus-derived CD4-positive, alpha-beta T cell"": 459, ""natural killer cell"": 112, ""neutrophil"": 578, ""non-classical monocyte"": 8, ""pericyte"": 88, ""plasma cell"": 941, ""plasmacytoid dendritic cell"": 246, ""pulmonary alveolar type 2 cell"": 26, ""pulmonary artery endothelial cell"": 4, ""regulatory T cell"": 177, ""smooth muscle cell"": 34, ""stromal cell"": 4, ""vein endothelial cell"": 306}"
Homo sapiens,macula lutea,10x 3' v3,"{""B cell"": 80, ""GABAergic amacrine cell"": 324100, ""H1 horizontal cell"": 22125, ""H2 horizontal cell"": 3935, ""Mueller cell"": 54335, ""OFF midget ganglion cell"": 494572, ""OFF parasol ganglion cell"": 24427, ""OFFx cell"": 2702, ""ON midget ganglion cell"": 371645, ""ON parasol ganglion cell"": 21502, ""ON-blue cone bipolar cell"": 1156, ""S cone cell"": 2246, ""Schwann cell"": 294, ""T cell"": 594, ""amacrine cell"": 30495, ""astrocyte"": 7942, ""diffuse bipolar 1 cell"": 18374, ""diffuse bipolar 2 cell"": 25180, ""diffuse bipolar 3a cell"": 13816, ""diffuse bipolar 3b cell"": 12480, ""diffuse bipolar 4 cell"": 20496, ""diffuse bipolar 6 cell"": 5534, ""endothelial cell"": 512, ""fibroblast"": 409, ""flat midget bipolar cell"": 53438, ""giant bipolar cell"": 10442, ""glycinergic amacrine cell"": 51216, ""invaginating midget bipolar cell"": 60938, ""macroglial cell"": 2513, ""macrophage"": 985, ""melanocyte"": 493, ""microglial cell"": 1494, ""natural killer cell"": 225, ""pericyte"": 22, ""retina horizontal cell"": 114, ""retinal bipolar neuron"": 18693, ""retinal blood vessel endothelial cell"": 38, ""retinal cone cell"": 27083, ""retinal ganglion cell"": 50242, ""retinal pigment epithelial cell"": 632, ""retinal rod cell"": 266379, ""rod bipolar cell"": 60150, ""starburst amacrine cell"": 9632, ""vascular associated smooth muscle cell"": 13}"
Homo sapiens,macula lutea,10x multiome,"{""GABAergic amacrine cell"": 9338, ""H1 horizontal cell"": 403, ""H2 horizontal cell"": 539, ""Mueller cell"": 5059, ""OFF parasol ganglion cell"": 253, ""OFFx cell"": 375, ""ON parasol ganglion cell"": 1393, ""ON-bipolar cell"": 827, ""S cone cell"": 209, ""amacrine cell"": 5793, ""diffuse bipolar 1 cell"": 1280, ""diffuse bipolar 2 cell"": 1958, ""diffuse bipolar 3a cell"": 995, ""diffuse bipolar 3b cell"": 1764, ""diffuse bipolar 4 cell"": 290, ""diffuse bipolar 6 cell"": 346, ""flat midget bipolar cell"": 3794, ""glycinergic amacrine cell"": 2261, ""invaginating midget bipolar cell"": 1323, ""midget ganglion cell of retina"": 10167, ""retina horizontal cell"": 4102, ""retinal bipolar neuron"": 2400, ""retinal cone cell"": 4539, ""retinal ganglion cell"": 14181, ""retinal progenitor cell"": 29092, ""retinal rod cell"": 14880, ""rod bipolar cell"": 990, ""starburst amacrine cell"": 560}"
Homo sapiens,macula lutea proper,10x 3' v3,"{""GABAergic amacrine cell"": 11237, ""H1 horizontal cell"": 2388, ""H2 horizontal cell"": 475, ""Mueller cell"": 6993, ""OFF midget ganglion cell"": 23035, ""OFF parasol ganglion cell"": 42, ""OFF-bipolar cell"": 7395, ""OFFx cell"": 346, ""ON midget ganglion cell"": 16616, ""ON parasol ganglion cell"": 117, ""ON-bipolar cell"": 9604, ""ON-blue cone bipolar cell"": 72, ""S cone cell"": 154, ""amacrine cell"": 5053, ""astrocyte"": 444, ""diffuse bipolar 1 cell"": 2602, ""diffuse bipolar 2 cell"": 3856, ""diffuse bipolar 3a cell"": 1703, ""diffuse bipolar 3b cell"": 2004, ""diffuse bipolar 4 cell"": 2734, ""diffuse bipolar 6 cell"": 685, ""flat midget bipolar cell"": 6873, ""giant bipolar cell"": 1276, ""glial cell"": 3254, ""glycinergic amacrine cell"": 5795, ""invaginating midget bipolar cell"": 6811, ""microglial cell"": 96, ""retina horizontal cell"": 1678, ""retinal bipolar neuron"": 19573, ""retinal cone cell"": 8991, ""retinal ganglion cell"": 2162, ""retinal pigment epithelial cell"": 16, ""retinal rod cell"": 95445, ""rod bipolar cell"": 7962, ""starburst amacrine cell"": 583}"
Homo sapiens,mammary gland,10x 3' v3,"{""B cell"": 39, ""CD4-positive, alpha-beta T cell"": 1968, ""CD8-positive, alpha-beta T cell"": 7620, ""T cell"": 621, ""basal cell"": 5439, ""basophil"": 36, ""endothelial cell"": 4539, ""fibroblast of breast"": 15543, ""luminal epithelial cell of mammary gland"": 45996, ""macrophage"": 2028, ""mast cell"": 111, ""mature NK T cell"": 42, ""natural killer cell"": 18, ""plasma cell"": 879, ""progenitor cell of mammary luminal epithelium"": 5082, ""regulatory T cell"": 6, ""vascular associated smooth muscle cell"": 1674}"
Homo sapiens,mammary gland,Smart-seq2,"{""B cell"": 6, ""CD4-positive, alpha-beta T cell"": 75, ""CD8-positive, alpha-beta T cell"": 339, ""T cell"": 48, ""basal cell"": 18, ""endothelial cell"": 63, ""fibroblast of breast"": 267, ""luminal epithelial cell of mammary gland"": 300, ""macrophage"": 27, ""vascular associated smooth muscle cell"": 24}"
Homo sapiens,mammary gland connective tissue,10x 3' v2,"{""B cell"": 1245, ""CD4-positive, alpha-beta T cell"": 2003, ""CD8-positive, alpha-beta cytotoxic T cell"": 3691, ""T cell"": 1543, ""T follicular helper cell"": 175, ""basal-myoepithelial cell of mammary gland"": 4709, ""endothelial cell"": 610, ""fibroblast of breast"": 1409, ""luminal epithelial cell of mammary gland"": 277, ""mature NK T cell"": 164, ""myeloid cell"": 4606, ""myoepithelial cell"": 212, ""natural killer cell"": 358, ""perivascular cell"": 320, ""plasma cell"": 1955, ""regulatory T cell"": 994}"
Homo sapiens,medial ganglionic eminence,10x 3' v2,"{""microglial cell"": 2, ""neural cell"": 3404, ""oligodendrocyte precursor cell"": 20, ""unknown"": 11}"
Homo sapiens,medial ganglionic eminence,Drop-seq,"{""GABAergic neuron"": 12185, ""glial cell"": 1022, ""glutamatergic neuron"": 8806, ""neural progenitor cell"": 3614}"
Homo sapiens,medial globus pallidus,10x 3' v3,"{""GABAergic neuron"": 388, ""astrocyte"": 21055, ""central nervous system macrophage"": 27778, ""central nervous system neuron"": 6084, ""endothelial cell"": 997, ""ependymal cell"": 198, ""glutamatergic neuron"": 455, ""leukocyte"": 433, ""mural cell"": 1957, ""oligodendrocyte"": 300777, ""oligodendrocyte precursor cell"": 25465}"
Homo sapiens,medial orbital frontal cortex,10x 3' v3,"{""L2/3 intratelencephalic projecting glutamatergic neuron"": 5425, ""L4 intratelencephalic projecting glutamatergic neuron"": 3978, ""L5/6 near-projecting glutamatergic neuron"": 1186, ""VIP GABAergic cortical interneuron"": 1964, ""astrocyte"": 5632, ""cerebral cortex GABAergic interneuron"": 595, ""cerebral cortex neuron"": 2060, ""endothelial cell"": 289, ""microglial cell"": 1949, ""oligodendrocyte"": 10259, ""oligodendrocyte precursor cell"": 2671, ""pvalb GABAergic cortical interneuron"": 1274, ""sst GABAergic cortical interneuron"": 935}"
Homo sapiens,medulla oblongata,10x 3' v2,"{""cell"": 691, ""erythrocyte"": 892, ""fibroblast"": 1828, ""glioblast"": 42600, ""macrophage"": 878, ""neural crest cell"": 260, ""neuroblast (sensu Nematoda and Protostomia)"": 5229, ""neuroblast (sensu Vertebrata)"": 82320, ""neuron"": 102435, ""neuroplacodal cell"": 624, ""oligodendrocyte"": 2376, ""radial glial cell"": 85800}"
Homo sapiens,medulla oblongata,10x 3' v3,"{""cell"": 470, ""erythrocyte"": 360, ""fibroblast"": 1076, ""glioblast"": 16612, ""macrophage"": 638, ""neural crest cell"": 154, ""neuroblast (sensu Nematoda and Protostomia)"": 615, ""neuroblast (sensu Vertebrata)"": 17436, ""neuron"": 12567, ""neuroplacodal cell"": 12, ""oligodendrocyte"": 2220, ""radial glial cell"": 15225}"
Homo sapiens,medulla oblongata,10x multiome,"{""GABAergic neuron"": 4, ""Purkinje cell"": 6, ""Schwann cell"": 26, ""committed oligodendrocyte precursor"": 76, ""dopaminergic neuron"": 4, ""endothelial cell"": 202, ""glioblast"": 4742, ""glutamatergic neuron"": 1026, ""glycinergic neuron"": 708, ""immature T cell"": 10, ""leukocyte"": 84, ""microglial cell"": 200, ""neural progenitor cell"": 150, ""neuron"": 2, ""oligodendrocyte"": 306, ""oligodendrocyte precursor cell"": 390, ""pericyte"": 244, ""perivascular macrophage"": 30, ""progenitor cell"": 90, ""radial glial cell"": 16, ""sensory neuron of dorsal root ganglion"": 2, ""serotonergic neuron"": 2, ""unknown"": 156, ""vascular associated smooth muscle cell"": 2, ""vascular leptomeningeal cell"": 304}"
Homo sapiens,meninx,10x 3' v3,"{""B cell"": 50, ""Schwann cell"": 1262, ""Schwann cell precursor"": 4056, ""arachnoid barrier cell"": 1116, ""capillary endothelial cell"": 4088, ""chondrocyte"": 886, ""choroid plexus epithelial cell"": 10570, ""choroid plexus macrophage"": 104, ""common myeloid progenitor"": 30, ""dendritic cell"": 520, ""embryonic blood vessel endothelial progenitor cell"": 1912, ""endothelial cell"": 764, ""endothelial cell of arteriole"": 834, ""endothelial cell of artery"": 1344, ""epithelial cell"": 5674, ""erythroblast"": 27534, ""erythroid progenitor cell"": 12382, ""fibroblast"": 5944, ""fibroblast of choroid plexus"": 3506, ""fibrocyte"": 72, ""forebrain neuroblast"": 162, ""forebrain radial glial cell"": 934, ""glioblast (sensu Vertebrata)"": 788, ""innate lymphoid cell"": 108, ""interneuron"": 374, ""leptomeningeal cell"": 52410, ""mast cell"": 136, ""mechanoreceptor cell"": 108, ""megakaryocyte"": 154, ""meningeal macrophage"": 2072, ""mesenchymal cell"": 34742, ""mesenchyme condensation cell"": 4614, ""mesothelial cell of dura mater"": 2234, ""metamyelocyte"": 398, ""microglial cell"": 466, ""monocyte"": 1830, ""mucosa-associated lymphoid tissue macrophage"": 6610, ""natural killer cell"": 112, ""neural crest cell"": 682, ""neural progenitor cell"": 5942, ""neuroblast (sensu Vertebrata)"": 3108, ""neuron"": 726, ""neuronal-restricted precursor"": 1422, ""oligodendrocyte precursor cell"": 32, ""pericyte"": 6238, ""perivascular cell"": 2080, ""perivascular macrophage"": 32, ""pinealocyte"": 1594, ""platelet"": 52, ""promyelocyte"": 190, ""radial glial cell"": 694, ""reticulocyte"": 24804, ""retinal cell"": 54, ""retinal ganglion cell"": 160, ""smooth muscle cell"": 1946, ""spinal cord radial glial cell"": 24, ""tip cell"": 1162, ""vein endothelial cell"": 976}"
Homo sapiens,mesenteric artery,10x 3' v3,"{""endothelial cell of artery"": 3604, ""unknown"": 7639}"
Homo sapiens,mesenteric lymph node,10x 3' v2,"{""B cell"": 19, ""CD16-negative, CD56-bright natural killer cell, human"": 847, ""CD16-positive, CD56-dim natural killer cell, human"": 41, ""CD4-positive, alpha-beta T cell"": 392, ""CD4-positive, alpha-beta memory T cell"": 1176, ""CD8-positive, alpha-beta T cell"": 1100, ""CD8-positive, alpha-beta memory T cell"": 772, ""IgA plasma cell"": 65, ""IgG plasma cell"": 8, ""Langerhans cell"": 20, ""T cell"": 10, ""T follicular helper cell"": 7945, ""T-helper 1 cell"": 94, ""T-helper 17 cell"": 178, ""activated CD4-positive, alpha-beta T cell"": 101, ""capillary endothelial cell"": 4, ""central memory CD4-positive, alpha-beta T cell"": 1663, ""central memory CD8-positive, alpha-beta T cell"": 126, ""colon macrophage"": 6, ""conventional dendritic cell"": 42, ""cycling T cell"": 68, ""dendritic cell"": 4, ""dendritic cell, human"": 20, ""effector memory CD4-positive, alpha-beta T cell"": 25, ""effector memory CD8-positive, alpha-beta T cell"": 3417, ""follicular B cell"": 1617, ""gamma-delta T cell"": 141, ""germinal center B cell"": 14, ""group 3 innate lymphoid cell"": 772, ""innate lymphoid cell"": 678, ""macrophage"": 14, ""mast cell"": 95, ""memory B cell"": 9129, ""memory T cell"": 1399, ""mucosal invariant T cell"": 172, ""naive B cell"": 8007, ""naive thymus-derived CD4-positive, alpha-beta T cell"": 5856, ""naive thymus-derived CD8-positive, alpha-beta T cell"": 680, ""natural killer cell"": 248, ""non-classical monocyte"": 1, ""plasma cell"": 34, ""plasmacytoid dendritic cell"": 13, ""plasmacytoid dendritic cell, human"": 35, ""precursor B cell"": 8, ""regulatory T cell"": 3969, ""transit amplifying cell"": 5}"
Homo sapiens,mesenteric lymph node,10x 3' v3,"{""B cell"": 10854, ""CD4-positive, alpha-beta T cell"": 9282, ""CD8-positive, alpha-beta T cell"": 1302, ""T cell"": 555, ""classical monocyte"": 57, ""erythrocyte"": 30, ""intermediate monocyte"": 12, ""macrophage"": 72, ""mast cell"": 9, ""mature NK T cell"": 69, ""monocyte"": 105, ""naive thymus-derived CD4-positive, alpha-beta T cell"": 945, ""natural killer cell"": 147, ""neutrophil"": 30, ""non-classical monocyte"": 3, ""plasma cell"": 90}"
Homo sapiens,mesenteric lymph node,10x 5' transcription profiling,"{""CD16-negative, CD56-bright natural killer cell, human"": 16, ""CD16-positive, CD56-dim natural killer cell, human"": 8, ""CD4-positive, alpha-beta memory T cell"": 1280, ""CD8-positive, alpha-beta memory T cell"": 200, ""IgA plasma cell"": 4, ""IgG plasma cell"": 16, ""Langerhans cell"": 10, ""T follicular helper cell"": 1888, ""T-helper 17 cell"": 24, ""TREM2-positive macrophage"": 5, ""capillary endothelial cell"": 68, ""conventional dendritic cell"": 10, ""cycling T cell"": 36, ""dendritic cell, human"": 15, ""effector memory CD8-positive, alpha-beta T cell"": 1528, ""endothelial cell of artery"": 4, ""endothelial cell of lymphatic vessel"": 32, ""enteroglial cell"": 4, ""fibroblast"": 8, ""fibroblastic reticular cell"": 20, ""gamma-delta T cell"": 12, ""gastrointestinal tract (lamina propria) macrophage"": 4, ""germinal center B cell"": 8, ""group 3 innate lymphoid cell"": 16, ""macrophage"": 25, ""memory B cell"": 7644, ""monocyte"": 35, ""mucosal invariant T cell"": 284, ""naive B cell"": 10088, ""naive thymus-derived CD4-positive, alpha-beta T cell"": 4136, ""naive thymus-derived CD8-positive, alpha-beta T cell"": 1684, ""pericyte"": 28, ""plasmacytoid dendritic cell, human"": 15, ""precursor B cell"": 84, ""pro-B cell"": 8, ""regulatory T cell"": 1152, ""vascular associated smooth muscle cell"": 28, ""vein endothelial cell"": 64}"
Homo sapiens,mesenteric lymph node,10x 5' v1,"{""B cell"": 112, ""B-1 B cell"": 465, ""B-2 B cell"": 693, ""CD16-negative, CD56-bright natural killer cell, human"": 122, ""CD16-positive, CD56-dim natural killer cell, human"": 5, ""CD4-positive helper T cell"": 80, ""CD8-alpha-alpha-positive, alpha-beta intraepithelial T cell"": 240, ""CD8-positive, alpha-beta memory T cell"": 218, ""CD8-positive, alpha-beta memory T cell, CD45RO-positive"": 914, ""T cell"": 2279, ""T follicular helper cell"": 3051, ""activated CD4-positive, alpha-beta T cell"": 66, ""alpha-beta T cell"": 432, ""alveolar macrophage"": 8, ""central memory CD4-positive, alpha-beta T cell"": 2574, ""central memory CD8-positive, alpha-beta T cell"": 378, ""classical monocyte"": 29, ""common dendritic progenitor"": 3, ""common myeloid progenitor"": 18, ""conventional dendritic cell"": 169, ""dendritic cell"": 495, ""dendritic cell, human"": 89, ""double negative thymocyte"": 61, ""double-positive, alpha-beta thymocyte"": 248, ""early lymphoid progenitor"": 265, ""effector memory CD4-positive, alpha-beta T cell"": 529, ""effector memory CD8-positive, alpha-beta T cell"": 686, ""effector memory CD8-positive, alpha-beta T cell, terminally differentiated"": 72, ""endothelial cell"": 192, ""erythrocyte"": 45, ""fibroblast"": 89, ""fraction A pre-pro B cell"": 66, ""gamma-delta T cell"": 12, ""germinal center B cell"": 255, ""glial cell"": 66, ""granulocyte"": 24, ""granulocyte monocyte progenitor cell"": 4, ""group 2 innate lymphoid cell"": 4, ""group 3 innate lymphoid cell"": 596, ""hematopoietic multipotent progenitor cell"": 7, ""hematopoietic stem cell"": 9, ""immature B cell"": 93, ""innate lymphoid cell"": 77, ""large pre-B-II cell"": 126, ""late pro-B cell"": 93, ""lymphocyte"": 138, ""macrophage"": 700, ""mast cell"": 24, ""mature B cell"": 54, ""megakaryocyte-erythroid progenitor cell"": 14, ""memory B cell"": 4917, ""monocyte"": 66, ""mucosal invariant T cell"": 51, ""myofibroblast cell"": 328, ""naive B cell"": 1628, ""naive thymus-derived CD4-positive, alpha-beta T cell"": 10738, ""naive thymus-derived CD8-positive, alpha-beta T cell"": 5050, ""natural killer cell"": 1264, ""neuron"": 2, ""non-classical monocyte"": 4, ""plasma cell"": 68, ""plasmablast"": 34, ""plasmacytoid dendritic cell"": 107, ""pro-B cell"": 36, ""progenitor cell"": 5, ""promonocyte"": 24, ""promyelocyte"": 18, ""regulatory T cell"": 6259, ""small pre-B-II cell"": 348, ""stromal cell"": 310, ""unknown"": 1652, ""vascular associated smooth muscle cell"": 208}"
Homo sapiens,mesenteric lymph node,10x 5' v2,"{""B cell"": 305, ""CD16-negative, CD56-bright natural killer cell, human"": 8670, ""CD16-positive, CD56-dim natural killer cell, human"": 2298, ""CD34-positive, CD56-positive, CD117-positive common innate lymphoid precursor, human"": 142, ""CD4-positive helper T cell"": 914, ""CD4-positive, CD25-positive, alpha-beta regulatory T cell"": 19578, ""CD4-positive, alpha-beta T cell"": 4806, ""CD4-positive, alpha-beta memory T cell"": 40251, ""CD8-positive, alpha-beta T cell"": 2401, ""CD8-positive, alpha-beta memory T cell"": 14783, ""CD8-positive, alpha-beta memory T cell, CD45RO-positive"": 604, ""IgA plasma cell"": 84, ""IgG plasma cell"": 419, ""IgM plasma cell"": 36, ""Langerhans cell"": 45, ""NKp44-negative group 3 innate lymphoid cell, human"": 16, ""NKp44-positive group 3 innate lymphoid cell, human"": 5, ""T cell"": 1020, ""T follicular helper cell"": 14610, ""T-helper 1 cell"": 3, ""T-helper 17 cell"": 404, ""TREM2-positive macrophage"": 5, ""activated CD4-positive, alpha-beta T cell"": 2279, ""activated CD8-positive, alpha-beta T cell"": 270, ""afferent neuron"": 4, ""alpha-beta T cell"": 642, ""alveolar macrophage"": 26, ""angiogenic pericyte"": 36, ""capillary endothelial cell"": 103, ""central memory CD4-positive, alpha-beta T cell"": 38892, ""central memory CD8-positive, alpha-beta T cell"": 1673, ""classical monocyte"": 465, ""colon epithelial cell"": 2, ""colon macrophage"": 15, ""colonocyte"": 4, ""common lymphoid progenitor"": 64, ""conventional dendritic cell"": 1325, ""cycling T cell"": 812, ""dendritic cell"": 5, ""dendritic cell, human"": 311, ""effector memory CD4-positive, alpha-beta T cell"": 10274, ""effector memory CD4-positive, alpha-beta T cell, terminally differentiated"": 249, ""effector memory CD8-positive, alpha-beta T cell"": 7414, ""effector memory CD8-positive, alpha-beta T cell, terminally differentiated"": 1308, ""endothelial cell"": 100, ""endothelial cell of artery"": 116, ""endothelial cell of lymphatic vessel"": 645, ""enterocyte"": 5, ""enteroendocrine cell"": 1, ""enteroglial cell"": 136, ""eosinophil"": 65, ""erythrocyte"": 29, ""erythroid lineage cell"": 1, ""fibroblast"": 924, ""fibroblastic reticular cell"": 12, ""follicular B cell"": 211, ""gamma-delta T cell"": 2142, ""germinal center B cell"": 373, ""germinal center T cell"": 135, ""glial cell"": 96, ""group 1 innate lymphoid cell"": 19, ""group 2 innate lymphoid cell"": 8, ""group 3 innate lymphoid cell"": 5599, ""immature B cell"": 519, ""immature innate lymphoid cell"": 577, ""immature pericyte"": 216, ""inflammatory macrophage"": 82, ""innate lymphoid cell"": 512, ""intestine goblet cell"": 2, ""lymphocyte"": 145, ""macrophage"": 5258, ""mast cell"": 262, ""mature NK T cell"": 3, ""memory B cell"": 79611, ""memory T cell"": 1421, ""mesenchymal cell"": 928, ""mesenchymal lymphangioblast"": 256, ""mesodermal cell"": 4, ""monocyte"": 385, ""motor neuron"": 3, ""mucosal invariant T cell"": 1345, ""myofibroblast cell"": 3, ""naive B cell"": 46851, ""naive thymus-derived CD4-positive, alpha-beta T cell"": 56322, ""naive thymus-derived CD8-positive, alpha-beta T cell"": 19925, ""natural killer cell"": 452, ""neutrophil"": 3, ""neutrophil progenitor cell"": 30, ""non-classical monocyte"": 326, ""pericyte"": 105, ""plasma cell"": 1497, ""plasmablast"": 1956, ""plasmacytoid dendritic cell"": 169, ""plasmacytoid dendritic cell, human"": 130, ""precursor B cell"": 803, ""pro-B cell"": 306, ""progenitor cell"": 85, ""regulatory T cell"": 23119, ""stem cell"": 3, ""stromal cell"": 332, ""transit amplifying cell"": 39, ""type EC enteroendocrine cell"": 33, ""unknown"": 186, ""vascular associated smooth muscle cell"": 52, ""vein endothelial cell"": 432}"
Homo sapiens,mesenteric lymph node,Smart-seq2,"{""B cell"": 75, ""CD4-positive, alpha-beta T cell"": 6, ""CD8-positive, alpha-beta T cell"": 6, ""endothelial cell"": 18, ""innate lymphoid cell"": 252, ""naive thymus-derived CD4-positive, alpha-beta T cell"": 15, ""natural killer cell"": 3, ""plasmacytoid dendritic cell"": 6, ""stromal cell"": 6}"
Homo sapiens,metencephalon,10x 3' v2,"{""cell"": 240, ""erythrocyte"": 356, ""fibroblast"": 900, ""glioblast"": 11061, ""macrophage"": 334, ""neural crest cell"": 78, ""neuroblast (sensu Nematoda and Protostomia)"": 2410, ""neuroblast (sensu Vertebrata)"": 11926, ""neuron"": 21056, ""oligodendrocyte"": 276, ""radial glial cell"": 21878}"
Homo sapiens,midbrain,10x 3' v2,"{""cell"": 698, ""erythrocyte"": 402, ""fibroblast"": 1161, ""glioblast"": 8784, ""macrophage"": 561, ""neural crest cell"": 3, ""neuroblast (sensu Nematoda and Protostomia)"": 1629, ""neuroblast (sensu Vertebrata)"": 44259, ""neuron"": 113715, ""neuroplacodal cell"": 6, ""oligodendrocyte"": 176, ""radial glial cell"": 124059}"
Homo sapiens,midbrain,10x 3' v3,"{""Bergmann glial cell"": 87, ""astrocyte"": 39834, ""cell"": 2012, ""central nervous system macrophage"": 42720, ""choroid plexus epithelial cell"": 9, ""endothelial cell"": 855, ""ependymal cell"": 828, ""erythrocyte"": 4258, ""fibroblast"": 11871, ""glioblast"": 19288, ""leukocyte"": 1548, ""macrophage"": 1920, ""neural crest cell"": 78, ""neuroblast (sensu Nematoda and Protostomia)"": 2691, ""neuroblast (sensu Vertebrata)"": 35313, ""neuron"": 486219, ""oligodendrocyte"": 242227, ""oligodendrocyte precursor cell"": 35682, ""pericyte"": 768, ""radial glial cell"": 120021, ""vascular associated smooth muscle cell"": 324}"
Homo sapiens,midbrain,10x multiome,"{""GABAergic neuron"": 10750, ""Purkinje cell"": 218, ""Schwann cell"": 34, ""committed oligodendrocyte precursor"": 64, ""dopaminergic neuron"": 166, ""endothelial cell"": 2914, ""glioblast"": 7846, ""glutamatergic neuron"": 3596, ""glycinergic neuron"": 108, ""immature T cell"": 52, ""interneuron"": 206, ""leukocyte"": 572, ""microglial cell"": 6566, ""neural progenitor cell"": 118, ""neuroblast (sensu Nematoda and Protostomia)"": 264, ""neuroblast (sensu Vertebrata)"": 24, ""neuron"": 18, ""oligodendrocyte"": 508, ""oligodendrocyte precursor cell"": 1378, ""pericyte"": 4370, ""perivascular macrophage"": 222, ""progenitor cell"": 36, ""radial glial cell"": 9138, ""sensory neuron of dorsal root ganglion"": 12, ""serotonergic neuron"": 32, ""unknown"": 5828, ""vascular associated smooth muscle cell"": 398, ""vascular leptomeningeal cell"": 1170}"
Homo sapiens,midbrain tectum,10x 3' v2,"{""cell"": 34, ""erythrocyte"": 18, ""glioblast"": 12, ""macrophage"": 15, ""neuroblast (sensu Nematoda and Protostomia)"": 12, ""neuroblast (sensu Vertebrata)"": 1503, ""neuron"": 1845, ""radial glial cell"": 8637}"
Homo sapiens,midbrain tectum,10x 3' v3,"{""cell"": 268, ""erythrocyte"": 225, ""fibroblast"": 24, ""glioblast"": 13956, ""macrophage"": 273, ""neuroblast (sensu Nematoda and Protostomia)"": 519, ""neuroblast (sensu Vertebrata)"": 14583, ""neuron"": 29064, ""oligodendrocyte"": 1148, ""radial glial cell"": 60285}"
Homo sapiens,midbrain tectum,10x multiome,"{""astrocyte"": 18306, ""cerebral cortex pyramidal neuron"": 4940, ""choroid plexus epithelial cell"": 42, ""glioblast"": 6100, ""interneuron"": 12754, ""mesenchymal cell"": 9684, ""midbrain dopaminergic neuron"": 11586, ""neural crest cell"": 8006, ""neuroblast (sensu Vertebrata)"": 6362, ""radial glial cell"": 41292, ""unknown"": 888}"
Homo sapiens,midbrain tegmentum,10x 3' v2,"{""unknown"": 98382}"
Homo sapiens,midbrain tegmentum,10x 3' v3,"{""unknown"": 115206}"
Homo sapiens,midbrain tegmentum,10x multiome,"{""astrocyte"": 23666, ""cerebral cortex pyramidal neuron"": 5092, ""choroid plexus epithelial cell"": 1988, ""glioblast"": 6592, ""interneuron"": 7714, ""mesenchymal cell"": 62, ""midbrain dopaminergic neuron"": 9648, ""neural crest cell"": 142, ""neuroblast (sensu Vertebrata)"": 3824, ""radial glial cell"": 34502, ""unknown"": 5320}"
Homo sapiens,middle lobe of right lung,10x 3' v2,"{""B cell"": 743, ""T cell"": 2204, ""blood vessel endothelial cell"": 49, ""endothelial cell of lymphatic vessel"": 11, ""epithelial cell"": 119, ""fibroblast"": 143, ""myeloid cell"": 577, ""neutrophil"": 1}"
Homo sapiens,middle lobe of right lung,10x 3' v3,"{""B cell"": 2548, ""CD8-positive, alpha-beta cytotoxic T cell"": 849, ""T cell"": 3300, ""alveolar adventitial fibroblast"": 378, ""alveolar capillary type 1 endothelial cell"": 6558, ""alveolar capillary type 2 endothelial cell"": 3467, ""alveolar macrophage"": 7437, ""alveolar type 1 fibroblast cell"": 18088, ""basal cell"": 4538, ""brush cell of tracheobronchial tree"": 4427, ""ciliated cell"": 5604, ""classical monocyte"": 6774, ""conventional dendritic cell"": 1521, ""endothelial cell of artery"": 1480, ""endothelial cell of respiratory system lymphatic vessel"": 766, ""goblet cell"": 93, ""helper T cell"": 7917, ""lung interstitial macrophage"": 5748, ""lung macrophage"": 3639, ""lung megakaryocyte"": 2609, ""lung multiciliated epithelial cell"": 1726, ""lung secretory cell"": 8465, ""mast cell"": 459, ""mature conventional dendritic cell"": 142, ""mesothelial cell of pleura"": 14, ""monocyte"": 2433, ""mucus secreting cell of tracheobronchial tree submucosal gland"": 477, ""natural killer cell"": 2298, ""neutrophil"": 1705, ""non-classical monocyte"": 3024, ""pericyte"": 2640, ""plasma cell"": 162, ""plasmacytoid dendritic cell"": 1355, ""pulmonary alveolar type 1 cell"": 84303, ""pulmonary alveolar type 2 cell"": 91322, ""pulmonary artery endothelial cell"": 3447, ""pulmonary capillary endothelial cell"": 5064, ""pulmonary neuroendocrine cell"": 256, ""regulatory T cell"": 643, ""secondary crest myofibroblast"": 4572, ""secretory cell"": 997, ""serous secreting cell"": 22177, ""stromal cell"": 2130, ""tracheobronchial smooth muscle cell"": 617, ""unknown"": 5275, ""vascular associated smooth muscle cell"": 214, ""vein endothelial cell"": 2853, ""vein endothelial cell of respiratory system"": 640}"
Homo sapiens,middle temporal gyrus,10x 3' v3,"{""L2/3-6 intratelencephalic projecting glutamatergic neuron"": 1466600, ""L5 extratelencephalic projecting glutamatergic cortical neuron"": 6380, ""L6b glutamatergic cortical neuron"": 38916, ""VIP GABAergic cortical interneuron"": 218708, ""astrocyte of the cerebral cortex"": 132562, ""caudal ganglionic eminence derived cortical interneuron"": 19246, ""cerebral cortex endothelial cell"": 4294, ""chandelier pvalb GABAergic cortical interneuron"": 21888, ""corticothalamic-projecting glutamatergic cortical neuron"": 41079, ""lamp5 GABAergic cortical interneuron"": 132927, ""microglial cell"": 76269, ""near-projecting glutamatergic cortical neuron"": 46954, ""oligodendrocyte"": 221748, ""oligodendrocyte precursor cell"": 64857, ""pvalb GABAergic cortical interneuron"": 195794, ""sncg GABAergic cortical interneuron"": 45977, ""sst GABAergic cortical interneuron"": 149641, ""vascular leptomeningeal cell"": 8400}"
Homo sapiens,middle temporal gyrus,10x multiome,"{""L2/3-6 intratelencephalic projecting glutamatergic neuron"": 167174, ""L5 extratelencephalic projecting glutamatergic cortical neuron"": 458, ""L6b glutamatergic cortical neuron"": 2882, ""VIP GABAergic cortical interneuron"": 19372, ""astrocyte of the cerebral cortex"": 15524, ""caudal ganglionic eminence derived cortical interneuron"": 1480, ""cerebral cortex endothelial cell"": 192, ""chandelier pvalb GABAergic cortical interneuron"": 2070, ""corticothalamic-projecting glutamatergic cortical neuron"": 3968, ""lamp5 GABAergic cortical interneuron"": 12638, ""microglial cell"": 8222, ""near-projecting glutamatergic cortical neuron"": 4348, ""oligodendrocyte"": 23650, ""oligodendrocyte precursor cell"": 6634, ""pvalb GABAergic cortical interneuron"": 17850, ""sncg GABAergic cortical interneuron"": 3974, ""sst GABAergic cortical interneuron"": 11494, ""vascular leptomeningeal cell"": 782}"
Homo sapiens,middle temporal gyrus,Smart-seq v4,"{""L2/3-6 intratelencephalic projecting glutamatergic neuron"": 9075, ""L5 extratelencephalic projecting glutamatergic cortical neuron"": 44, ""L6 corticothalamic-projecting glutamatergic cortical neuron"": 369, ""L6b glutamatergic cortical neuron"": 755, ""VIP GABAergic cortical interneuron"": 2245, ""astrocyte"": 373, ""astrocyte of the cerebral cortex"": 283, ""caudal ganglionic eminence derived cortical interneuron"": 277, ""cerebral cortex endothelial cell"": 6, ""chandelier pvalb GABAergic cortical interneuron"": 32, ""corticothalamic-projecting glutamatergic cortical neuron"": 349, ""endothelial cell"": 18, ""glutamatergic neuron"": 8938, ""lamp5 GABAergic cortical interneuron"": 1756, ""microglial cell"": 322, ""near-projecting glutamatergic cortical neuron"": 601, ""oligodendrocyte"": 799, ""oligodendrocyte precursor cell"": 486, ""pericyte"": 13, ""pvalb GABAergic cortical interneuron"": 1539, ""sncg GABAergic cortical interneuron"": 324, ""sst GABAergic cortical interneuron"": 1409, ""unknown"": 636, ""vascular leptomeningeal cell"": 9}"
Homo sapiens,milk,Seq-Well,"{""B cell"": 52, ""T cell"": 792, ""dendritic cell"": 425, ""eosinophil"": 25, ""epithelial cell"": 39825, ""fibroblast"": 140, ""macrophage"": 6384, ""neutrophil"": 835}"
Homo sapiens,minor salivary gland,10x 3' v3,"{""B cell"": 113, ""CD4-positive helper T cell"": 908, ""CD8-positive, alpha-beta T cell"": 2671, ""Schwann cell"": 402, ""acinar cell of salivary gland"": 37572, ""adult skeletal muscle myoblast"": 94, ""blood vessel endothelial cell"": 3026, ""dendritic cell"": 392, ""endothelial cell of lymphatic vessel"": 156, ""endothelial cell of vascular tree"": 1979, ""epithelial cell"": 12873, ""fibroblast"": 8404, ""innate lymphoid cell"": 28, ""ionocyte"": 220, ""keratinocyte"": 428, ""lymphocyte"": 12306, ""macrophage"": 1163, ""melanocyte"": 4, ""mural cell"": 1804, ""muscle cell"": 21, ""myeloid cell"": 709, ""myoepithelial cell"": 645, ""natural killer cell"": 62, ""neutrophil"": 211, ""plasma cell"": 7260, ""salivary gland glandular cell"": 4722}"
Homo sapiens,mucosa,10x 3' v2,"{""B cell"": 157, ""Schwann cell"": 63, ""T cell"": 1620, ""basal cell"": 2399, ""basal epithelial cell of tracheobronchial tree"": 8145, ""basal-myoepithelial cell of mammary gland"": 973, ""contractile cell"": 504, ""dendritic cell"": 257, ""endothelial cell of lymphatic vessel"": 1549, ""endothelial cell of vascular tree"": 3136, ""fibroblast"": 2848, ""glandular secretory epithelial cell"": 459, ""macrophage"": 974, ""mast cell"": 39, ""mature NK T cell"": 29, ""myeloid dendritic cell"": 126, ""neuroendocrine cell"": 12, ""squamous epithelial cell"": 2770}"
Homo sapiens,mucosa of dorsum of tongue,10x 3' v3,"{""Schwann cell"": 137, ""endothelial cell of vascular tree"": 582, ""epithelial cell"": 13153, ""fibroblast"": 248, ""lymphocyte"": 2079, ""melanocyte"": 1, ""mural cell"": 96, ""myeloid cell"": 536}"
Homo sapiens,mucosa of lip,10x 3' v3,"{""B cell"": 8, ""CD4-positive helper T cell"": 326, ""CD8-positive, alpha-beta T cell"": 390, ""Langerhans cell"": 16, ""Merkel cell"": 2, ""Schwann cell"": 22, ""acinar cell of salivary gland"": 546, ""adult skeletal muscle myoblast"": 12, ""blood vessel endothelial cell"": 652, ""dendritic cell"": 44, ""endothelial cell of lymphatic vessel"": 134, ""endothelial cell of vascular tree"": 411, ""epithelial cell"": 819, ""fibroblast"": 915, ""keratinocyte"": 664, ""lymphocyte"": 504, ""macrophage"": 26, ""mast cell"": 22, ""melanocyte"": 48, ""mural cell"": 297, ""muscle cell"": 1, ""myeloid cell"": 61, ""myoepithelial cell"": 42, ""natural killer cell"": 90, ""neutrophil"": 18, ""plasma cell"": 188, ""salivary gland glandular cell"": 330}"
Homo sapiens,mucosa of sigmoid colon,10x 3' v3,"{""B cell"": 1330, ""BEST4+ enterocyte"": 111, ""CD4-positive, alpha-beta T cell"": 858, ""CD8-positive, alpha-beta T cell"": 452, ""T cell"": 161, ""colonocyte"": 451, ""conventional dendritic cell"": 68, ""dendritic cell"": 48, ""endothelial cell"": 661, ""enterocyte"": 1298, ""enteroendocrine cell"": 28, ""epithelial cell"": 204, ""fibroblast"": 1011, ""glial cell"": 45, ""goblet cell"": 230, ""innate lymphoid cell"": 19, ""intestinal crypt stem cell"": 50, ""intestine goblet cell"": 213, ""leukocyte"": 311, ""lymphocyte"": 18, ""macrophage"": 1612, ""mast cell"": 517, ""monocyte"": 681, ""myofibroblast cell"": 112, ""naive T cell"": 458, ""natural killer cell"": 67, ""paneth cell"": 9, ""pericyte"": 104, ""plasma cell"": 4787, ""plasmacytoid dendritic cell"": 305, ""regulatory T cell"": 672, ""stem cell"": 505, ""stromal cell"": 35, ""transit amplifying cell"": 250, ""tuft cell"": 40, ""tuft cell of small intestine"": 19, ""unknown"": 131}"
Homo sapiens,mucosa of stomach,10x 3' v3,"{""B cell"": 1476, ""CD4-positive, alpha-beta T cell"": 390, ""CD8-positive, alpha-beta T cell"": 609, ""T cell"": 18, ""endothelial cell of lymphatic vessel"": 24, ""enteroendocrine cell"": 57, ""epithelial cell"": 2709, ""fibroblast"": 459, ""interstitial cell of Cajal"": 210, ""macrophage"": 2115, ""mast cell"": 87, ""mature NK T cell"": 3, ""monocyte"": 234, ""mononuclear phagocyte"": 243, ""natural killer cell"": 6, ""plasma cell"": 12213, ""regulatory T cell"": 21, ""smooth muscle cell"": 3, ""tissue-resident macrophage"": 66}"
Homo sapiens,mucosa of stomach,Smart-seq2,"{""B cell"": 9, ""CD4-positive, alpha-beta T cell"": 9, ""CD8-positive, alpha-beta T cell"": 6, ""T cell"": 9, ""epithelial cell"": 15, ""fibroblast"": 15, ""mast cell"": 21, ""natural killer cell"": 3, ""plasma cell"": 156, ""tissue-resident macrophage"": 3}"
Homo sapiens,mucosa of transverse colon,10x 3' v1,"{""B cell"": 213, ""BEST4+ enterocyte"": 212, ""CD4-positive, alpha-beta T cell"": 733, ""CD4-positive, alpha-beta memory T cell"": 9, ""CD8-alpha-beta-positive, alpha-beta intraepithelial T cell"": 166, ""CD8-positive, alpha-beta T cell"": 424, ""CD8-positive, alpha-beta thymocyte"": 8, ""M cell of gut"": 2, ""T cell"": 6, ""activated CD4-positive, alpha-beta T cell"": 7, ""colonocyte"": 2086, ""conventional dendritic cell"": 17, ""dendritic cell"": 2, ""endothelial cell"": 150, ""enterocyte"": 3976, ""enteroendocrine cell"": 41, ""epithelial cell"": 355, ""fibroblast"": 987, ""follicular B cell"": 14, ""glial cell"": 51, ""goblet cell"": 1345, ""innate lymphoid cell"": 16, ""intestinal crypt stem cell"": 274, ""intestinal tuft cell"": 66, ""intestine goblet cell"": 1167, ""leukocyte"": 81, ""lymphocyte"": 1, ""macrophage"": 414, ""mast cell"": 334, ""monocyte"": 18, ""myofibroblast cell"": 61, ""naive T cell"": 346, ""natural killer cell"": 81, ""paneth cell"": 3, ""pericyte"": 13, ""plasma cell"": 3846, ""plasmacytoid dendritic cell"": 101, ""regulatory T cell"": 119, ""stem cell"": 819, ""stromal cell"": 2, ""transit amplifying cell"": 537, ""transit amplifying cell of colon"": 1975, ""tuft cell"": 116, ""tuft cell of small intestine"": 104, ""unknown"": 235}"
Homo sapiens,muscle of abdomen,10x 3' v3,"{""B cell"": 21, ""CD4-positive, alpha-beta T cell"": 498, ""CD8-positive, alpha-beta T cell"": 1335, ""T cell"": 66, ""basophil"": 30, ""capillary endothelial cell"": 8235, ""cell of skeletal muscle"": 40, ""endothelial cell"": 5499, ""endothelial cell of artery"": 448, ""endothelial cell of lymphatic vessel"": 100, ""epithelial cell"": 54, ""erythrocyte"": 321, ""fast muscle cell"": 1163, ""granulocyte"": 273, ""lymphocyte"": 92, ""macrophage"": 4671, ""mast cell"": 111, ""mature NK T cell"": 21, ""mesenchymal stem cell"": 57766, ""monocyte"": 51, ""mural cell"": 395, ""natural killer cell"": 102, ""neutrophil"": 447, ""non-classical monocyte"": 9, ""pericyte"": 5793, ""skeletal muscle satellite stem cell"": 13647, ""slow muscle cell"": 351, ""smooth muscle cell"": 519, ""tendon cell"": 868, ""vein endothelial cell"": 176}"
Homo sapiens,muscle of abdomen,Smart-seq2,"{""B cell"": 18, ""CD4-positive, alpha-beta T cell"": 249, ""CD8-positive, alpha-beta T cell"": 741, ""T cell"": 12, ""capillary endothelial cell"": 864, ""endothelial cell of artery"": 3, ""endothelial cell of lymphatic vessel"": 72, ""endothelial cell of vascular tree"": 1092, ""fast muscle cell"": 72, ""macrophage"": 972, ""mast cell"": 57, ""mature NK T cell"": 228, ""mesenchymal stem cell"": 2865, ""mesothelial cell"": 3, ""myeloid dendritic cell"": 27, ""pericyte"": 642, ""plasma cell"": 6, ""skeletal muscle satellite stem cell"": 939, ""slow muscle cell"": 123, ""smooth muscle cell"": 24, ""tendon cell"": 144}"
Homo sapiens,muscle of pelvic diaphragm,10x 3' v3,"{""B cell"": 105, ""CD4-positive, alpha-beta T cell"": 636, ""CD8-positive, alpha-beta T cell"": 1404, ""T cell"": 228, ""basophil"": 3, ""capillary endothelial cell"": 909, ""cell of skeletal muscle"": 33, ""endothelial cell"": 5079, ""endothelial cell of artery"": 137, ""endothelial cell of lymphatic vessel"": 231, ""epithelial cell"": 117, ""erythrocyte"": 48, ""fast muscle cell"": 112, ""granulocyte"": 9, ""intermediate monocyte"": 9, ""lymphocyte"": 259, ""macrophage"": 2814, ""mast cell"": 6, ""mature NK T cell"": 3, ""mesenchymal stem cell"": 14961, ""monocyte"": 45, ""mural cell"": 111, ""natural killer cell"": 171, ""neutrophil"": 75, ""pericyte"": 534, ""plasma cell"": 3, ""secondary lymphoid organ macrophage"": 4, ""skeletal muscle satellite stem cell"": 5105, ""slow muscle cell"": 34, ""smooth muscle cell"": 93, ""tendon cell"": 298, ""vein endothelial cell"": 1452}"
Homo sapiens,muscle of pelvic diaphragm,Smart-seq2,"{""B cell"": 3, ""CD4-positive, alpha-beta T cell"": 159, ""CD8-positive, alpha-beta T cell"": 771, ""T cell"": 18, ""capillary endothelial cell"": 404, ""cell of skeletal muscle"": 45, ""endothelial cell of artery"": 3, ""endothelial cell of lymphatic vessel"": 150, ""endothelial cell of vascular tree"": 1077, ""erythrocyte"": 3, ""fast muscle cell"": 81, ""lymphocyte"": 163, ""macrophage"": 509, ""mast cell"": 24, ""mature NK T cell"": 42, ""mesenchymal cell"": 6, ""mesenchymal stem cell"": 1752, ""mural cell"": 65, ""pericyte"": 201, ""plasma cell"": 3, ""secondary lymphoid organ macrophage"": 20, ""skeletal muscle satellite stem cell"": 1079, ""slow muscle cell"": 15, ""smooth muscle cell"": 18, ""tendon cell"": 12, ""vein endothelial cell"": 366}"
Homo sapiens,muscle organ,microwell-seq,"{""B cell"": 2, ""T cell"": 37, ""alternatively activated macrophage"": 1, ""cell of skeletal muscle"": 3646, ""chondrocyte"": 1, ""cord blood hematopoietic stem cell"": 1, ""dendritic cell"": 790, ""embryonic stem cell"": 3, ""endothelial cell"": 711, ""epithelial cell"": 100, ""erythroid lineage cell"": 777, ""erythroid progenitor cell"": 7, ""fibroblast"": 7, ""macrophage"": 212, ""mast cell"": 8, ""mesenchymal stem cell"": 362, ""monocyte"": 19, ""neuron"": 248, ""plasma cell"": 17, ""primordial germ cell"": 50, ""professional antigen presenting cell"": 9, ""smooth muscle cell"": 7242, ""stromal cell"": 11869, ""ventricular cardiac muscle cell"": 1}"
Homo sapiens,muscle organ,sci-RNA-seq3,"{""Schwann cell"": 318, ""cell of skeletal muscle"": 16661, ""endothelial cell of lymphatic vessel"": 147, ""endothelial cell of vascular tree"": 2615, ""erythroblast"": 51, ""innate lymphoid cell"": 106, ""megakaryocyte"": 13, ""myeloid cell"": 364, ""skeletal muscle satellite cell"": 6574, ""smooth muscle cell"": 689, ""stromal cell"": 11019}"
Homo sapiens,muscle tissue,10x 3' v3,"{""capillary endothelial cell"": 375, ""cell of skeletal muscle"": 195, ""endothelial cell of artery"": 43, ""endothelial cell of lymphatic vessel"": 9, ""fast muscle cell"": 4, ""lymphocyte"": 63, ""macrophage"": 68, ""mesenchymal stem cell"": 737, ""mural cell"": 374, ""skeletal muscle satellite stem cell"": 234, ""slow muscle cell"": 1, ""tendon cell"": 106, ""vein endothelial cell"": 303}"
Homo sapiens,muscle tissue,Smart-seq2,"{""capillary endothelial cell"": 248, ""cell of skeletal muscle"": 12, ""endothelial cell of lymphatic vessel"": 6, ""fast muscle cell"": 2, ""lymphocyte"": 485, ""macrophage"": 325, ""mesenchymal stem cell"": 632, ""mural cell"": 170, ""secondary lymphoid organ macrophage"": 30, ""skeletal muscle satellite stem cell"": 190, ""tendon cell"": 36, ""vein endothelial cell"": 233}"
Homo sapiens,muscularis mucosae of stomach,Smart-seq2,"{""B cell"": 441, ""CD4-positive, alpha-beta T cell"": 276, ""CD8-positive, alpha-beta T cell"": 9, ""fibroblast"": 15, ""macrophage"": 9, ""mast cell"": 12, ""monocyte"": 6, ""mononuclear phagocyte"": 81, ""natural killer cell"": 6, ""plasma cell"": 9, ""regulatory T cell"": 12}"
Homo sapiens,myelencephalon,10x 3' v3,"{""Bergmann glial cell"": 447, ""astrocyte"": 16491, ""central nervous system macrophage"": 9819, ""choroid plexus epithelial cell"": 4305, ""endothelial cell"": 1122, ""ependymal cell"": 2793, ""fibroblast"": 1755, ""leukocyte"": 714, ""neuron"": 141342, ""oligodendrocyte"": 68610, ""oligodendrocyte precursor cell"": 8091, ""pericyte"": 576, ""vascular associated smooth muscle cell"": 396}"
Homo sapiens,myometrium,10x 3' v2,"{""B cell"": 4, ""CD4-positive, alpha-beta memory T cell"": 4, ""CD8-positive, alpha-beta memory T cell"": 6, ""blood vessel endothelial cell"": 7, ""capillary endothelial cell"": 460, ""ciliated epithelial cell"": 1, ""decidual cell"": 1594, ""endothelial cell of artery"": 230, ""endothelial cell of lymphatic vessel"": 5, ""endothelial cell of uterus"": 312, ""endothelial cell of venule"": 3838, ""epithelial cell"": 4, ""fibro/adipogenic progenitor cell"": 372, ""fibroblast"": 500, ""fibrocyte"": 16, ""hematopoietic precursor cell"": 4, ""leukocyte"": 4, ""macrophage"": 66, ""myoepithelial cell"": 2, ""natural killer cell"": 50, ""perivascular cell"": 3892, ""stromal cell"": 5, ""stromal cell of endometrium"": 20, ""uterine smooth muscle cell"": 2334}"
Homo sapiens,myometrium,10x 3' v3,"{""B cell"": 119, ""CD4-positive, alpha-beta T cell"": 15, ""CD4-positive, alpha-beta memory T cell"": 624, ""CD8-positive, alpha-beta T cell"": 171, ""CD8-positive, alpha-beta memory T cell"": 1248, ""blood vessel endothelial cell"": 228, ""capillary endothelial cell"": 4068, ""ciliated epithelial cell"": 196, ""decidual cell"": 13688, ""endothelial cell"": 12966, ""endothelial cell of artery"": 2246, ""endothelial cell of lymphatic vessel"": 725, ""endothelial cell of uterus"": 1367, ""endothelial cell of venule"": 23604, ""epithelial cell"": 2202, ""epithelial cell of uterus"": 417, ""fibro/adipogenic progenitor cell"": 1528, ""fibroblast"": 4753, ""fibrocyte"": 632, ""glandular secretory epithelial cell"": 812, ""hematopoietic precursor cell"": 68, ""innate lymphoid cell"": 56, ""leukocyte"": 165, ""luminal endometrial multiciliated epithelial cell"": 392, ""macrophage"": 3781, ""mast cell"": 1597, ""mature NK T cell"": 15, ""memory T cell"": 4, ""monocyte"": 3, ""myoepithelial cell"": 620, ""myofibroblast cell"": 33, ""myometrial cell"": 2751, ""natural killer cell"": 638, ""neutrophil"": 186, ""pericyte"": 3045, ""perivascular cell"": 62032, ""regulatory T cell"": 20, ""skeletal muscle satellite stem cell"": 54, ""stromal cell"": 947, ""stromal cell of endometrium"": 104, ""uterine smooth muscle cell"": 4472, ""vascular associated smooth muscle cell"": 10764}"
Homo sapiens,nasal cavity,10x 5' v1,"{""B cell"": 1731, ""CD16-negative, CD56-bright natural killer cell, human"": 791, ""CD16-positive, CD56-dim natural killer cell, human"": 315, ""CD4-positive, alpha-beta T cell"": 45, ""CD4-positive, alpha-beta memory T cell"": 1101, ""CD8-positive, alpha-beta memory T cell"": 3346, ""Langerhans cell"": 420, ""T cell"": 168, ""T follicular helper cell"": 119, ""alternatively activated macrophage"": 461, ""basal cell of epithelium of trachea"": 28768, ""brush cell of trachea"": 45, ""ciliated cell"": 25984, ""club cell"": 888, ""conventional dendritic cell"": 169, ""dendritic cell"": 2815, ""duct epithelial cell"": 1326, ""follicular dendritic cell"": 49, ""gamma-delta T cell"": 244, ""innate lymphoid cell"": 88, ""macrophage"": 244, ""mast cell"": 117, ""mature NK T cell"": 98, ""melanocyte"": 79, ""memory B cell"": 6666, ""monocyte"": 5365, ""mucosal invariant T cell"": 213, ""multiciliated epithelial cell"": 1705, ""naive B cell"": 2776, ""naive T cell"": 803, ""neuroendocrine cell"": 64, ""neutrophil"": 261, ""plasma cell"": 335, ""plasmacytoid dendritic cell, human"": 479, ""pulmonary ionocyte"": 1973, ""regulatory T cell"": 212, ""secretory cell"": 28809, ""squamous epithelial cell"": 764, ""tracheal goblet cell"": 66567, ""unknown"": 11829}"
Homo sapiens,nasal cavity,10x 5' v2,"{""CD16-negative, CD56-bright natural killer cell, human"": 3, ""CD16-positive, CD56-dim natural killer cell, human"": 2, ""CD8-positive, alpha-beta memory T cell"": 3, ""T cell"": 1, ""basal cell of epithelium of trachea"": 118, ""dendritic cell"": 8, ""duct epithelial cell"": 1, ""innate lymphoid cell"": 1, ""mast cell"": 3, ""mature NK T cell"": 3, ""monocyte"": 87, ""naive T cell"": 3, ""neutrophil"": 326, ""pulmonary ionocyte"": 1, ""secretory cell"": 69, ""tracheal goblet cell"": 4, ""unknown"": 3}"
Homo sapiens,nasal cavity epithelium,10x 3' v2,"{""T cell"": 214, ""club cell"": 2000, ""glandular secretory epithelial cell"": 5310, ""ionocyte"": 341, ""keratinizing barrier epithelial cell"": 820, ""keratinocyte"": 77, ""nasal mucosa goblet cell"": 2814, ""professional antigen presenting cell"": 84, ""respiratory basal cell"": 5004, ""respiratory tract epithelial cell"": 13707, ""respiratory tract multiciliated cell"": 4462}"
Homo sapiens,nasopharynx,10x 3' v3,"{""acinar cell"": 3, ""basal cell"": 4288, ""ciliated cell"": 219, ""club cell"": 2642}"
Homo sapiens,nasopharynx,Seq-Well S3,"{""B cell"": 71, ""CD8-positive, alpha-beta T cell"": 1003, ""CD8-positive, alpha-beta cytotoxic T cell"": 141, ""T cell"": 331, ""basal cell"": 1957, ""ciliated cell"": 13913, ""dendritic cell"": 142, ""enteroendocrine cell"": 41, ""erythroblast"": 986, ""inflammatory macrophage"": 222, ""ionocyte"": 399, ""macrophage"": 681, ""mast cell"": 9, ""multiciliated epithelial cell"": 583, ""nasal mucosa goblet cell"": 2807, ""plasmacytoid dendritic cell"": 13, ""secretory cell"": 4039, ""squamous epithelial cell"": 5250}"
Homo sapiens,neck,10x 3' v2,"{""B cell"": 25, ""T cell"": 627, ""endothelial cell"": 57, ""macrophage"": 134, ""malignant cell"": 3570, ""mature NK T cell"": 5, ""monocyte"": 13, ""plasma cell"": 688}"
Homo sapiens,neck,10x 3' v3,"{""B cell"": 796, ""Schwann cell"": 173, ""T cell"": 1133, ""dendritic cell"": 203, ""endothelial cell"": 512, ""fibroblast"": 1740, ""kidney cell"": 54, ""macrophage"": 1656, ""malignant cell"": 6986, ""mast cell"": 1, ""monocyte"": 3, ""neuroblast (sensu Vertebrata)"": 4398, ""plasma cell"": 39}"
Homo sapiens,neocortex,10x 3' v3,"{""L2/3-6 intratelencephalic projecting glutamatergic neuron"": 168793, ""L5 extratelencephalic projecting glutamatergic cortical neuron"": 563, ""L6b glutamatergic cortical neuron"": 8213, ""VIP GABAergic cortical interneuron"": 28718, ""astrocyte of the cerebral cortex"": 16319, ""caudal ganglionic eminence derived cortical interneuron"": 1465, ""cerebral cortex endothelial cell"": 582, ""chandelier pvalb GABAergic cortical interneuron"": 1875, ""corticothalamic-projecting glutamatergic cortical neuron"": 7156, ""lamp5 GABAergic cortical interneuron"": 12776, ""microglial cell"": 3934, ""near-projecting glutamatergic cortical neuron"": 6133, ""oligodendrocyte"": 57855, ""oligodendrocyte precursor cell"": 11244, ""pvalb GABAergic cortical interneuron"": 19711, ""sncg GABAergic cortical interneuron"": 4112, ""sst GABAergic cortical interneuron"": 29244, ""vascular leptomeningeal cell"": 637}"
Homo sapiens,neocortex,10x multiome,"{""Cajal-Retzius cell"": 194, ""GABAergic neuron"": 343, ""L2/3 intratelencephalic projecting glutamatergic neuron"": 43, ""L4 intratelencephalic projecting glutamatergic neuron"": 61, ""L5 extratelencephalic projecting glutamatergic cortical neuron"": 465, ""L5 intratelencephalic projecting glutamatergic neuron"": 8, ""L6 intratelencephalic projecting glutamatergic neuron"": 100, ""L6b glutamatergic cortical neuron"": 3078, ""VIP GABAergic cortical interneuron"": 38, ""astrocyte"": 249, ""brain vascular cell"": 357, ""caudal ganglionic eminence derived cortical interneuron"": 233, ""committed oligodendrocyte precursor"": 27, ""corticothalamic-projecting glutamatergic cortical neuron"": 804, ""forebrain radial glial cell"": 8312, ""glutamatergic neuron"": 10022, ""immature astrocyte"": 453, ""intratelencephalic-projecting glutamatergic cortical neuron"": 229, ""lamp5 GABAergic cortical interneuron"": 23, ""medial ganglionic eminence derived GABAergic cortical interneuron"": 904, ""microglial cell"": 93, ""near-projecting glutamatergic cortical neuron"": 344, ""neural progenitor cell"": 4291, ""oligodendrocyte"": 8, ""oligodendrocyte precursor cell"": 92, ""pvalb GABAergic cortical interneuron"": 58, ""sncg GABAergic cortical interneuron"": 113, ""sst GABAergic cortical interneuron"": 494, ""unknown"": 212}"
Homo sapiens,neural tube,10x 3' v3,"{""blood cell"": 355, ""mesodermal cell"": 274, ""myoblast"": 29, ""neural crest cell"": 1680, ""neural progenitor cell"": 15647, ""neuron"": 21107, ""oligodendrocyte"": 77, ""peripheral nervous system neuron"": 2688, ""sensory neuron"": 1605, ""unknown"": 23}"
Homo sapiens,nose,10x 3' v2,"{""B cell"": 63, ""CD1c-positive myeloid dendritic cell"": 400, ""CD4-positive, alpha-beta T cell"": 116, ""CD8-positive, alpha-beta T cell"": 1526, ""NKp46-positive innate lymphoid cell, human"": 17, ""T cell"": 821, ""acinar cell"": 494, ""alveolar macrophage"": 12, ""basal cell"": 1038, ""bronchial goblet cell"": 2, ""bronchus fibroblast of lung"": 4, ""brush cell of tracheobronchial tree"": 40, ""classical monocyte"": 62, ""club cell"": 24506, ""conventional dendritic cell"": 6, ""dendritic cell"": 216, ""elicited macrophage"": 10, ""endothelial cell of artery"": 9, ""endothelial cell of lymphatic vessel"": 12, ""fibroblast"": 2, ""ionocyte"": 116, ""lung macrophage"": 6, ""lung secretory cell"": 1906, ""macrophage"": 14, ""mast cell"": 27, ""monocyte"": 34, ""mucus secreting cell"": 372, ""multiciliated columnar cell of tracheobronchial tree"": 746, ""multiciliated epithelial cell"": 15166, ""nasal mucosa goblet cell"": 21710, ""natural killer cell"": 34, ""non-classical monocyte"": 6, ""plasma cell"": 6, ""plasmacytoid dendritic cell"": 8, ""pulmonary artery endothelial cell"": 18, ""respiratory basal cell"": 1254, ""respiratory tract hillock cell"": 822, ""secretory cell"": 23109, ""serous secreting cell"": 2920, ""tracheobronchial serous cell"": 26, ""tracheobronchial smooth muscle cell"": 10, ""unknown"": 83, ""vein endothelial cell"": 417}"
Homo sapiens,nose,10x 5' v1,"{""B cell"": 168, ""CD1c-positive myeloid dendritic cell"": 174, ""CD4-positive, alpha-beta T cell"": 118, ""CD8-positive, alpha-beta T cell"": 640, ""NKp46-positive innate lymphoid cell, human"": 10, ""T cell"": 379, ""acinar cell"": 8, ""alveolar adventitial fibroblast"": 4, ""alveolar macrophage"": 8, ""basal cell"": 160, ""bronchial goblet cell"": 2, ""bronchus fibroblast of lung"": 34, ""brush cell of tracheobronchial tree"": 2, ""classical monocyte"": 14, ""club cell"": 11364, ""conventional dendritic cell"": 4, ""dendritic cell"": 114, ""elicited macrophage"": 26, ""fibroblast"": 19, ""ionocyte"": 18, ""lung secretory cell"": 4, ""macrophage"": 17, ""mast cell"": 135, ""monocyte"": 8, ""multiciliated columnar cell of tracheobronchial tree"": 886, ""multiciliated epithelial cell"": 704, ""nasal mucosa goblet cell"": 10784, ""natural killer cell"": 20, ""non-classical monocyte"": 2, ""plasmacytoid dendritic cell"": 32, ""respiratory basal cell"": 112, ""respiratory tract hillock cell"": 208, ""secretory cell"": 11076, ""tracheobronchial goblet cell"": 2, ""unknown"": 10}"
Homo sapiens,nose,10x 5' v2,"{""B cell"": 271, ""CD1c-positive myeloid dendritic cell"": 1592, ""CD4-positive, alpha-beta T cell"": 336, ""CD8-positive, alpha-beta T cell"": 734, ""NKp46-positive innate lymphoid cell, human"": 41, ""T cell"": 550, ""acinar cell"": 26, ""alveolar adventitial fibroblast"": 24, ""alveolar macrophage"": 18, ""basal cell"": 2453, ""bronchial goblet cell"": 2, ""bronchus fibroblast of lung"": 44, ""brush cell of tracheobronchial tree"": 4, ""classical monocyte"": 234, ""club cell"": 15386, ""conventional dendritic cell"": 4, ""dendritic cell"": 1028, ""elicited macrophage"": 62, ""epithelial cell of lower respiratory tract"": 2, ""fibroblast"": 34, ""ionocyte"": 146, ""lung macrophage"": 24, ""lung secretory cell"": 14, ""macrophage"": 52, ""mast cell"": 393, ""monocyte"": 124, ""mucus secreting cell"": 2, ""multiciliated columnar cell of tracheobronchial tree"": 7562, ""multiciliated epithelial cell"": 4198, ""nasal mucosa goblet cell"": 33872, ""natural killer cell"": 82, ""non-classical monocyte"": 14, ""plasma cell"": 2, ""plasmacytoid dendritic cell"": 430, ""respiratory basal cell"": 1060, ""respiratory tract hillock cell"": 3846, ""secretory cell"": 24633, ""tracheobronchial goblet cell"": 4, ""unknown"": 75, ""vein endothelial cell"": 27}"
Homo sapiens,nose,Seq-Well,"{""B cell"": 23, ""CD1c-positive myeloid dendritic cell"": 433, ""CD4-positive, alpha-beta T cell"": 134, ""CD8-positive, alpha-beta T cell"": 874, ""T cell"": 8, ""acinar cell"": 39, ""alveolar adventitial fibroblast"": 58, ""alveolar macrophage"": 10, ""alveolar type 1 fibroblast cell"": 8, ""bronchial goblet cell"": 2, ""bronchus fibroblast of lung"": 158, ""brush cell of tracheobronchial tree"": 8, ""capillary endothelial cell"": 1, ""classical monocyte"": 794, ""club cell"": 2501, ""conventional dendritic cell"": 4, ""dendritic cell"": 1, ""elicited macrophage"": 83, ""endothelial cell of lymphatic vessel"": 2, ""fibroblast"": 1, ""ionocyte"": 78, ""lung macrophage"": 44, ""lung pericyte"": 6, ""mast cell"": 516, ""mucus secreting cell"": 114, ""multiciliated columnar cell of tracheobronchial tree"": 914, ""multiciliated epithelial cell"": 79, ""myofibroblast cell"": 1, ""nasal mucosa goblet cell"": 4918, ""natural killer cell"": 51, ""non-classical monocyte"": 9, ""plasma cell"": 2587, ""plasmacytoid dendritic cell"": 12, ""pulmonary alveolar type 1 cell"": 2, ""pulmonary alveolar type 2 cell"": 7, ""pulmonary artery endothelial cell"": 30, ""respiratory basal cell"": 5381, ""respiratory tract hillock cell"": 5, ""serous secreting cell"": 982, ""tracheobronchial serous cell"": 108, ""tracheobronchial smooth muscle cell"": 71, ""unknown"": 15166, ""vein endothelial cell"": 517}"
Homo sapiens,nose skin,10x 3' v3,"{""CD8-positive, alpha-beta memory T cell, CD45RO-positive"": 1002, ""Schwann cell"": 8, ""basal cell"": 217, ""basal cell of epidermis"": 12, ""chondrocyte"": 20, ""conventional dendritic cell"": 429, ""cytotoxic T cell"": 375, ""dendritic cell"": 22, ""endothelial cell of lymphatic vessel"": 19, ""endothelial cell of vascular tree"": 44, ""fibroblast"": 1799, ""hair follicular keratinocyte"": 12, ""helper T cell"": 1772, ""innate lymphoid cell"": 387, ""macrophage"": 674, ""mast cell"": 48, ""melanocyte of skin"": 72, ""monocyte"": 200, ""natural killer cell"": 1220, ""pericyte"": 407, ""plasma cell"": 9, ""plasmacytoid dendritic cell"": 123, ""regulatory T cell"": 789, ""sebocyte"": 2, ""smooth muscle cell"": 1, ""suprabasal keratinocyte"": 7}"
Homo sapiens,nose skin,10x 5' transcription profiling,"{""CD4-positive, alpha-beta T cell"": 68, ""CD8-positive, CD28-negative, alpha-beta regulatory T cell"": 37, ""activated CD8-positive, alpha-beta T cell, human"": 23, ""central memory CD8-positive, alpha-beta T cell"": 97, ""macrophage"": 28}"
Homo sapiens,nucleus accumbens,10x 3' v3,"{""GABAergic interneuron"": 328, ""astrocyte"": 1099, ""direct pathway medium spiny neuron"": 5891, ""immature microglial cell"": 63, ""indirect pathway medium spiny neuron"": 4919, ""macrophage"": 22, ""microglial cell"": 429, ""oligodendrocyte"": 6134, ""oligodendrocyte precursor cell"": 669, ""pvalb GABAergic cortical interneuron"": 338, ""unknown"": 679}"
Homo sapiens,occipital cortex,10x 3' v3,"{""astrocyte"": 21446, ""cell"": 60, ""endothelial cell"": 2113, ""erythrocyte"": 120, ""fibroblast"": 6, ""glioblast"": 7604, ""macrophage"": 142, ""microglial cell"": 4550, ""neuroblast (sensu Nematoda and Protostomia)"": 3822, ""neuroblast (sensu Vertebrata)"": 9750, ""neuron"": 119202, ""oligodendrocyte"": 50343, ""oligodendrocyte precursor cell"": 6953, ""radial glial cell"": 3207}"
Homo sapiens,occipital lobe,10x 3' v3,"{""astrocyte"": 1, ""dendritic cell"": 17, ""endothelial cell"": 4, ""macrophage"": 1117, ""malignant cell"": 5282, ""mature T cell"": 83, ""microglial cell"": 968, ""monocyte"": 52, ""mural cell"": 3, ""neuron"": 134, ""oligodendrocyte"": 1021, ""oligodendrocyte precursor cell"": 113, ""radial glial cell"": 4}"
Homo sapiens,ocular surface region,10x 3' v3,"{""B cell"": 39, ""Schwann cell"": 659, ""blood vessel endothelial cell"": 290, ""capillary endothelial cell"": 125, ""conjunctival epithelial cell"": 14913, ""corneal endothelial cell"": 5, ""endothelial cell"": 1736, ""endothelial cell of artery"": 8, ""endothelial cell of lymphatic vessel"": 776, ""endothelial cell of venule"": 387, ""epithelial cell"": 29443, ""fibroblast"": 21410, ""keratocyte"": 41251, ""leukocyte"": 410, ""lymphocyte"": 597, ""macrophage"": 1102, ""mast cell"": 174, ""melanocyte"": 1156, ""monocyte"": 50, ""myelinating Schwann cell"": 26, ""pericyte"": 1343, ""progenitor cell"": 3452, ""smooth muscle cell"": 82}"
Homo sapiens,ocular surface region,Smart-seq2,"{""B cell"": 3, ""CD4-positive, alpha-beta T cell"": 24, ""CD8-positive, alpha-beta T cell"": 6, ""Schwann cell"": 6, ""T cell"": 18, ""adipocyte"": 6, ""conjunctival epithelial cell"": 6, ""corneal epithelial cell"": 9, ""fibroblast"": 27, ""microglial cell"": 6, ""monocyte"": 6}"
Homo sapiens,omental fat pad,10x 3' v3,"{""B cell"": 158, ""T cell"": 5610, ""adipocyte"": 22950, ""dendritic cell"": 990, ""endothelial cell"": 11452, ""endothelial cell of lymphatic vessel"": 4110, ""immature NK T cell"": 1126, ""macrophage"": 17732, ""mast cell"": 554, ""mesothelial cell"": 60964, ""monocyte"": 624, ""neutrophil"": 40, ""pericyte"": 1488, ""preadipocyte"": 29292, ""smooth muscle cell"": 2462, ""stromal cell of endometrium"": 309}"
Homo sapiens,omentum,10x 3' v3,"{""B cell"": 7174, ""T cell"": 110136, ""dendritic cell"": 1497, ""endothelial cell"": 6777, ""fallopian tube secretory epithelial cell"": 104040, ""fibroblast"": 38319, ""mast cell"": 742, ""monocyte"": 70004, ""plasma cell"": 5403}"
Homo sapiens,omentum,10x 5' v1,"{""CD16-negative, CD56-bright natural killer cell, human"": 14, ""CD16-positive, CD56-dim natural killer cell, human"": 52, ""CD4-positive helper T cell"": 190, ""CD8-positive, alpha-beta memory T cell"": 8, ""CD8-positive, alpha-beta memory T cell, CD45RO-positive"": 142, ""T follicular helper cell"": 52, ""alpha-beta T cell"": 48, ""alveolar macrophage"": 48, ""classical monocyte"": 56, ""conventional dendritic cell"": 4, ""dendritic cell, human"": 2, ""effector memory CD4-positive, alpha-beta T cell"": 74, ""effector memory CD8-positive, alpha-beta T cell, terminally differentiated"": 70, ""gamma-delta T cell"": 26, ""group 3 innate lymphoid cell"": 2, ""lymphocyte"": 18, ""macrophage"": 54, ""mast cell"": 3, ""memory B cell"": 180, ""mucosal invariant T cell"": 24, ""naive B cell"": 28, ""naive thymus-derived CD4-positive, alpha-beta T cell"": 12, ""naive thymus-derived CD8-positive, alpha-beta T cell"": 10, ""non-classical monocyte"": 42, ""regulatory T cell"": 28, ""unknown"": 4}"
Homo sapiens,omentum,microwell-seq,"{""B cell"": 6, ""T cell"": 107, ""alternatively activated macrophage"": 1, ""dendritic cell"": 106, ""endothelial cell"": 35, ""epithelial cell"": 6457, ""fibroblast"": 107, ""macrophage"": 731, ""mast cell"": 14, ""mesenchymal stem cell"": 2, ""mesothelial cell"": 21, ""monocyte"": 153, ""neutrophil"": 876, ""plasma cell"": 23, ""professional antigen presenting cell"": 6, ""smooth muscle cell"": 1, ""stromal cell"": 4166}"
Homo sapiens,optic choroid,10x 3' v2,"{""B cell"": 5, ""T cell"": 90, ""blood vessel smooth muscle cell"": 1, ""endothelial cell of arteriole"": 33, ""endothelial cell of venule"": 177, ""fenestrated endothelial cell"": 4, ""fibroblast"": 598, ""macrophage"": 30, ""mast cell"": 4, ""melanocyte"": 161, ""monocyte"": 13, ""natural killer cell"": 6, ""plasma cell"": 2, ""retinal pigment epithelial cell"": 35}"
Homo sapiens,optic choroid,10x 3' v3,"{""B cell"": 1536, ""T cell"": 8608, ""blood vessel smooth muscle cell"": 3002, ""dendritic cell"": 22, ""endothelial cell of arteriole"": 413, ""endothelial cell of venule"": 768, ""fenestrated endothelial cell"": 81, ""fibroblast"": 7373, ""macrophage"": 4717, ""mast cell"": 739, ""melanocyte"": 14332, ""monocyte"": 597, ""myelinating Schwann cell"": 111, ""natural killer cell"": 1830, ""non-myelinating Schwann cell"": 3184, ""pericyte"": 882, ""plasma cell"": 767, ""retinal pigment epithelial cell"": 2186}"
Homo sapiens,optic disc,10x 3' v3,"{""B cell"": 295, ""GABAergic amacrine cell"": 5896, ""H1 horizontal cell"": 3876, ""H2 horizontal cell"": 598, ""Mueller cell"": 15362, ""OFF midget ganglion cell"": 1744, ""OFF parasol ganglion cell"": 116, ""OFFx cell"": 399, ""ON midget ganglion cell"": 842, ""ON parasol ganglion cell"": 99, ""ON-blue cone bipolar cell"": 100, ""S cone cell"": 280, ""Schwann cell"": 1, ""T cell"": 1433, ""adipocyte"": 8, ""amacrine cell"": 577, ""astrocyte"": 174001, ""blood vessel endothelial cell"": 10284, ""capillary endothelial cell"": 5880, ""dendritic cell"": 27, ""diffuse bipolar 1 cell"": 1566, ""diffuse bipolar 2 cell"": 3247, ""diffuse bipolar 3a cell"": 1540, ""diffuse bipolar 3b cell"": 1727, ""diffuse bipolar 4a cell"": 2002, ""diffuse bipolar 4b cell"": 338, ""diffuse bipolar 5 cell"": 1985, ""diffuse bipolar 6 cell"": 721, ""endothelial cell"": 1090, ""endothelial cell of venule"": 3712, ""fenestrated endothelial cell"": 3418, ""fibroblast"": 58162, ""flat midget bipolar cell"": 4713, ""giant bipolar cell"": 927, ""glycinergic amacrine cell"": 3945, ""invaginating midget bipolar cell"": 4497, ""macrophage"": 3862, ""mast cell"": 82, ""melanocyte"": 8548, ""microglial cell"": 9942, ""myelinating Schwann cell"": 74, ""natural killer cell"": 199, ""non-myelinating Schwann cell"": 1005, ""oligodendrocyte"": 123327, ""oligodendrocyte precursor cell"": 3392, ""pericyte"": 2352, ""pigmented epithelial cell"": 2722, ""retinal astrocyte"": 32536, ""retinal cone cell"": 3787, ""retinal ganglion cell"": 458, ""retinal pigment epithelial cell"": 8452, ""retinal rod cell"": 57438, ""rod bipolar cell"": 7803, ""vascular associated smooth muscle cell"": 2277}"
Homo sapiens,oral cavity,10x 3' v3,"{""B cell"": 2108, ""T cell"": 11614, ""endothelial cell"": 871, ""fibroblast"": 1428, ""mast cell"": 623, ""myeloid cell"": 4156, ""oral mucosa squamous cell"": 7386}"
Homo sapiens,orbitofrontal cortex,Drop-seq,"{""GABAergic neuron"": 1722, ""glial cell"": 233, ""glutamatergic neuron"": 2748, ""neural progenitor cell"": 1171}"
Homo sapiens,oropharynx,10x 3' v3,"{""B cell"": 14675, ""CD4-positive, alpha-beta T cell"": 10364, ""CD8-positive, alpha-beta T cell"": 8701, ""endothelial cell"": 1810, ""endothelial cell of lymphatic vessel"": 205, ""epithelial cell"": 21297, ""fibroblast"": 3438, ""mast cell"": 517, ""mature alpha-beta T cell"": 302, ""mural cell"": 1793, ""myeloid cell"": 6901, ""natural killer cell"": 1398, ""plasma cell"": 6929, ""plasmacytoid dendritic cell"": 447, ""regulatory T cell"": 4067}"
Homo sapiens,ovary,10x 3' v2,"{""B cell"": 2479, ""T cell"": 13332, ""endothelial cell"": 4709, ""epithelial cell"": 6361, ""fibroblast"": 20455, ""granulosa cell"": 4768, ""innate lymphoid cell"": 593, ""malignant cell"": 12277, ""mast cell"": 129, ""megakaryocyte"": 3, ""mononuclear phagocyte"": 9836, ""natural killer cell"": 613, ""neutrophil"": 11, ""plasmacytoid dendritic cell"": 224, ""smooth muscle cell"": 725, ""stromal cell of ovary"": 6399, ""theca cell"": 4079}"
Homo sapiens,ovary,10x 3' v3,"{""blood vessel endothelial cell"": 2518, ""endothelial cell"": 509, ""endothelial cell of lymphatic vessel"": 857, ""epithelial cell"": 778, ""granulosa cell"": 1746, ""leukocyte"": 2526, ""pericyte"": 3599, ""smooth muscle cell"": 1610, ""stromal cell"": 51612, ""stromal cell of ovary"": 19889, ""theca cell"": 454}"
Homo sapiens,ovary,Drop-seq,"{""endothelial cell"": 21, ""endothelial cell of lymphatic vessel"": 2, ""leukocyte"": 18, ""pericyte"": 91, ""smooth muscle cell"": 5, ""stromal cell"": 3665}"
Homo sapiens,ovary,Smart-seq2,"{""blood vessel smooth muscle cell"": 4, ""endothelial cell"": 69, ""epithelial cell"": 27, ""glandular secretory epithelial cell"": 5, ""glial cell"": 3, ""leukocyte"": 23, ""oocyte"": 33, ""plasma cell"": 2, ""smooth muscle cell"": 1572, ""stromal cell"": 3894, ""theca cell"": 30, ""unknown"": 18}"
Homo sapiens,ovary,Smart-seq3,"{""B cell"": 6, ""endothelial cell"": 105, ""glandular secretory epithelial cell"": 2, ""leukocyte"": 57, ""oocyte"": 2, ""plasma cell"": 3, ""smooth muscle cell"": 2241, ""stromal cell"": 2583, ""theca cell"": 6}"
Homo sapiens,ovary,microwell-seq,"{""B cell"": 7, ""Sertoli cell"": 2, ""T cell"": 57, ""cell of skeletal muscle"": 12, ""cord blood hematopoietic stem cell"": 6, ""dendritic cell"": 81, ""embryonic stem cell"": 1, ""endothelial cell"": 310, ""epithelial cell"": 2124, ""erythroid lineage cell"": 145, ""erythroid progenitor cell"": 35, ""fibroblast"": 2089, ""macrophage"": 72, ""mesenchymal stem cell"": 204, ""monocyte"": 21, ""neuron"": 2, ""neutrophil"": 20, ""primordial germ cell"": 1514, ""professional antigen presenting cell"": 2, ""smooth muscle cell"": 222, ""stromal cell"": 15}"
Homo sapiens,pancreas,10x 3' v2,"{""acinar cell"": 1546, ""basal cell"": 12, ""endothelial cell"": 1710, ""enteroendocrine cell"": 1, ""epithelial cell"": 1, ""epithelial cell of pancreas"": 1705, ""hepatic stellate cell"": 107, ""interstitial cell of Cajal"": 1, ""macrophage"": 551, ""mesodermal cell"": 2, ""mesothelial cell"": 10, ""neuroendocrine cell"": 4, ""pancreatic A cell"": 883, ""pancreatic D cell"": 322, ""pancreatic PP cell"": 74, ""pancreatic acinar cell"": 56426, ""pancreatic ductal cell"": 19838, ""pancreatic epsilon cell"": 666, ""pancreatic stellate cell"": 1764, ""pericyte"": 3, ""stem cell"": 24, ""stromal cell"": 2, ""type B pancreatic cell"": 5511}"
Homo sapiens,pancreas,10x 3' v3,"{""acinar cell"": 839, ""endothelial cell"": 28, ""epithelial cell"": 1, ""epithelial cell of pancreas"": 7544, ""neuroendocrine cell"": 1, ""pancreatic A cell"": 3, ""pancreatic ductal cell"": 3869, ""pancreatic epsilon cell"": 433, ""pulmonary alveolar type 1 cell"": 1, ""stem cell"": 25, ""type B pancreatic cell"": 253}"
Homo sapiens,pancreas,10x multiome,"{""acinar cell"": 103, ""endothelial cell"": 1, ""epithelial cell of pancreas"": 1588, ""mesodermal cell"": 1, ""mesothelial cell"": 1, ""pancreatic A cell"": 34732, ""pancreatic D cell"": 4936, ""pancreatic ductal cell"": 228, ""pancreatic epsilon cell"": 2, ""type B pancreatic cell"": 24233}"
Homo sapiens,pancreas,CEL-seq2,"{""endothelial cell"": 49, ""mesenchymal cell"": 78, ""pancreatic A cell"": 1613, ""pancreatic D cell"": 363, ""pancreatic PP cell"": 196, ""pancreatic acinar cell"": 226, ""pancreatic ductal cell"": 695, ""pancreatic endocrine cell"": 8, ""pancreatic epsilon cell"": 3, ""pancreatic stellate cell"": 86, ""type B pancreatic cell"": 924}"
Homo sapiens,pancreas,microwell-seq,"{""B cell"": 887, ""Sertoli cell"": 2, ""T cell"": 7400, ""acinar cell"": 3255, ""basal cell"": 1, ""cell of skeletal muscle"": 16, ""cord blood hematopoietic stem cell"": 46, ""dendritic cell"": 471, ""endocrine cell"": 656, ""endothelial cell"": 1632, ""enterocyte"": 3787, ""epithelial cell"": 542, ""epithelial cell of exocrine pancreas"": 5567, ""epithelial cell of proximal tubule"": 3, ""erythroid lineage cell"": 502, ""erythroid progenitor cell"": 25, ""fibroblast"": 45, ""macrophage"": 368, ""mast cell"": 5, ""mesenchymal stem cell"": 2342, ""monocyte"": 92, ""neuron"": 289, ""neutrophil"": 10, ""plasma cell"": 22, ""primordial germ cell"": 13, ""professional antigen presenting cell"": 44, ""smooth muscle cell"": 193, ""stromal cell"": 258}"
Homo sapiens,pancreas,sci-RNA-seq3,"{""acinar cell"": 14212, ""endocrine cell"": 5905, ""endothelial cell of lymphatic vessel"": 178, ""endothelial cell of vascular tree"": 5968, ""enteric neuron"": 348, ""erythroblast"": 1578, ""glial cell"": 1306, ""innate lymphoid cell"": 7877, ""mesothelial cell"": 150, ""myeloid cell"": 1899, ""pancreatic ductal cell"": 6077, ""smooth muscle cell"": 3310, ""stromal cell"": 8136}"
Homo sapiens,paracolic gutter,10x 3' v3,"{""B cell"": 46, ""T cell"": 3807, ""dendritic cell"": 42, ""endothelial cell"": 464, ""fallopian tube secretory epithelial cell"": 2914, ""fibroblast"": 1781, ""mast cell"": 26, ""monocyte"": 2311, ""plasma cell"": 967}"
Homo sapiens,parenchyma of mammary gland,10x gene expression flex,"{""CD4-positive, alpha-beta memory T cell"": 252, ""activated CD8-positive, alpha-beta T cell"": 9, ""capillary endothelial cell"": 582, ""classical monocyte"": 429, ""conventional dendritic cell"": 7, ""cytotoxic T cell"": 573, ""dendritic cell, human"": 12, ""fibroblast of breast"": 780, ""fibroblast of lung"": 732, ""granulocyte"": 3, ""macrophage"": 237, ""malignant cell"": 4691, ""mast cell"": 128, ""natural T-regulatory cell"": 339, ""natural killer cell"": 114, ""pericyte"": 283, ""plasma cell"": 759, ""plasmacytoid dendritic cell"": 73, ""smooth muscle cell"": 686}"
Homo sapiens,parietal cortex,10x 3' v2,"{""Cajal-Retzius cell"": 16, ""blood vessel endothelial cell"": 831, ""cerebral cortex GABAergic interneuron"": 11641, ""cerebral cortex endothelial cell"": 16, ""forebrain radial glial cell"": 12494, ""glutamatergic neuron"": 30367, ""microglial cell"": 2900, ""oligodendrocyte precursor cell"": 2490, ""progenitor cell"": 12446, ""unknown"": 21242}"
Homo sapiens,parietal lobe,10x 3' v3,"{""B cell"": 43, ""dendritic cell"": 66, ""endothelial cell"": 42, ""macrophage"": 10146, ""malignant cell"": 10289, ""mast cell"": 2, ""mature T cell"": 1088, ""microglial cell"": 4066, ""monocyte"": 745, ""mural cell"": 10, ""natural killer cell"": 38, ""neutrophil"": 1, ""oligodendrocyte"": 704, ""oligodendrocyte precursor cell"": 1783, ""plasma cell"": 4, ""radial glial cell"": 15}"
Homo sapiens,parietal lobe,10x multiome,"{""L2/3 intratelencephalic projecting glutamatergic neuron"": 1294, ""VIP GABAergic cortical interneuron"": 371, ""astrocyte"": 718, ""cerebral cortex GABAergic interneuron"": 161, ""committed oligodendrocyte precursor"": 10, ""endothelial cell"": 299, ""glutamatergic neuron"": 1843, ""lamp5 GABAergic cortical interneuron"": 161, ""microglial cell"": 283, ""oligodendrocyte"": 2625, ""oligodendrocyte precursor cell"": 286, ""pvalb GABAergic cortical interneuron"": 347, ""sst GABAergic cortical interneuron"": 439, ""unknown"": 257, ""vascular leptomeningeal cell"": 47}"
Homo sapiens,parietal lobe,Drop-seq,"{""GABAergic neuron"": 5549, ""glial cell"": 671, ""glutamatergic neuron"": 15746, ""neural progenitor cell"": 2261}"
Homo sapiens,parietal peritoneum,10x 3' v3,"{""B cell"": 48, ""T cell"": 2720, ""dendritic cell"": 56, ""endothelial cell"": 431, ""fallopian tube secretory epithelial cell"": 1687, ""fibroblast"": 4763, ""mast cell"": 92, ""monocyte"": 3472, ""plasma cell"": 1132}"
Homo sapiens,parotid gland,10x 3' v3,"{""B cell"": 12275, ""CD16-negative, CD56-bright natural killer cell, human"": 264, ""CD16-positive, CD56-dim natural killer cell, human"": 40, ""CD4-positive helper T cell"": 723, ""CD4-positive, alpha-beta T cell"": 3531, ""CD4-positive, alpha-beta memory T cell"": 4032, ""CD8-positive, alpha-beta T cell"": 11252, ""CD8-positive, alpha-beta memory T cell"": 640, ""IgG plasma cell"": 8, ""Langerhans cell"": 25, ""Schwann cell"": 177, ""T cell"": 417, ""T follicular helper cell"": 4700, ""T-helper 17 cell"": 1064, ""TREM2-positive macrophage"": 30, ""acinar cell of salivary gland"": 27788, ""adventitial cell"": 963, ""basal cell"": 361, ""blood vessel endothelial cell"": 47, ""capillary endothelial cell"": 12, ""classical monocyte"": 129, ""conventional dendritic cell"": 155, ""cycling T cell"": 72, ""dendritic cell"": 284, ""dendritic cell, human"": 85, ""duct epithelial cell"": 3822, ""effector memory CD8-positive, alpha-beta T cell"": 400, ""endothelial cell"": 808, ""endothelial cell of artery"": 39, ""endothelial cell of lymphatic vessel"": 207, ""endothelial cell of vascular tree"": 513, ""epithelial cell"": 9634, ""fibroblast"": 7113, ""fibroblast of gingiva"": 16, ""fibroblastic reticular cell"": 8, ""gamma-delta T cell"": 140, ""gastrointestinal tract (lamina propria) macrophage"": 72, ""germinal center B cell"": 80, ""group 3 innate lymphoid cell"": 144, ""hematopoietic precursor cell"": 3, ""innate lymphoid cell"": 110, ""intermediate monocyte"": 123, ""ionocyte"": 65, ""keratinocyte"": 75, ""lymphocyte"": 12292, ""macrophage"": 2494, ""mast cell"": 51, ""mature NK T cell"": 30, ""memory B cell"": 3524, ""monocyte"": 324, ""mucosal invariant T cell"": 104, ""mural cell"": 53, ""muscle cell"": 1, ""myeloid cell"": 6825, ""myoepithelial cell"": 399, ""naive B cell"": 5144, ""naive thymus-derived CD4-positive, alpha-beta T cell"": 8560, ""naive thymus-derived CD8-positive, alpha-beta T cell"": 1712, ""natural killer cell"": 291, ""neutrophil"": 2015, ""pericyte"": 4, ""plasma cell"": 1001, ""plasmablast"": 4, ""plasmacytoid dendritic cell, human"": 15, ""precursor B cell"": 16, ""regulatory T cell"": 2232, ""salivary gland glandular cell"": 426, ""tissue-resident macrophage"": 1944, ""vascular associated smooth muscle cell"": 142, ""vein endothelial cell"": 20}"
Homo sapiens,parotid gland,Smart-seq2,"{""B cell"": 279, ""CD4-positive, alpha-beta T cell"": 681, ""CD8-positive, alpha-beta T cell"": 345, ""acinar cell of salivary gland"": 246, ""adventitial cell"": 381, ""basal cell"": 3, ""duct epithelial cell"": 105, ""endothelial cell"": 258, ""endothelial cell of artery"": 6, ""endothelial cell of lymphatic vessel"": 24, ""fibroblast"": 648, ""macrophage"": 33, ""mature NK T cell"": 6, ""monocyte"": 6, ""myeloid dendritic cell"": 3, ""myoepithelial cell"": 30, ""neutrophil"": 21, ""pericyte"": 3, ""plasma cell"": 84, ""tissue-resident macrophage"": 12, ""vascular associated smooth muscle cell"": 3}"
Homo sapiens,perifoveal part of retina,10x 3' v3,"{""Mueller cell"": 6263, ""amacrine cell"": 694, ""cone retinal bipolar cell"": 8815, ""microglial cell"": 163, ""pericyte"": 271, ""retina horizontal cell"": 1032, ""retinal astrocyte"": 360, ""retinal blood vessel endothelial cell"": 438, ""retinal cone cell"": 273, ""retinal ganglion cell"": 4937, ""retinal rod cell"": 3087, ""rod bipolar cell"": 2034}"
Homo sapiens,periodontium,10x 3' v2,"{""CD16-negative, CD56-bright natural killer cell, human"": 12, ""CD16-positive, CD56-dim natural killer cell, human"": 84, ""CD4-positive, alpha-beta memory T cell"": 68, ""CD8-positive, alpha-beta memory T cell"": 12, ""IgA plasma cell"": 8, ""IgG plasma cell"": 32, ""Schwann cell"": 13, ""T follicular helper cell"": 4, ""T-helper 17 cell"": 36, ""TREM2-positive macrophage"": 40, ""basal cell"": 848, ""capillary endothelial cell"": 424, ""conventional dendritic cell"": 65, ""effector memory CD8-positive, alpha-beta T cell"": 56, ""endothelial cell"": 28, ""endothelial cell of artery"": 316, ""endothelial cell of lymphatic vessel"": 4, ""endothelial cell of vascular tree"": 616, ""enteric neuron"": 4, ""enteroglial cell"": 68, ""epithelial cell"": 1120, ""fibroblast"": 627, ""fibroblast of gingiva"": 560, ""gamma-delta T cell"": 4, ""gastrointestinal tract (lamina propria) macrophage"": 220, ""group 3 innate lymphoid cell"": 8, ""keratinocyte"": 788, ""lymphocyte"": 262, ""macrophage"": 115, ""mast cell"": 15, ""melanocyte"": 4, ""memory B cell"": 4, ""monocyte"": 80, ""mucosal invariant T cell"": 16, ""mural cell"": 399, ""myeloid cell"": 91, ""naive B cell"": 8, ""naive thymus-derived CD4-positive, alpha-beta T cell"": 20, ""naive thymus-derived CD8-positive, alpha-beta T cell"": 4, ""pericyte"": 1216, ""plasmacytoid dendritic cell, human"": 10, ""regulatory T cell"": 12, ""vascular associated smooth muscle cell"": 656, ""vein endothelial cell"": 1352}"
Homo sapiens,peripheral region of retina,10x 3' v1,"{""Mueller cell"": 86, ""amacrine cell"": 174, ""retina horizontal cell"": 44, ""retinal astrocyte"": 9, ""retinal cone cell"": 33, ""retinal ganglion cell"": 230, ""retinal progenitor cell"": 426, ""retinal rod cell"": 55}"
Homo sapiens,peripheral region of retina,10x 3' v2,"{""GABAergic amacrine cell"": 12716, ""H1 horizontal cell"": 876, ""H2 horizontal cell"": 720, ""Mueller cell"": 22246, ""OFF-bipolar cell"": 3128, ""OFFx cell"": 361, ""ON-bipolar cell"": 4649, ""ON-blue cone bipolar cell"": 44, ""S cone cell"": 96, ""amacrine cell"": 2183, ""astrocyte"": 2407, ""diffuse bipolar 1 cell"": 745, ""diffuse bipolar 2 cell"": 1380, ""diffuse bipolar 3a cell"": 1636, ""diffuse bipolar 3b cell"": 584, ""diffuse bipolar 4 cell"": 1087, ""diffuse bipolar 6 cell"": 638, ""endothelial cell"": 211, ""flat midget bipolar cell"": 2329, ""giant bipolar cell"": 753, ""glycinergic amacrine cell"": 11073, ""invaginating midget bipolar cell"": 2186, ""microglial cell"": 747, ""midget ganglion cell of retina"": 294, ""parasol ganglion cell of retina"": 43, ""retina horizontal cell"": 826, ""retinal astrocyte"": 2, ""retinal bipolar neuron"": 14349, ""retinal cone cell"": 2034, ""retinal ganglion cell"": 1400, ""retinal pigment epithelial cell"": 43, ""retinal progenitor cell"": 3056, ""retinal rod cell"": 41159, ""rod bipolar cell"": 16088, ""starburst amacrine cell"": 437}"
Homo sapiens,peripheral region of retina,10x 3' v3,"{""B cell"": 92, ""GABAergic amacrine cell"": 339117, ""H1 horizontal cell"": 8310, ""H2 horizontal cell"": 3922, ""Mueller cell"": 111709, ""OFF midget ganglion cell"": 23722, ""OFF parasol ganglion cell"": 464, ""OFF-bipolar cell"": 708, ""OFFx cell"": 26499, ""ON midget ganglion cell"": 10058, ""ON parasol ganglion cell"": 426, ""ON-bipolar cell"": 1835, ""ON-blue cone bipolar cell"": 3701, ""S cone cell"": 4067, ""Schwann cell"": 118, ""T cell"": 454, ""amacrine cell"": 173932, ""astrocyte"": 4942, ""diffuse bipolar 1 cell"": 60612, ""diffuse bipolar 2 cell"": 80610, ""diffuse bipolar 3a cell"": 14203, ""diffuse bipolar 3b cell"": 43671, ""diffuse bipolar 4 cell"": 51943, ""diffuse bipolar 6 cell"": 26936, ""endothelial cell"": 249, ""fibroblast"": 3335, ""flat midget bipolar cell"": 150551, ""giant bipolar cell"": 30745, ""glial cell"": 2644, ""glycinergic amacrine cell"": 169930, ""invaginating midget bipolar cell"": 66615, ""macroglial cell"": 2763, ""macrophage"": 1663, ""mast cell"": 60, ""mature NK T cell"": 223, ""melanocyte"": 3007, ""microglial cell"": 3007, ""myelinating Schwann cell"": 25, ""natural killer cell"": 110, ""pericyte"": 80, ""pigmented epithelial cell"": 1151, ""retina horizontal cell"": 555, ""retinal astrocyte"": 29, ""retinal bipolar neuron"": 75251, ""retinal blood vessel endothelial cell"": 47, ""retinal cone cell"": 63033, ""retinal ganglion cell"": 10284, ""retinal pigment epithelial cell"": 355, ""retinal progenitor cell"": 2423, ""retinal rod cell"": 737399, ""rod bipolar cell"": 121058, ""starburst amacrine cell"": 25969, ""vascular associated smooth muscle cell"": 5}"
Homo sapiens,peripheral region of retina,10x multiome,"{""GABAergic amacrine cell"": 4539, ""H1 horizontal cell"": 72, ""H2 horizontal cell"": 387, ""Mueller cell"": 1353, ""OFF parasol ganglion cell"": 52, ""OFFx cell"": 111, ""ON parasol ganglion cell"": 655, ""ON-bipolar cell"": 206, ""S cone cell"": 98, ""amacrine cell"": 3048, ""diffuse bipolar 1 cell"": 324, ""diffuse bipolar 2 cell"": 413, ""diffuse bipolar 3a cell"": 307, ""diffuse bipolar 3b cell"": 934, ""diffuse bipolar 4 cell"": 1, ""diffuse bipolar 6 cell"": 83, ""flat midget bipolar cell"": 605, ""glycinergic amacrine cell"": 597, ""invaginating midget bipolar cell"": 143, ""midget ganglion cell of retina"": 4172, ""retina horizontal cell"": 3883, ""retinal bipolar neuron"": 1294, ""retinal cone cell"": 4435, ""retinal ganglion cell"": 8795, ""retinal progenitor cell"": 40266, ""retinal rod cell"": 23285, ""rod bipolar cell"": 227, ""starburst amacrine cell"": 247}"
Homo sapiens,peripheral zone of prostate,10x 3' v2,"{""B cell"": 6, ""CD141-positive myeloid dendritic cell"": 2, ""CD1c-positive myeloid dendritic cell"": 94, ""CD4-positive, alpha-beta thymocyte"": 94, ""basal cell of prostate epithelium"": 54558, ""classical monocyte"": 28, ""dendritic cell"": 86, ""effector CD4-positive, alpha-beta T cell"": 10, ""epithelial cell of urethra"": 4850, ""fibroblast of connective tissue of glandular part of prostate"": 476, ""fibroblast of connective tissue of nonglandular part of prostate"": 270, ""fibroblast of connective tissue of prostate"": 818, ""granulocyte"": 28, ""leukocyte"": 358, ""luminal cell of prostate epithelium"": 7394, ""mature NK T cell"": 2, ""neuroendocrine cell"": 40, ""non-classical monocyte"": 14, ""pericyte"": 280, ""plasma cell"": 6, ""prostate gland microvascular endothelial cell"": 1473, ""prostate stromal cell"": 176, ""secretory cell"": 1840, ""smooth muscle cell of prostate"": 1328, ""vascular associated smooth muscle cell"": 172}"
Homo sapiens,perirenal fat,10x 5' transcription profiling,"{""B cell"": 244, ""CD4-positive, CD25-positive, alpha-beta regulatory T cell"": 3, ""CD4-positive, alpha-beta T cell"": 134, ""CD8-positive, alpha-beta T cell"": 109, ""IgA plasma cell"": 20, ""IgG plasma cell"": 11, ""activated type II NK T cell"": 135, ""class switched memory B cell"": 16, ""classical monocyte"": 27, ""collagen secreting cell"": 10, ""conventional dendritic cell"": 13, ""effector memory CD4-positive, alpha-beta T cell"": 13, ""effector memory CD8-positive, alpha-beta T cell"": 127, ""endothelial cell"": 52, ""endothelial cell of lymphatic vessel"": 24, ""epithelial cell of proximal tubule"": 1, ""epithelial cell of proximal tubule segment 1"": 3, ""fibroblast"": 379, ""gamma-delta T cell"": 9, ""innate lymphoid cell"": 9, ""macrophage"": 309, ""mucosal invariant T cell"": 24, ""naive B cell"": 17, ""naive thymus-derived CD4-positive, alpha-beta T cell"": 24, ""naive thymus-derived CD8-positive, alpha-beta T cell"": 4, ""natural killer cell"": 149, ""non-classical monocyte"": 23, ""plasmacytoid dendritic cell"": 3, ""podocyte"": 1, ""unknown"": 119, ""unswitched memory B cell"": 109}"
Homo sapiens,peritoneum,10x 3' v3,"{""B cell"": 2738, ""T cell"": 46608, ""dendritic cell"": 753, ""endothelial cell"": 551, ""fallopian tube secretory epithelial cell"": 42449, ""fibroblast"": 10927, ""malignant cell"": 93, ""mast cell"": 160, ""monocyte"": 39853, ""plasma cell"": 1870}"
Homo sapiens,pigment epithelium of eye,10x 3' v2,"{""T cell"": 157, ""endothelial cell of vascular tree"": 103, ""fibroblast"": 1355, ""mast cell"": 30, ""melanocyte"": 157, ""microglial cell"": 2, ""monocyte"": 299, ""natural killer cell"": 44, ""pericyte"": 15, ""retinal pigment epithelial cell"": 186}"
Homo sapiens,pigmented layer of retina,10x 3' v2,"{""T cell"": 1, ""macrophage"": 28, ""natural killer cell"": 1, ""retinal pigment epithelial cell"": 1432}"
Homo sapiens,pigmented layer of retina,10x 3' v3,"{""B cell"": 346, ""Schwann cell"": 1485, ""T cell"": 2683, ""astrocyte"": 38, ""endothelial cell"": 2750, ""fibroblast"": 5790, ""macrophage"": 4068, ""melanocyte"": 4752, ""microglial cell"": 7, ""myelinating Schwann cell"": 63, ""natural killer cell"": 436, ""oligodendrocyte"": 5, ""pericyte"": 292, ""pigmented epithelial cell"": 999, ""vascular associated smooth muscle cell"": 118}"
Homo sapiens,placenta,10x 3' v2,"{""B cell"": 28, ""CD16-positive, CD56-dim natural killer cell, human"": 2, ""Hofbauer cell"": 3517, ""T cell"": 191, ""conventional dendritic cell"": 11, ""decidual cell"": 3, ""decidual natural killer cell, human"": 40, ""dendritic cell"": 37, ""embryonic fibroblast"": 3268, ""endothelial cell"": 147, ""endothelial cell of lymphatic vessel"": 25, ""endothelial cell of placenta"": 117, ""endothelial cell of uterus"": 168, ""epithelial cell"": 409, ""extravillous trophoblast"": 13043, ""fibroblast"": 2285, ""glandular secretory epithelial cell"": 44, ""granulocyte"": 40, ""group 3 innate lymphoid cell, human"": 9, ""innate lymphoid cell"": 1, ""macrophage"": 2942, ""monocyte"": 19, ""natural killer cell"": 94, ""placental villous trophoblast"": 43507, ""plasma cell"": 7, ""regulatory T cell"": 16, ""stromal cell"": 1395, ""syncytiotrophoblast cell"": 3093, ""unknown"": 10, ""uterine smooth muscle cell"": 72}"
Homo sapiens,placenta,10x 3' v3,"{""B cell"": 381, ""Hofbauer cell"": 42805, ""T cell"": 1083, ""decidual natural killer cell, human"": 949, ""dendritic cell"": 238, ""embryonic fibroblast"": 4996, ""endothelial cell of lymphatic vessel"": 96, ""endothelial cell of placenta"": 23778, ""endothelial cell of uterus"": 937, ""epithelial cell"": 1162, ""extravillous trophoblast"": 55351, ""fibroblast"": 26511, ""granulocyte"": 62, ""group 3 innate lymphoid cell, human"": 191, ""macrophage"": 16031, ""natural killer cell"": 717, ""perivascular cell"": 16615, ""placental villous trophoblast"": 57116, ""plasma cell"": 44, ""regulatory T cell"": 432, ""stromal cell"": 8083, ""syncytiotrophoblast cell"": 6922, ""unknown"": 385, ""uterine smooth muscle cell"": 102}"
Homo sapiens,placenta,microwell-seq,"{""B cell"": 2, ""T cell"": 11, ""alternatively activated macrophage"": 1, ""basal cell"": 1, ""cell of skeletal muscle"": 1, ""cord blood hematopoietic stem cell"": 3, ""dendritic cell"": 5, ""embryonic stem cell"": 2, ""endothelial cell"": 25, ""epithelial cell"": 1103, ""erythroid lineage cell"": 44, ""erythroid progenitor cell"": 1, ""fibroblast"": 6973, ""macrophage"": 1288, ""mesenchymal stem cell"": 1, ""monocyte"": 9, ""myeloid cell"": 1, ""neuron"": 3, ""neutrophil"": 7, ""plasma cell"": 3, ""professional antigen presenting cell"": 1, ""smooth muscle cell"": 32, ""stratified epithelial cell"": 3, ""stromal cell"": 75}"
Homo sapiens,placenta,sci-RNA-seq3,"{""chorionic trophoblast cell"": 366, ""endothelial cell of vascular tree"": 1846, ""extravillous trophoblast"": 1900, ""innate lymphoid cell"": 595, ""megakaryocyte"": 36, ""myeloid cell"": 412, ""smooth muscle cell"": 1124, ""stromal cell"": 11276, ""syncytiotrophoblast cell"": 18192, ""trophoblast giant cell"": 1390, ""unknown"": 113}"
Homo sapiens,pleura,microwell-seq,"{""B cell"": 14, ""T cell"": 52, ""alternatively activated macrophage"": 1, ""cord blood hematopoietic stem cell"": 5, ""dendritic cell"": 43, ""endothelial cell"": 14, ""epithelial cell"": 18, ""erythroid lineage cell"": 4, ""erythroid progenitor cell"": 1, ""fibroblast"": 15156, ""macrophage"": 237, ""mast cell"": 4, ""mesothelial cell"": 2581, ""monocyte"": 384, ""neutrophil"": 1114, ""plasma cell"": 23, ""primordial germ cell"": 1, ""professional antigen presenting cell"": 5, ""smooth muscle cell"": 1, ""stromal cell"": 37}"
Homo sapiens,pleural effusion,10x 3' v2,"{""B cell"": 5813, ""CD1c-positive myeloid dendritic cell"": 1296, ""CD4-positive helper T cell"": 891, ""CD4-positive, alpha-beta T cell"": 14249, ""CD8-positive, alpha-beta T cell"": 8238, ""CD8-positive, alpha-beta memory T cell"": 376, ""T cell"": 3705, ""alveolar macrophage"": 40, ""basal cell"": 8, ""ciliated epithelial cell"": 16, ""classical monocyte"": 2028, ""conventional dendritic cell"": 224, ""dendritic cell"": 121, ""effector CD8-positive, alpha-beta T cell"": 8, ""epithelial cell"": 1744, ""exhausted T cell"": 12, ""fibroblast of lung"": 2, ""gamma-delta T cell"": 1447, ""ionocyte"": 2, ""macrophage"": 1496, ""malignant cell"": 12350, ""mast cell"": 6, ""mesothelial cell"": 1590, ""monocyte"": 14, ""myeloid cell"": 155, ""natural killer cell"": 1986, ""neuroendocrine cell"": 6, ""non-classical monocyte"": 8, ""plasma cell"": 150, ""plasmacytoid dendritic cell"": 685, ""regulatory T cell"": 1198}"
Homo sapiens,pleural effusion,10x 3' v3,"{""CD4-positive helper T cell"": 343, ""CD4-positive, alpha-beta T cell"": 343, ""CD8-positive, alpha-beta memory T cell"": 94, ""T cell"": 25747, ""basal cell"": 2, ""classical monocyte"": 114, ""conventional dendritic cell"": 12, ""dendritic cell"": 792, ""epithelial cell"": 15693, ""exhausted T cell"": 2, ""fibroblast"": 14, ""gamma-delta T cell"": 2, ""lymphocyte of B lineage"": 1170, ""macrophage"": 3306, ""malignant cell"": 41313, ""mesothelial cell"": 9151, ""monocyte"": 57, ""myeloid cell"": 8073, ""natural killer cell"": 5694, ""neutrophil"": 1, ""plasma cell"": 15, ""regulatory T cell"": 9, ""unknown"": 1205}"
Homo sapiens,pleural effusion,Smart-seq2,"{""B cell"": 78, ""CD1c-positive myeloid dendritic cell"": 184, ""CD4-positive, alpha-beta T cell"": 1058, ""CD8-positive, alpha-beta T cell"": 460, ""alveolar macrophage"": 20, ""bronchus fibroblast of lung"": 8, ""capillary endothelial cell"": 2, ""classical monocyte"": 266, ""conventional dendritic cell"": 12, ""dendritic cell"": 164, ""epithelial cell of lung"": 12, ""fibroblast of lung"": 36, ""macrophage"": 1212, ""malignant cell"": 2070, ""mast cell"": 46, ""mesothelial cell"": 18, ""multiciliated epithelial cell"": 4, ""myeloid cell"": 36, ""natural killer cell"": 162, ""neutrophil"": 4, ""non-classical monocyte"": 10, ""pericyte"": 20, ""plasma cell"": 10, ""plasmacytoid dendritic cell"": 76, ""pulmonary alveolar type 2 cell"": 4, ""regulatory T cell"": 50, ""smooth muscle cell"": 10, ""vein endothelial cell"": 86}"
Homo sapiens,pons,10x 3' v2,"{""cell"": 178, ""erythrocyte"": 60, ""fibroblast"": 2, ""glioblast"": 8157, ""macrophage"": 166, ""neuroblast (sensu Nematoda and Protostomia)"": 1054, ""neuroblast (sensu Vertebrata)"": 8246, ""neuron"": 20202, ""oligodendrocyte"": 495, ""radial glial cell"": 7212}"
Homo sapiens,pons,10x 3' v3,"{""Bergmann glial cell"": 447, ""astrocyte"": 31617, ""cell"": 816, ""central nervous system macrophage"": 21966, ""choroid plexus epithelial cell"": 60, ""endothelial cell"": 1521, ""ependymal cell"": 1275, ""erythrocyte"": 538, ""fibroblast"": 3446, ""glioblast"": 18756, ""leukocyte"": 1461, ""macrophage"": 1076, ""neural crest cell"": 126, ""neuroblast (sensu Nematoda and Protostomia)"": 2148, ""neuroblast (sensu Vertebrata)"": 17098, ""neuron"": 351502, ""oligodendrocyte"": 196473, ""oligodendrocyte precursor cell"": 35595, ""pericyte"": 1407, ""radial glial cell"": 13162, ""vascular associated smooth muscle cell"": 270}"
Homo sapiens,pons,10x multiome,"{""GABAergic neuron"": 94, ""Purkinje cell"": 90, ""Schwann cell"": 1372, ""committed oligodendrocyte precursor"": 38, ""dopaminergic neuron"": 174, ""endothelial cell"": 118, ""glioblast"": 3610, ""glutamatergic neuron"": 3362, ""glycinergic neuron"": 624, ""immature T cell"": 2, ""interneuron"": 2, ""leukocyte"": 74, ""microglial cell"": 210, ""neural progenitor cell"": 348, ""neuroblast (sensu Nematoda and Protostomia)"": 30, ""neuroblast (sensu Vertebrata)"": 32, ""neuron"": 12, ""oligodendrocyte"": 236, ""oligodendrocyte precursor cell"": 496, ""pericyte"": 176, ""perivascular macrophage"": 40, ""progenitor cell"": 138, ""radial glial cell"": 60, ""sensory neuron of dorsal root ganglion"": 602, ""serotonergic neuron"": 84, ""unknown"": 280, ""vascular associated smooth muscle cell"": 16, ""vascular leptomeningeal cell"": 586}"
Homo sapiens,posterior part of tongue,10x 3' v3,"{""B cell"": 3741, ""CD4-positive, alpha-beta T cell"": 3858, ""CD8-positive, alpha-beta T cell"": 2667, ""Schwann cell"": 42, ""T cell"": 567, ""basal cell"": 28014, ""endothelial cell"": 2175, ""endothelial cell of lymphatic vessel"": 141, ""fibroblast"": 1755, ""macrophage"": 1410, ""mast cell"": 207, ""monocyte"": 303, ""mural cell"": 1305, ""myeloid dendritic cell"": 42, ""myoepithelial cell"": 804, ""natural killer cell"": 21, ""neutrophil"": 423, ""plasma cell"": 342, ""regulatory T cell"": 267, ""salivary gland cell"": 2220, ""stratified squamous epithelial cell"": 19485, ""taste receptor cell"": 87, ""tongue muscle cell"": 315}"
Homo sapiens,posterior part of tongue,Smart-seq2,"{""CD4-positive, alpha-beta T cell"": 504, ""basal cell"": 996, ""fibroblast"": 21, ""mural cell"": 24, ""plasma cell"": 3, ""salivary gland cell"": 66}"
Homo sapiens,posterior segment of eyeball,10x 3' v3,"{""B cell"": 6, ""CD4-positive, alpha-beta T cell"": 12, ""CD8-positive, alpha-beta T cell"": 18, ""Mueller cell"": 327, ""Schwann cell"": 21, ""classical monocyte"": 6, ""conjunctival epithelial cell"": 66, ""erythrocyte"": 12, ""eye photoreceptor cell"": 1404, ""fibroblast"": 159, ""intermediate monocyte"": 3, ""keratocyte"": 45, ""macrophage"": 3, ""mature NK T cell"": 3, ""microglial cell"": 60, ""monocyte"": 15, ""myeloid leukocyte"": 87, ""natural killer cell"": 3, ""non-classical monocyte"": 3, ""plasma cell"": 3, ""retinal bipolar neuron"": 63, ""retinal blood vessel endothelial cell"": 12, ""retinal pigment epithelial cell"": 45}"
Homo sapiens,prefrontal cortex,10x 3' v2,"{""Cajal-Retzius cell"": 115, ""blood vessel endothelial cell"": 708, ""cerebral cortex GABAergic interneuron"": 11400, ""cerebral cortex endothelial cell"": 70, ""forebrain radial glial cell"": 7471, ""glutamatergic neuron"": 47318, ""inhibitory interneuron"": 16987, ""microglial cell"": 802, ""neuron"": 73455, ""oligodendrocyte precursor cell"": 1569, ""progenitor cell"": 6803, ""unknown"": 14400}"
Homo sapiens,prefrontal cortex,10x 3' v3,"{""GABAergic neuron"": 60139, ""astrocyte"": 96534, ""central nervous system macrophage"": 20381, ""central nervous system neuron"": 204, ""endothelial cell"": 2597, ""ependymal cell"": 22, ""glutamatergic neuron"": 102563, ""inhibitory interneuron"": 8670, ""leukocyte"": 235, ""microglial cell"": 2582, ""mural cell"": 3378, ""neuron"": 22674, ""oligodendrocyte"": 267925, ""oligodendrocyte precursor cell"": 29343, ""vascular leptomeningeal cell"": 941}"
Homo sapiens,prefrontal cortex,10x multiome,"{""Cajal-Retzius cell"": 258, ""GABAergic neuron"": 1729, ""L2/3 intratelencephalic projecting glutamatergic neuron"": 33, ""L4 intratelencephalic projecting glutamatergic neuron"": 104, ""L5 extratelencephalic projecting glutamatergic cortical neuron"": 415, ""L5 intratelencephalic projecting glutamatergic neuron"": 167, ""L6 intratelencephalic projecting glutamatergic neuron"": 2261, ""L6b glutamatergic cortical neuron"": 1494, ""VIP GABAergic cortical interneuron"": 325, ""astrocyte"": 117, ""brain vascular cell"": 93, ""caudal ganglionic eminence derived cortical interneuron"": 864, ""committed oligodendrocyte precursor"": 75, ""corticothalamic-projecting glutamatergic cortical neuron"": 455, ""forebrain radial glial cell"": 1763, ""glutamatergic neuron"": 8510, ""immature astrocyte"": 653, ""intratelencephalic-projecting glutamatergic cortical neuron"": 4810, ""lamp5 GABAergic cortical interneuron"": 19, ""medial ganglionic eminence derived GABAergic cortical interneuron"": 2141, ""microglial cell"": 185, ""near-projecting glutamatergic cortical neuron"": 454, ""neural progenitor cell"": 2050, ""oligodendrocyte"": 6, ""oligodendrocyte precursor cell"": 491, ""pvalb GABAergic cortical interneuron"": 570, ""sncg GABAergic cortical interneuron"": 305, ""sst GABAergic cortical interneuron"": 1157, ""unknown"": 238}"
Homo sapiens,prefrontal cortex,Drop-seq,"{""GABAergic neuron"": 2388, ""glial cell"": 326, ""glutamatergic neuron"": 5487}"
Homo sapiens,primary auditory cortex,10x 3' v3,"{""L2/3-6 intratelencephalic projecting glutamatergic neuron"": 152866, ""L5 extratelencephalic projecting glutamatergic cortical neuron"": 902, ""L6b glutamatergic cortical neuron"": 5196, ""VIP GABAergic cortical interneuron"": 20032, ""astrocyte of the cerebral cortex"": 5640, ""caudal ganglionic eminence derived cortical interneuron"": 1640, ""cerebral cortex endothelial cell"": 188, ""chandelier pvalb GABAergic cortical interneuron"": 2396, ""corticothalamic-projecting glutamatergic cortical neuron"": 6862, ""lamp5 GABAergic cortical interneuron"": 10620, ""microglial cell"": 2448, ""near-projecting glutamatergic cortical neuron"": 4712, ""oligodendrocyte"": 11898, ""oligodendrocyte precursor cell"": 2562, ""pvalb GABAergic cortical interneuron"": 18100, ""sncg GABAergic cortical interneuron"": 4498, ""sst GABAergic cortical interneuron"": 27376, ""vascular leptomeningeal cell"": 172}"
Homo sapiens,primary auditory cortex,Smart-seq v4,"{""L2/3-6 intratelencephalic projecting glutamatergic neuron"": 512, ""L5 extratelencephalic projecting glutamatergic cortical neuron"": 9, ""L6 corticothalamic-projecting glutamatergic cortical neuron"": 234, ""L6b glutamatergic cortical neuron"": 101, ""VIP GABAergic cortical interneuron"": 475, ""astrocyte"": 187, ""caudal ganglionic eminence derived cortical interneuron"": 39, ""endothelial cell"": 7, ""glutamatergic neuron"": 3087, ""lamp5 GABAergic cortical interneuron"": 290, ""microglial cell"": 130, ""near-projecting glutamatergic cortical neuron"": 95, ""oligodendrocyte"": 316, ""oligodendrocyte precursor cell"": 97, ""pericyte"": 4, ""pvalb GABAergic cortical interneuron"": 468, ""sst GABAergic cortical interneuron"": 418, ""unknown"": 233, ""vascular leptomeningeal cell"": 1}"
Homo sapiens,primary motor cortex,10x 3' v2,"{""Cajal-Retzius cell"": 93, ""blood vessel endothelial cell"": 345, ""cerebral cortex GABAergic interneuron"": 19735, ""cerebral cortex endothelial cell"": 69, ""forebrain radial glial cell"": 6772, ""glutamatergic neuron"": 26855, ""microglial cell"": 676, ""oligodendrocyte precursor cell"": 1436, ""progenitor cell"": 7668, ""unknown"": 17120}"
Homo sapiens,primary motor cortex,10x 3' v3,"{""GABAergic neuron"": 65672, ""L2/3-6 intratelencephalic projecting glutamatergic neuron"": 130368, ""L5 extratelencephalic projecting glutamatergic cortical neuron"": 3126, ""L6b glutamatergic cortical neuron"": 5408, ""VIP GABAergic cortical interneuron"": 13512, ""astrocyte"": 60607, ""astrocyte of the cerebral cortex"": 3116, ""caudal ganglionic eminence derived cortical interneuron"": 1480, ""central nervous system macrophage"": 21240, ""central nervous system neuron"": 232, ""cerebral cortex endothelial cell"": 130, ""chandelier pvalb GABAergic cortical interneuron"": 1296, ""corticothalamic-projecting glutamatergic cortical neuron"": 8798, ""endothelial cell"": 2724, ""ependymal cell"": 80, ""glutamatergic neuron"": 96786, ""lamp5 GABAergic cortical interneuron"": 10486, ""leptomeningeal cell"": 40, ""leukocyte"": 310, ""microglial cell"": 2808, ""mural cell"": 3562, ""near-projecting glutamatergic cortical neuron"": 5144, ""neural cell"": 4325, ""oligodendrocyte"": 258943, ""oligodendrocyte precursor cell"": 26930, ""pericyte"": 81, ""perivascular cell"": 59, ""pvalb GABAergic cortical interneuron"": 17344, ""sncg GABAergic cortical interneuron"": 2572, ""sst GABAergic cortical interneuron"": 16886, ""unknown"": 141, ""vascular leptomeningeal cell"": 86}"
Homo sapiens,primary motor cortex,10x multiome,"{""GABAergic neuron"": 2655, ""astrocyte"": 2455, ""central nervous system macrophage"": 55, ""endothelial cell"": 38, ""glutamatergic neuron"": 6381, ""microglial cell"": 1658, ""oligodendrocyte"": 20795, ""oligodendrocyte precursor cell"": 1760, ""pericyte"": 23, ""perivascular cell"": 46}"
Homo sapiens,primary motor cortex,Smart-seq v4,"{""L2/3-6 intratelencephalic projecting glutamatergic neuron"": 185, ""L5 extratelencephalic projecting glutamatergic cortical neuron"": 47, ""L6 corticothalamic-projecting glutamatergic cortical neuron"": 536, ""L6b glutamatergic cortical neuron"": 117, ""VIP GABAergic cortical interneuron"": 411, ""astrocyte"": 191, ""caudal ganglionic eminence derived cortical interneuron"": 28, ""endothelial cell"": 11, ""glutamatergic neuron"": 2570, ""lamp5 GABAergic cortical interneuron"": 345, ""microglial cell"": 84, ""near-projecting glutamatergic cortical neuron"": 139, ""oligodendrocyte"": 414, ""oligodendrocyte precursor cell"": 76, ""pericyte"": 4, ""pvalb GABAergic cortical interneuron"": 463, ""sst GABAergic cortical interneuron"": 333, ""unknown"": 280, ""vascular leptomeningeal cell"": 1}"
Homo sapiens,primary somatosensory cortex,10x 3' v2,"{""Cajal-Retzius cell"": 16, ""blood vessel endothelial cell"": 383, ""cerebral cortex GABAergic interneuron"": 15900, ""cerebral cortex endothelial cell"": 49, ""forebrain radial glial cell"": 7171, ""glutamatergic neuron"": 13271, ""microglial cell"": 793, ""oligodendrocyte precursor cell"": 1529, ""progenitor cell"": 9247, ""unknown"": 16427}"
Homo sapiens,primary somatosensory cortex,10x 3' v3,"{""L2/3-6 intratelencephalic projecting glutamatergic neuron"": 157462, ""L5 extratelencephalic projecting glutamatergic cortical neuron"": 2146, ""L6b glutamatergic cortical neuron"": 8780, ""VIP GABAergic cortical interneuron"": 20034, ""astrocyte of the cerebral cortex"": 6420, ""caudal ganglionic eminence derived cortical interneuron"": 1754, ""cerebral cortex endothelial cell"": 282, ""chandelier pvalb GABAergic cortical interneuron"": 3778, ""corticothalamic-projecting glutamatergic cortical neuron"": 9848, ""lamp5 GABAergic cortical interneuron"": 13458, ""microglial cell"": 2608, ""near-projecting glutamatergic cortical neuron"": 6546, ""oligodendrocyte"": 16852, ""oligodendrocyte precursor cell"": 2282, ""pvalb GABAergic cortical interneuron"": 21448, ""sncg GABAergic cortical interneuron"": 3642, ""sst GABAergic cortical interneuron"": 28764, ""vascular leptomeningeal cell"": 214}"
Homo sapiens,primary somatosensory cortex,Smart-seq v4,"{""L2/3-6 intratelencephalic projecting glutamatergic neuron"": 805, ""L5 extratelencephalic projecting glutamatergic cortical neuron"": 6, ""L6 corticothalamic-projecting glutamatergic cortical neuron"": 196, ""L6b glutamatergic cortical neuron"": 59, ""VIP GABAergic cortical interneuron"": 464, ""astrocyte"": 115, ""caudal ganglionic eminence derived cortical interneuron"": 25, ""endothelial cell"": 22, ""glutamatergic neuron"": 2513, ""lamp5 GABAergic cortical interneuron"": 260, ""microglial cell"": 128, ""near-projecting glutamatergic cortical neuron"": 41, ""oligodendrocyte"": 237, ""oligodendrocyte precursor cell"": 87, ""pericyte"": 5, ""pvalb GABAergic cortical interneuron"": 315, ""sst GABAergic cortical interneuron"": 419, ""unknown"": 295, ""vascular leptomeningeal cell"": 1}"
Homo sapiens,primary visual cortex,10x 3' v2,"{""Cajal-Retzius cell"": 105, ""astrocyte"": 6745, ""blood vessel endothelial cell"": 379, ""cerebral cortex GABAergic interneuron"": 5488, ""cerebral cortex endothelial cell"": 49, ""endothelial cell of vascular tree"": 1062, ""forebrain radial glial cell"": 6918, ""glutamatergic neuron"": 73119, ""inhibitory interneuron"": 4363, ""microglial cell"": 1978, ""oligodendrocyte"": 5492, ""oligodendrocyte precursor cell"": 3562, ""progenitor cell"": 10940, ""unknown"": 15451}"
Homo sapiens,primary visual cortex,10x 3' v3,"{""GABAergic neuron"": 42664, ""L2/3-6 intratelencephalic projecting glutamatergic neuron"": 332934, ""L5 extratelencephalic projecting glutamatergic cortical neuron"": 590, ""L6b glutamatergic cortical neuron"": 7062, ""VIP GABAergic cortical interneuron"": 12494, ""astrocyte"": 44674, ""astrocyte of the cerebral cortex"": 9406, ""caudal ganglionic eminence derived cortical interneuron"": 486, ""central nervous system macrophage"": 15888, ""central nervous system neuron"": 111, ""cerebral cortex endothelial cell"": 204, ""chandelier pvalb GABAergic cortical interneuron"": 2192, ""corticothalamic-projecting glutamatergic cortical neuron"": 27414, ""endothelial cell"": 1952, ""ependymal cell"": 120, ""glutamatergic neuron"": 153016, ""lamp5 GABAergic cortical interneuron"": 6936, ""leukocyte"": 328, ""microglial cell"": 3424, ""mural cell"": 3659, ""near-projecting glutamatergic cortical neuron"": 3130, ""oligodendrocyte"": 172291, ""oligodendrocyte precursor cell"": 21446, ""pvalb GABAergic cortical interneuron"": 25632, ""sncg GABAergic cortical interneuron"": 1632, ""sst GABAergic cortical interneuron"": 29022, ""vascular leptomeningeal cell"": 184}"
Homo sapiens,primary visual cortex,Drop-seq,"{""GABAergic neuron"": 5871, ""glial cell"": 1146, ""glutamatergic neuron"": 25506, ""neural progenitor cell"": 5501}"
Homo sapiens,primary visual cortex,Smart-seq v4,"{""L2/3-6 intratelencephalic projecting glutamatergic neuron"": 2891, ""L5 extratelencephalic projecting glutamatergic cortical neuron"": 7, ""L6 corticothalamic-projecting glutamatergic cortical neuron"": 948, ""L6b glutamatergic cortical neuron"": 116, ""VIP GABAergic cortical interneuron"": 187, ""astrocyte"": 59, ""caudal ganglionic eminence derived cortical interneuron"": 24, ""endothelial cell"": 6, ""glutamatergic neuron"": 2346, ""lamp5 GABAergic cortical interneuron"": 189, ""microglial cell"": 56, ""near-projecting glutamatergic cortical neuron"": 64, ""oligodendrocyte"": 273, ""oligodendrocyte precursor cell"": 103, ""pericyte"": 4, ""pvalb GABAergic cortical interneuron"": 343, ""sst GABAergic cortical interneuron"": 234, ""unknown"": 201, ""vascular leptomeningeal cell"": 1}"
Homo sapiens,prostate gland,10x 3' v2,"{""B cell"": 32, ""Schwann cell"": 67, ""T cell"": 611, ""basal cell"": 269, ""basal epithelial cell of prostatic duct"": 7295, ""contractile cell"": 224, ""endothelial cell of lymphatic vessel"": 247, ""endothelial cell of vascular tree"": 2600, ""epithelial cell"": 847, ""epithelial cell of prostate"": 4587, ""luminal cell of prostate epithelium"": 13284, ""macrophage"": 856, ""mast cell"": 14, ""mature NK T cell"": 36, ""neuroendocrine cell"": 79, ""neutrophil"": 164, ""skin fibroblast"": 1139, ""smooth muscle cell of prostate"": 2006, ""stem cell"": 2079}"
Homo sapiens,prostate gland,10x 3' v3,"{""B cell"": 1640, ""CD4-positive, alpha-beta T cell"": 348, ""CD8-positive, alpha-beta T cell"": 7107, ""T cell"": 19183, ""basal cell of prostate epithelium"": 26760, ""ciliated epithelial cell"": 90, ""club-like cell of the urethral epithelium"": 9932, ""cytotoxic T cell"": 14628, ""endothelial cell"": 7939, ""endothelial cell of coronary artery"": 2605, ""endothelial cell of lymphatic vessel"": 118, ""epithelial cell of prostate"": 6330, ""erythrocyte"": 417, ""fibroblast"": 1548, ""fibroblast of connective tissue of prostate"": 5104, ""glial cell"": 2128, ""luminal cell of prostate epithelium"": 39995, ""macrophage"": 5104, ""mast cell"": 308, ""mature NK T cell"": 1461, ""monocyte"": 1730, ""myelinating Schwann cell"": 64, ""myeloid cell"": 1590, ""natural killer cell"": 2024, ""neutrophil"": 777, ""pericyte"": 5146, ""plasma cell"": 91, ""plasmacytoid dendritic cell"": 62, ""prostate neuroendocrine cell"": 48, ""regulatory T cell"": 2324, ""smooth muscle cell"": 1419, ""smooth muscle cell of prostate"": 108, ""unknown"": 89, ""vascular associated smooth muscle cell"": 8164, ""vein endothelial cell"": 21298}"
Homo sapiens,prostate gland,Smart-seq2,"{""B cell"": 75, ""CD8-positive, alpha-beta T cell"": 441, ""T cell"": 33, ""basal cell of prostate epithelium"": 165, ""endothelial cell"": 6, ""fibroblast"": 9, ""luminal cell of prostate epithelium"": 1125, ""neutrophil"": 6, ""smooth muscle cell"": 12}"
Homo sapiens,prostate gland,microwell-seq,"{""T cell"": 13, ""basal cell"": 233, ""dendritic cell"": 99, ""endocrine cell"": 1939, ""endothelial cell"": 81, ""enterocyte"": 3, ""epithelial cell"": 8, ""goblet cell"": 2, ""macrophage"": 28, ""monocyte"": 3, ""primordial germ cell"": 1, ""professional antigen presenting cell"": 1, ""smooth muscle cell"": 29, ""stratified epithelial cell"": 2, ""stromal cell"": 3}"
Homo sapiens,pulmonary artery,10x 3' v3,"{""blood vessel smooth muscle cell"": 4388, ""endothelial cell of artery"": 978, ""fibroblast"": 2612, ""lymphocyte"": 131, ""macrophage"": 3678, ""microcirculation associated smooth muscle cell"": 759, ""unknown"": 32}"
Homo sapiens,putamen,10x 3' v3,"{""astrocyte"": 3524, ""direct pathway medium spiny neuron"": 1887, ""endothelial cell"": 235, ""indirect pathway medium spiny neuron"": 2432, ""inhibitory interneuron"": 268, ""medium spiny neuron"": 191, ""microglial cell"": 3246, ""mural cell"": 142, ""oligodendrocyte"": 26606, ""oligodendrocyte precursor cell"": 2746}"
Homo sapiens,pyloric antrum,10x 3' v2,"{""B cell"": 50, ""BEST4+ enterocyte"": 60, ""CD16-negative, CD56-bright natural killer cell, human"": 440, ""CD16-positive, CD56-dim natural killer cell, human"": 216, ""CD4-positive, alpha-beta memory T cell"": 2984, ""CD8-positive, alpha-beta memory T cell"": 2992, ""IgA plasma cell"": 21108, ""IgG plasma cell"": 3296, ""IgM plasma cell"": 3980, ""Langerhans cell"": 30, ""T follicular helper cell"": 1180, ""T-helper 17 cell"": 2520, ""TREM2-positive macrophage"": 120, ""afferent neuron"": 44, ""angiogenic pericyte"": 4, ""capillary endothelial cell"": 476, ""conventional dendritic cell"": 735, ""cycling T cell"": 112, ""dendritic cell, human"": 20, ""effector memory CD8-positive, alpha-beta T cell"": 2316, ""endothelial cell"": 133, ""endothelial cell of artery"": 332, ""endothelial cell of lymphatic vessel"": 28, ""enteric neuron"": 24, ""enterocyte"": 6056, ""enteroendocrine cell"": 1628, ""enteroglial cell"": 220, ""eosinophil"": 10, ""epithelial cell"": 9699, ""epithelial cell of lung"": 10, ""erythroblast"": 11, ""erythrocyte"": 5, ""fibroblast"": 4192, ""fibroblast of gingiva"": 16, ""fibroblastic reticular cell"": 164, ""foveolar cell of stomach"": 7232, ""gamma-delta T cell"": 988, ""gastrointestinal tract (lamina propria) macrophage"": 2212, ""germinal center B cell"": 412, ""glial cell"": 67, ""group 3 innate lymphoid cell"": 440, ""immature neutrophil"": 1, ""immature pericyte"": 208, ""inhibitory motor neuron"": 24, ""interneuron"": 4, ""intestinal epithelial cell"": 45, ""intestine goblet cell"": 694, ""macrophage"": 710, ""mast cell"": 1890, ""mature NK T cell"": 144, ""mature neutrophil"": 1, ""memory B cell"": 14088, ""mesenchymal cell"": 2571, ""mesodermal cell"": 2428, ""mesothelial cell"": 20, ""monocyte"": 370, ""motor neuron"": 356, ""mucosal invariant T cell"": 248, ""mucous neck cell of gastric gland"": 7880, ""myeloid leukocyte"": 165, ""myofibroblast cell"": 1020, ""naive B cell"": 14332, ""naive thymus-derived CD4-positive, alpha-beta T cell"": 2216, ""naive thymus-derived CD8-positive, alpha-beta T cell"": 220, ""neuroblast (sensu Vertebrata)"": 36, ""neutrophil"": 3, ""neutrophil progenitor cell"": 5, ""parietal cell"": 1300, ""peptic cell"": 648, ""pericyte"": 210, ""peripheral nervous system neuron"": 117, ""plasmablast"": 32, ""plasmacytoid dendritic cell, human"": 15, ""precursor B cell"": 124, ""pro-B cell"": 40, ""regulatory T cell"": 2888, ""smooth muscle cell"": 656, ""type EC enteroendocrine cell"": 544, ""type G enteroendocrine cell"": 184, ""type X enteroendocrine cell"": 280, ""vascular associated smooth muscle cell"": 780, ""vein endothelial cell"": 484}"
Homo sapiens,pyloric antrum,10x 3' v3,"{""enteroendocrine cell"": 1, ""epithelial cell of stomach"": 2694, ""goblet cell"": 2}"
Homo sapiens,pylorus,10x 3' v2,"{""BEST4+ enterocyte"": 8, ""CD16-negative, CD56-bright natural killer cell, human"": 104, ""CD16-positive, CD56-dim natural killer cell, human"": 84, ""CD4-positive, alpha-beta memory T cell"": 408, ""CD8-positive, alpha-beta memory T cell"": 708, ""IgA plasma cell"": 9568, ""IgG plasma cell"": 2488, ""IgM plasma cell"": 688, ""Langerhans cell"": 15, ""T follicular helper cell"": 224, ""T-helper 17 cell"": 296, ""TREM2-positive macrophage"": 100, ""capillary endothelial cell"": 220, ""conventional dendritic cell"": 210, ""cycling T cell"": 4, ""dendritic cell, human"": 25, ""effector memory CD8-positive, alpha-beta T cell"": 476, ""endothelial cell of artery"": 88, ""enterocyte"": 1540, ""enteroendocrine cell"": 376, ""enteroglial cell"": 4, ""eosinophil"": 5, ""epithelial cell"": 5720, ""fibroblast"": 824, ""fibroblast of gingiva"": 36, ""foveolar cell of stomach"": 5404, ""gamma-delta T cell"": 152, ""gastrointestinal tract (lamina propria) macrophage"": 728, ""germinal center B cell"": 188, ""group 3 innate lymphoid cell"": 12, ""intestine goblet cell"": 400, ""macrophage"": 285, ""mast cell"": 1740, ""memory B cell"": 1492, ""monocyte"": 310, ""mucosal invariant T cell"": 76, ""mucous neck cell of gastric gland"": 2880, ""myofibroblast cell"": 196, ""naive B cell"": 1152, ""naive thymus-derived CD4-positive, alpha-beta T cell"": 260, ""naive thymus-derived CD8-positive, alpha-beta T cell"": 12, ""parietal cell"": 708, ""peptic cell"": 732, ""pericyte"": 152, ""plasmablast"": 24, ""precursor B cell"": 4, ""regulatory T cell"": 416, ""type EC enteroendocrine cell"": 204, ""type G enteroendocrine cell"": 44, ""type X enteroendocrine cell"": 148, ""vascular associated smooth muscle cell"": 172, ""vein endothelial cell"": 100}"
Homo sapiens,rectosigmoid junction,10x 3' v2,"{""BEST4+ enterocyte"": 211, ""CD16-negative, CD56-bright natural killer cell, human"": 93, ""CD16-positive, CD56-dim natural killer cell, human"": 68, ""CD4-positive, alpha-beta memory T cell"": 1138, ""CD8-positive, alpha-beta memory T cell"": 299, ""IgA plasma cell"": 1566, ""IgG plasma cell"": 758, ""IgM plasma cell"": 55, ""Langerhans cell"": 4, ""T follicular helper cell"": 1146, ""T-helper 17 cell"": 299, ""TREM2-positive macrophage"": 523, ""capillary endothelial cell"": 397, ""colonocyte"": 2642, ""conventional dendritic cell"": 494, ""cycling T cell"": 252, ""dendritic cell, human"": 84, ""effector memory CD8-positive, alpha-beta T cell"": 1888, ""endothelial cell of artery"": 251, ""endothelial cell of lymphatic vessel"": 60, ""enteric neuron"": 12, ""enteroendocrine cell"": 26, ""enteroglial cell"": 401, ""eosinophil"": 4, ""fibroblast"": 2249, ""fibroblast of gingiva"": 305, ""fibroblastic reticular cell"": 9, ""gamma-delta T cell"": 374, ""gastrointestinal tract (lamina propria) macrophage"": 340, ""germinal center B cell"": 865, ""group 3 innate lymphoid cell"": 84, ""intestinal crypt stem cell"": 150, ""intestine goblet cell"": 522, ""macrophage"": 1270, ""mast cell"": 239, ""memory B cell"": 2472, ""monocyte"": 367, ""mucosal invariant T cell"": 72, ""myofibroblast cell"": 114, ""naive B cell"": 747, ""naive thymus-derived CD4-positive, alpha-beta T cell"": 1103, ""naive thymus-derived CD8-positive, alpha-beta T cell"": 106, ""neuroblast (sensu Vertebrata)"": 11, ""pericyte"": 182, ""plasmablast"": 31, ""plasmacytoid dendritic cell, human"": 56, ""precursor B cell"": 4, ""regulatory T cell"": 2095, ""transit amplifying cell"": 1478, ""tuft cell of small intestine"": 32, ""vascular associated smooth muscle cell"": 374, ""vein endothelial cell"": 409}"
Homo sapiens,rectum,10x 3' v2,"{""BEST4+ enterocyte"": 1, ""IgA plasma cell"": 56, ""IgG plasma cell"": 25, ""M cell of gut"": 102, ""activated CD8-positive, alpha-beta T cell"": 21, ""colon epithelial cell"": 347, ""colon goblet cell"": 899, ""colonocyte"": 584, ""endothelial cell"": 8, ""endothelial cell of artery"": 102, ""enterocyte"": 3936, ""enterocyte of epithelium of large intestine"": 169, ""enteroendocrine cell"": 291, ""enteroendocrine cell of colon"": 66, ""enteroglial cell"": 4, ""epithelial cell"": 34, ""erythrocyte"": 14, ""fibroblast"": 28, ""gamma-delta T cell"": 27, ""glial cell"": 8, ""goblet cell"": 10, ""intestine goblet cell"": 2441, ""macrophage"": 9, ""memory B cell"": 12, ""memory T cell"": 3, ""monocyte"": 3, ""myofibroblast cell"": 10, ""natural T-regulatory cell"": 15, ""natural killer cell"": 3, ""paneth cell of colon"": 299, ""pericyte"": 54, ""progenitor cell"": 1435, ""stem cell"": 3131, ""stromal cell"": 6, ""transit amplifying cell"": 27811, ""transit amplifying cell of colon"": 256, ""unknown"": 21, ""vascular associated smooth muscle cell"": 108, ""vein endothelial cell"": 457}"
Homo sapiens,rectum,10x 3' v3,"{""BEST4+ colonocyte"": 570, ""colon goblet cell"": 790, ""colonocyte"": 1664, ""early colonocyte"": 6892, ""enteroendocrine cell of colon"": 160, ""intestinal crypt stem cell of colon"": 2288, ""malignant cell"": 6886, ""secretory cell"": 4580, ""tuft cell of colon"": 258}"
Homo sapiens,rectum,10x 5' transcription profiling,"{""BEST4+ enterocyte"": 168, ""CD16-negative, CD56-bright natural killer cell, human"": 16, ""CD16-positive, CD56-dim natural killer cell, human"": 68, ""CD4-positive, alpha-beta memory T cell"": 688, ""CD8-positive, alpha-beta memory T cell"": 484, ""IgA plasma cell"": 2184, ""IgG plasma cell"": 56, ""IgM plasma cell"": 28, ""T follicular helper cell"": 20, ""T-helper 17 cell"": 76, ""TREM2-positive macrophage"": 160, ""capillary endothelial cell"": 28, ""colonocyte"": 1488, ""conventional dendritic cell"": 560, ""cycling T cell"": 12, ""effector memory CD8-positive, alpha-beta T cell"": 368, ""endothelial cell of artery"": 64, ""endothelial cell of lymphatic vessel"": 4, ""enteric neuron"": 40, ""enteroendocrine cell"": 8, ""enteroglial cell"": 516, ""erythrocyte"": 15, ""fibroblast"": 3192, ""fibroblast of gingiva"": 1004, ""gamma-delta T cell"": 732, ""gastrointestinal tract (lamina propria) macrophage"": 308, ""group 3 innate lymphoid cell"": 44, ""interneuron"": 8, ""intestinal crypt stem cell"": 68, ""intestine goblet cell"": 1032, ""macrophage"": 1050, ""mast cell"": 25, ""memory B cell"": 752, ""monocyte"": 1690, ""mucosal invariant T cell"": 4, ""myofibroblast cell"": 28, ""naive B cell"": 60, ""naive thymus-derived CD4-positive, alpha-beta T cell"": 64, ""naive thymus-derived CD8-positive, alpha-beta T cell"": 16, ""neuroblast (sensu Vertebrata)"": 8, ""plasmablast"": 8, ""regulatory T cell"": 72, ""transit amplifying cell"": 1136, ""tuft cell of small intestine"": 16, ""vascular associated smooth muscle cell"": 548, ""vein endothelial cell"": 172}"
Homo sapiens,rectum,10x 5' v2,"{""BEST4+ enterocyte"": 2744, ""CD8-positive, alpha-beta memory T cell"": 8, ""IgA plasma cell"": 38, ""IgG plasma cell"": 1, ""M cell of gut"": 1, ""TREM2-positive macrophage"": 5, ""capillary endothelial cell"": 4, ""colon epithelial cell"": 284, ""colonocyte"": 19608, ""conventional dendritic cell"": 51, ""endothelial cell of artery"": 892, ""endothelial cell of lymphatic vessel"": 180, ""enterocyte"": 5, ""enterocyte of epithelium of large intestine"": 260, ""enteroendocrine cell"": 14, ""enteroglial cell"": 8, ""epithelial cell"": 156, ""erythrocyte"": 5, ""fibroblast"": 3156, ""fibroblast of gingiva"": 100, ""gamma-delta T cell"": 66, ""gastrointestinal tract (lamina propria) macrophage"": 352, ""glial cell"": 4, ""goblet cell"": 55, ""group 3 innate lymphoid cell"": 4, ""intestinal crypt stem cell"": 92, ""intestine goblet cell"": 777, ""macrophage"": 37, ""mesothelial cell"": 26, ""monocyte"": 7, ""myofibroblast cell"": 12, ""pericyte"": 124, ""plasma cell"": 19, ""stem cell"": 6, ""stromal cell"": 1234, ""transit amplifying cell"": 6414, ""type L enteroendocrine cell"": 1, ""vascular associated smooth muscle cell"": 224, ""vein endothelial cell"": 628}"
Homo sapiens,rectum,TruDrop,"{""T cell"": 85, ""abnormal cell"": 306, ""endothelial cell"": 2, ""fibroblast"": 3, ""goblet cell"": 985, ""gut absorptive cell"": 3361, ""intestinal crypt stem cell of colon"": 180, ""intestinal enteroendocrine cell"": 101, ""intestinal epithelial cell"": 158, ""mast cell"": 5, ""myeloid cell"": 4, ""neoplastic cell"": 186, ""plasma cell"": 18, ""transit amplifying cell"": 471, ""tuft cell"": 22}"
Homo sapiens,rectum,microwell-seq,"{""B cell"": 776, ""T cell"": 503, ""dendritic cell"": 33, ""endothelial cell"": 3, ""enterocyte"": 3930, ""epithelial cell"": 178, ""erythroid lineage cell"": 1, ""macrophage"": 16, ""mast cell"": 15, ""monocyte"": 8, ""plasma cell"": 190, ""smooth muscle cell"": 14, ""stromal cell"": 51}"
Homo sapiens,rectus abdominis muscle,10x 3' v3,"{""capillary endothelial cell"": 790, ""cell of skeletal muscle"": 23, ""endothelial cell of artery"": 36, ""endothelial cell of lymphatic vessel"": 4, ""fast muscle cell"": 9, ""lymphocyte"": 130, ""macrophage"": 693, ""mesenchymal stem cell"": 5436, ""mural cell"": 677, ""skeletal muscle satellite stem cell"": 1915, ""tendon cell"": 11, ""vein endothelial cell"": 954}"
Homo sapiens,rectus abdominis muscle,Smart-seq2,"{""capillary endothelial cell"": 68, ""cell of skeletal muscle"": 58, ""endothelial cell of lymphatic vessel"": 21, ""lymphocyte"": 152, ""macrophage"": 46, ""mesenchymal stem cell"": 463, ""mural cell"": 60, ""secondary lymphoid organ macrophage"": 25, ""skeletal muscle satellite stem cell"": 186, ""tendon cell"": 1, ""vein endothelial cell"": 139}"
Homo sapiens,renal medulla,10x 3' v2,"{""B cell"": 19, ""CD4-positive, alpha-beta T cell"": 156, ""CD8-positive, alpha-beta T cell"": 123, ""T cell"": 80, ""capillary endothelial cell"": 18, ""classical monocyte"": 106, ""conventional dendritic cell"": 1, ""dendritic cell"": 52, ""dendritic cell, human"": 38, ""epithelial cell of glomerular capsule"": 14, ""epithelial cell of proximal tubule"": 7406, ""fibroblast"": 4, ""glomerular capillary endothelial cell"": 1, ""glomerular endothelial cell"": 30, ""kidney collecting duct intercalated cell"": 53, ""kidney collecting duct principal cell"": 24, ""kidney connecting tubule epithelial cell"": 58, ""kidney epithelial cell"": 15, ""kidney interstitial fibroblast"": 8, ""kidney loop of Henle thick ascending limb epithelial cell"": 895, ""kidney resident macrophage"": 40, ""lymphocyte"": 51, ""mast cell"": 15, ""mature NK T cell"": 92, ""mononuclear phagocyte"": 108, ""mural cell"": 12, ""myofibroblast cell"": 66, ""natural killer cell"": 183, ""neutrophil"": 3, ""non-classical monocyte"": 31, ""peritubular capillary endothelial cell"": 15, ""plasmacytoid dendritic cell"": 3, ""podocyte"": 29, ""progenitor cell"": 147, ""renal alpha-intercalated cell"": 204, ""renal beta-intercalated cell"": 30, ""renal intercalated cell"": 663, ""renal principal cell"": 90, ""vasa recta ascending limb cell"": 180, ""vasa recta cell"": 50, ""vasa recta descending limb cell"": 105, ""vascular associated smooth muscle cell"": 2}"
Homo sapiens,renal medulla,10x 3' v3,"{""B cell"": 323, ""CD8-alpha-negative thymic conventional dendritic cell"": 279, ""CD8-alpha-positive thymic conventional dendritic cell"": 54, ""T cell"": 1185, ""adipocyte"": 14, ""adventitial fibroblast"": 1087, ""classical monocyte"": 170, ""conventional dendritic cell"": 49, ""cycling T cell"": 25, ""cycling macrophage"": 32, ""effector memory CD8-positive, alpha-beta T cell"": 339, ""effector memory CD8-positive, alpha-beta T cell, terminally differentiated"": 84, ""endothelial cell"": 20413, ""endothelial cell of lymphatic vessel"": 20, ""endothelial cell of venule"": 302, ""epithelial cell of proximal tubule"": 30836, ""epithelial cell of proximal tubule segment 1"": 9467, ""epithelial cell of proximal tubule segment 2"": 2410, ""epithelial cell of proximal tubule segment 3"": 5536, ""erythrocyte"": 39, ""glomerular capillary endothelial cell"": 833, ""group 3 innate lymphoid cell"": 9, ""juxtaglomerular complex cell"": 138, ""kidney arterial blood vessel cell"": 74, ""kidney collecting duct alpha-intercalated cell"": 8907, ""kidney collecting duct beta-intercalated cell"": 737, ""kidney collecting duct intercalated cell"": 10550, ""kidney collecting duct principal cell"": 43695, ""kidney connecting tubule epithelial cell"": 2760, ""kidney connecting tubule principal cell"": 882, ""kidney cortex collecting duct principal cell"": 2727, ""kidney cortex peritubular capillary cell"": 1264, ""kidney distal convoluted tubule epithelial cell"": 3536, ""kidney efferent arteriole endothelial cell"": 481, ""kidney inner medulla collecting duct epithelial cell"": 125, ""kidney interstitial alternatively activated macrophage"": 1777, ""kidney interstitial fibroblast"": 18561, ""kidney interstitial myofibroblast"": 458, ""kidney loop of Henle cortical thick ascending limb epithelial cell"": 8143, ""kidney loop of Henle thick ascending limb epithelial cell"": 139325, ""kidney loop of Henle thin ascending limb epithelial cell"": 3528, ""kidney loop of Henle thin descending limb epithelial cell"": 43192, ""kidney outer medulla peritubular capillary cell"": 1963, ""kidney resident macrophage"": 1362, ""lymphocyte"": 174, ""macrophage"": 163, ""macula densa epithelial cell"": 1063, ""mast cell"": 310, ""mature NK T cell"": 209, ""mesangial cell"": 286, ""migratory dendtritic cell"": 12, ""mononuclear phagocyte"": 899, ""mucosal invariant T cell"": 50, ""mural cell"": 293, ""myeloid cell"": 167, ""naive regulatory T cell"": 45, ""naive thymus-derived CD4-positive, alpha-beta T cell"": 607, ""natural killer cell"": 137, ""neural cell"": 123, ""neutrophil"": 260, ""non-classical monocyte"": 487, ""papillary tips cell"": 176, ""parietal epithelial cell"": 1050, ""peritubular capillary endothelial cell"": 520, ""plasma cell"": 1159, ""plasmacytoid dendritic cell, human"": 49, ""podocyte"": 2480, ""renal interstitial pericyte"": 7479, ""renal medullary fibroblast"": 7515, ""vasa recta ascending limb cell"": 6730, ""vasa recta cell"": 1736, ""vasa recta descending limb cell"": 6287, ""vascular associated smooth muscle cell"": 599, ""vein endothelial cell"": 528}"
Homo sapiens,renal medulla,10x multiome,"{""B cell"": 966, ""CD8-alpha-negative thymic conventional dendritic cell"": 797, ""CD8-alpha-positive thymic conventional dendritic cell"": 187, ""adipocyte"": 13, ""adventitial fibroblast"": 1388, ""classical monocyte"": 819, ""cycling T cell"": 127, ""cycling macrophage"": 99, ""effector memory CD8-positive, alpha-beta T cell"": 2102, ""effector memory CD8-positive, alpha-beta T cell, terminally differentiated"": 348, ""endothelial cell"": 485, ""endothelial cell of venule"": 406, ""epithelial cell of proximal tubule"": 9854, ""epithelial cell of proximal tubule segment 1"": 15087, ""epithelial cell of proximal tubule segment 2"": 5171, ""epithelial cell of proximal tubule segment 3"": 9907, ""erythrocyte"": 95, ""glomerular capillary endothelial cell"": 877, ""group 3 innate lymphoid cell"": 64, ""juxtaglomerular complex cell"": 149, ""kidney collecting duct alpha-intercalated cell"": 11669, ""kidney collecting duct beta-intercalated cell"": 1712, ""kidney collecting duct intercalated cell"": 929, ""kidney collecting duct principal cell"": 41338, ""kidney connecting tubule epithelial cell"": 3912, ""kidney connecting tubule principal cell"": 2036, ""kidney cortex collecting duct principal cell"": 6227, ""kidney cortex peritubular capillary cell"": 3014, ""kidney distal convoluted tubule epithelial cell"": 6698, ""kidney efferent arteriole endothelial cell"": 185, ""kidney interstitial fibroblast"": 5375, ""kidney interstitial myofibroblast"": 641, ""kidney loop of Henle cortical thick ascending limb epithelial cell"": 18771, ""kidney loop of Henle thick ascending limb epithelial cell"": 80616, ""kidney loop of Henle thin ascending limb epithelial cell"": 7810, ""kidney loop of Henle thin descending limb epithelial cell"": 33173, ""kidney outer medulla peritubular capillary cell"": 843, ""kidney resident macrophage"": 5164, ""macrophage"": 873, ""macula densa epithelial cell"": 2434, ""mast cell"": 172, ""mesangial cell"": 85, ""migratory dendtritic cell"": 90, ""mucosal invariant T cell"": 185, ""naive regulatory T cell"": 468, ""naive thymus-derived CD4-positive, alpha-beta T cell"": 2301, ""natural killer cell"": 470, ""neural cell"": 70, ""neutrophil"": 23, ""non-classical monocyte"": 348, ""papillary tips cell"": 2585, ""parietal epithelial cell"": 1342, ""peritubular capillary endothelial cell"": 213, ""plasma cell"": 1118, ""plasmacytoid dendritic cell, human"": 146, ""podocyte"": 1331, ""renal interstitial pericyte"": 2767, ""renal medullary fibroblast"": 13968, ""vasa recta ascending limb cell"": 5448, ""vasa recta cell"": 151, ""vasa recta descending limb cell"": 2972, ""vascular associated smooth muscle cell"": 375, ""vein endothelial cell"": 390}"
Homo sapiens,renal papilla,10x 3' v3,"{""B cell"": 29, ""CD8-alpha-negative thymic conventional dendritic cell"": 210, ""CD8-alpha-positive thymic conventional dendritic cell"": 8, ""T cell"": 344, ""adipocyte"": 4, ""adventitial fibroblast"": 227, ""classical monocyte"": 119, ""conventional dendritic cell"": 4, ""cycling T cell"": 16, ""cycling macrophage"": 31, ""dendritic cell, human"": 7, ""effector memory CD8-positive, alpha-beta T cell"": 296, ""effector memory CD8-positive, alpha-beta T cell, terminally differentiated"": 31, ""endothelial cell"": 6628, ""endothelial cell of lymphatic vessel"": 3, ""endothelial cell of venule"": 112, ""epithelial cell of proximal tubule"": 2767, ""epithelial cell of proximal tubule segment 1"": 401, ""epithelial cell of proximal tubule segment 2"": 38, ""epithelial cell of proximal tubule segment 3"": 437, ""erythrocyte"": 20, ""glomerular capillary endothelial cell"": 16, ""group 3 innate lymphoid cell"": 6, ""juxtaglomerular complex cell"": 9, ""kidney arterial blood vessel cell"": 100, ""kidney collecting duct alpha-intercalated cell"": 1022, ""kidney collecting duct beta-intercalated cell"": 39, ""kidney collecting duct intercalated cell"": 909, ""kidney collecting duct principal cell"": 35893, ""kidney connecting tubule epithelial cell"": 354, ""kidney connecting tubule principal cell"": 161, ""kidney cortex collecting duct principal cell"": 154, ""kidney cortex peritubular capillary cell"": 159, ""kidney distal convoluted tubule epithelial cell"": 79, ""kidney efferent arteriole endothelial cell"": 18, ""kidney inner medulla collecting duct epithelial cell"": 6105, ""kidney interstitial alternatively activated macrophage"": 734, ""kidney interstitial fibroblast"": 13667, ""kidney interstitial myofibroblast"": 147, ""kidney loop of Henle cortical thick ascending limb epithelial cell"": 597, ""kidney loop of Henle thick ascending limb epithelial cell"": 9232, ""kidney loop of Henle thin ascending limb epithelial cell"": 14521, ""kidney loop of Henle thin descending limb epithelial cell"": 15048, ""kidney outer medulla peritubular capillary cell"": 257, ""kidney resident macrophage"": 494, ""lymphocyte"": 249, ""macrophage"": 163, ""macula densa epithelial cell"": 44, ""mast cell"": 112, ""mature NK T cell"": 45, ""mesangial cell"": 2, ""migratory dendtritic cell"": 7, ""mononuclear phagocyte"": 454, ""mucosal invariant T cell"": 46, ""mural cell"": 336, ""myeloid cell"": 424, ""naive regulatory T cell"": 37, ""naive thymus-derived CD4-positive, alpha-beta T cell"": 146, ""natural killer cell"": 54, ""neural cell"": 20, ""neutrophil"": 31, ""non-classical monocyte"": 97, ""papillary tips cell"": 3120, ""parietal epithelial cell"": 26, ""peritubular capillary endothelial cell"": 194, ""plasma cell"": 63, ""plasmacytoid dendritic cell, human"": 2, ""podocyte"": 119, ""renal interstitial pericyte"": 2001, ""renal medullary fibroblast"": 16243, ""vasa recta ascending limb cell"": 2820, ""vasa recta cell"": 2268, ""vasa recta descending limb cell"": 1644, ""vascular associated smooth muscle cell"": 22, ""vein endothelial cell"": 32}"
Homo sapiens,renal papilla,10x multiome,"{""B cell"": 7, ""CD8-alpha-negative thymic conventional dendritic cell"": 47, ""CD8-alpha-positive thymic conventional dendritic cell"": 5, ""adipocyte"": 1, ""adventitial fibroblast"": 304, ""classical monocyte"": 15, ""cycling macrophage"": 2, ""effector memory CD8-positive, alpha-beta T cell"": 55, ""effector memory CD8-positive, alpha-beta T cell, terminally differentiated"": 6, ""endothelial cell"": 28, ""endothelial cell of venule"": 12, ""epithelial cell of proximal tubule"": 182, ""epithelial cell of proximal tubule segment 1"": 16, ""epithelial cell of proximal tubule segment 2"": 20, ""epithelial cell of proximal tubule segment 3"": 290, ""erythrocyte"": 1, ""group 3 innate lymphoid cell"": 1, ""kidney collecting duct alpha-intercalated cell"": 428, ""kidney collecting duct beta-intercalated cell"": 4, ""kidney collecting duct intercalated cell"": 21, ""kidney collecting duct principal cell"": 712, ""kidney connecting tubule epithelial cell"": 15, ""kidney connecting tubule principal cell"": 11, ""kidney cortex collecting duct principal cell"": 22, ""kidney cortex peritubular capillary cell"": 22, ""kidney distal convoluted tubule epithelial cell"": 33, ""kidney interstitial fibroblast"": 137, ""kidney interstitial myofibroblast"": 15, ""kidney loop of Henle cortical thick ascending limb epithelial cell"": 427, ""kidney loop of Henle thick ascending limb epithelial cell"": 4908, ""kidney loop of Henle thin ascending limb epithelial cell"": 53, ""kidney loop of Henle thin descending limb epithelial cell"": 1489, ""kidney outer medulla peritubular capillary cell"": 21, ""kidney resident macrophage"": 124, ""macrophage"": 5, ""macula densa epithelial cell"": 21, ""mast cell"": 4, ""migratory dendtritic cell"": 1, ""mucosal invariant T cell"": 7, ""naive regulatory T cell"": 2, ""naive thymus-derived CD4-positive, alpha-beta T cell"": 22, ""natural killer cell"": 12, ""neural cell"": 2, ""non-classical monocyte"": 11, ""papillary tips cell"": 11, ""parietal epithelial cell"": 2, ""peritubular capillary endothelial cell"": 5, ""plasma cell"": 4, ""podocyte"": 7, ""renal interstitial pericyte"": 74, ""renal medullary fibroblast"": 192, ""vasa recta ascending limb cell"": 164, ""vasa recta cell"": 7, ""vasa recta descending limb cell"": 42, ""vascular associated smooth muscle cell"": 5, ""vein endothelial cell"": 12}"
Homo sapiens,renal pelvis,10x 3' v2,"{""B cell"": 56, ""CD4-positive, alpha-beta T cell"": 81, ""CD8-positive, alpha-beta T cell"": 63, ""T cell"": 71, ""capillary endothelial cell"": 20, ""classical monocyte"": 51, ""conventional dendritic cell"": 2, ""dendritic cell"": 14, ""dendritic cell, human"": 38, ""epithelial cell of glomerular capsule"": 1, ""epithelial cell of proximal tubule"": 568, ""fibroblast"": 6, ""glomerular capillary endothelial cell"": 4, ""glomerular endothelial cell"": 12, ""kidney arterial blood vessel cell"": 1, ""kidney collecting duct intercalated cell"": 46, ""kidney collecting duct principal cell"": 12, ""kidney connecting tubule epithelial cell"": 20, ""kidney epithelial cell"": 114, ""kidney interstitial fibroblast"": 12, ""kidney loop of Henle thick ascending limb epithelial cell"": 15, ""kidney resident macrophage"": 40, ""lymphocyte"": 35, ""mast cell"": 12, ""mature NK T cell"": 68, ""mononuclear phagocyte"": 55, ""mural cell"": 10, ""myofibroblast cell"": 63, ""natural killer cell"": 40, ""non-classical monocyte"": 19, ""peritubular capillary endothelial cell"": 21, ""podocyte"": 3, ""progenitor cell"": 48, ""renal alpha-intercalated cell"": 105, ""renal beta-intercalated cell"": 33, ""renal principal cell"": 36, ""urothelial cell"": 129, ""vasa recta ascending limb cell"": 63, ""vasa recta cell"": 34, ""vasa recta descending limb cell"": 39, ""vascular associated smooth muscle cell"": 9}"
Homo sapiens,respiratory airway,10x 3' v2,"{""B cell"": 3576, ""CD1c-positive myeloid dendritic cell"": 4670, ""CD4-positive, alpha-beta T cell"": 10366, ""CD8-positive, alpha-beta T cell"": 25222, ""NKp46-positive innate lymphoid cell, human"": 2028, ""T cell"": 18073, ""acinar cell"": 1104, ""alveolar adventitial fibroblast"": 430, ""alveolar macrophage"": 10736, ""alveolar type 1 fibroblast cell"": 1580, ""basal cell"": 64820, ""bronchial goblet cell"": 840, ""bronchus fibroblast of lung"": 2450, ""brush cell of tracheobronchial tree"": 170, ""capillary endothelial cell"": 8985, ""classical monocyte"": 3300, ""club cell"": 21679, ""conventional dendritic cell"": 102, ""dendritic cell"": 2613, ""elicited macrophage"": 674, ""endothelial cell of artery"": 516, ""endothelial cell of lymphatic vessel"": 687, ""epithelial cell of lower respiratory tract"": 826, ""fibroblast"": 3014, ""fibroblast of lung"": 377, ""fibrocyte"": 278, ""hematopoietic stem cell"": 6, ""ionocyte"": 498, ""lung macrophage"": 200, ""lung multiciliated epithelial cell"": 2764, ""lung pericyte"": 1568, ""lung secretory cell"": 7316, ""macrophage"": 5805, ""mast cell"": 5040, ""mesothelial cell"": 2, ""monocyte"": 1977, ""mucus secreting cell"": 672, ""multiciliated columnar cell of tracheobronchial tree"": 35364, ""multiciliated epithelial cell"": 18939, ""myofibroblast cell"": 345, ""nasal mucosa goblet cell"": 2232, ""natural killer cell"": 4056, ""non-classical monocyte"": 654, ""plasma cell"": 1026, ""plasmacytoid dendritic cell"": 262, ""primary cultured cell"": 80, ""pulmonary alveolar epithelial cell"": 542, ""pulmonary alveolar type 1 cell"": 1569, ""pulmonary alveolar type 2 cell"": 5920, ""pulmonary artery endothelial cell"": 1032, ""pulmonary ionocyte"": 124, ""pulmonary neuroendocrine cell"": 146, ""respiratory basal cell"": 119266, ""respiratory tract hillock cell"": 962, ""secretory cell"": 12332, ""serous secreting cell"": 20, ""smooth muscle cell"": 98, ""stromal cell"": 556, ""tracheal goblet cell"": 980, ""tracheobronchial goblet cell"": 1888, ""tracheobronchial serous cell"": 2690, ""tracheobronchial smooth muscle cell"": 2141, ""unknown"": 1454, ""vein endothelial cell"": 14748}"
Homo sapiens,respiratory airway,10x 3' v3,"{""B cell"": 3661, ""CD1c-positive myeloid dendritic cell"": 222, ""CD4-positive, alpha-beta T cell"": 488, ""CD8-positive, alpha-beta T cell"": 825, ""NKp46-positive innate lymphoid cell, human"": 4, ""T cell"": 202, ""acinar cell"": 912, ""alveolar adventitial fibroblast"": 877, ""alveolar macrophage"": 551, ""alveolar type 1 fibroblast cell"": 2057, ""basal cell"": 20307, ""bronchial goblet cell"": 2346, ""bronchus fibroblast of lung"": 54, ""brush cell of tracheobronchial tree"": 108, ""capillary endothelial cell"": 5947, ""classical monocyte"": 1784, ""club cell"": 518, ""conventional dendritic cell"": 30, ""dendritic cell"": 126, ""elicited macrophage"": 3687, ""endothelial cell of lymphatic vessel"": 268, ""epithelial cell"": 7996, ""epithelial cell of lower respiratory tract"": 411, ""erythrocyte"": 71, ""fibroblast"": 415, ""ionocyte"": 318, ""lung macrophage"": 184, ""lung pericyte"": 578, ""lung secretory cell"": 530, ""macrophage"": 1881, ""mast cell"": 523, ""mature NK T cell"": 6502, ""mesothelial cell"": 1, ""monocyte"": 517, ""mucus secreting cell"": 26, ""multiciliated columnar cell of tracheobronchial tree"": 6539, ""multiciliated epithelial cell"": 2992, ""myeloid cell"": 34935, ""myofibroblast cell"": 30, ""nasal mucosa goblet cell"": 2894, ""natural killer cell"": 393, ""neutrophil"": 2518, ""non-classical monocyte"": 173, ""plasma cell"": 120, ""plasmacytoid dendritic cell"": 30, ""platelet"": 236, ""pulmonary alveolar epithelial cell"": 10, ""pulmonary alveolar type 1 cell"": 2532, ""pulmonary alveolar type 2 cell"": 6726, ""pulmonary artery endothelial cell"": 351, ""pulmonary neuroendocrine cell"": 141, ""respiratory basal cell"": 37562, ""respiratory tract hillock cell"": 3328, ""secretory cell"": 2856, ""serous secreting cell"": 6, ""smooth muscle cell"": 40, ""stromal cell"": 13, ""tracheobronchial goblet cell"": 18, ""tracheobronchial serous cell"": 123, ""tracheobronchial smooth muscle cell"": 350, ""unknown"": 8942, ""vein endothelial cell"": 252}"
Homo sapiens,respiratory airway,10x 5' v1,"{""B cell"": 8844, ""CD1c-positive myeloid dendritic cell"": 366, ""CD4-positive, alpha-beta T cell"": 857, ""CD8-positive, alpha-beta T cell"": 2082, ""T cell"": 12, ""acinar cell"": 12, ""alveolar macrophage"": 12, ""alveolar type 1 fibroblast cell"": 2, ""bronchial goblet cell"": 5, ""bronchus fibroblast of lung"": 1, ""brush cell of tracheobronchial tree"": 23, ""classical monocyte"": 184, ""club cell"": 7091, ""conventional dendritic cell"": 3, ""dendritic cell"": 4, ""elicited macrophage"": 62, ""endothelial cell of lymphatic vessel"": 6, ""ionocyte"": 766, ""mast cell"": 116, ""mucus secreting cell"": 2, ""multiciliated columnar cell of tracheobronchial tree"": 8847, ""multiciliated epithelial cell"": 565, ""nasal mucosa goblet cell"": 25698, ""natural killer cell"": 110, ""non-classical monocyte"": 16, ""plasma cell"": 231, ""plasmacytoid dendritic cell"": 62, ""pulmonary alveolar type 1 cell"": 1, ""pulmonary alveolar type 2 cell"": 12, ""pulmonary neuroendocrine cell"": 1, ""respiratory basal cell"": 7754, ""respiratory tract hillock cell"": 81, ""serous secreting cell"": 2, ""tracheobronchial goblet cell"": 138, ""tracheobronchial serous cell"": 3, ""tracheobronchial smooth muscle cell"": 4, ""unknown"": 36269}"
Homo sapiens,respiratory tube,10x 3' v2,"{""B cell"": 1231, ""CD4-positive helper T cell"": 4315, ""alveolar adventitial fibroblast"": 80, ""alveolar type 1 fibroblast cell"": 38, ""basal cell"": 18645, ""bronchial goblet cell"": 327, ""club cell"": 1808, ""cytotoxic T cell"": 11881, ""dendritic cell, human"": 1863, ""endocardial cell"": 2685, ""epithelial cell of lung"": 20, ""fibroblast of lung"": 888, ""innate lymphoid cell"": 551, ""ionocyte"": 109, ""macrophage"": 176, ""mast cell"": 600, ""mature T cell"": 83, ""monocyte"": 1360, ""mucus secreting cell of bronchus submucosal gland"": 377, ""nasal mucosa goblet cell"": 315, ""pericyte"": 3, ""respiratory tract goblet cell"": 9, ""respiratory tract multiciliated cell"": 8009, ""secretory cell"": 2, ""stromal cell"": 429}"
Homo sapiens,retina,10x 3' v1,"{""Mueller cell"": 142, ""amacrine cell"": 622, ""microglial cell"": 12, ""retina horizontal cell"": 146, ""retinal astrocyte"": 26, ""retinal cone cell"": 5, ""retinal ganglion cell"": 1001, ""retinal progenitor cell"": 935, ""retinal rod cell"": 61}"
Homo sapiens,retina,10x 3' v2,"{""Mueller cell"": 24663, ""OFF-bipolar cell"": 2722, ""ON-bipolar cell"": 5306, ""T cell"": 3, ""amacrine cell"": 16387, ""astrocyte"": 227, ""endothelial cell of vascular tree"": 105, ""microglial cell"": 399, ""monocyte"": 1, ""pericyte"": 70, ""retina horizontal cell"": 11462, ""retinal astrocyte"": 244, ""retinal cone cell"": 16912, ""retinal ganglion cell"": 6083, ""retinal pigment epithelial cell"": 130, ""retinal progenitor cell"": 32618, ""retinal rod cell"": 50901, ""rod bipolar cell"": 4652, ""unknown"": 4056}"
Homo sapiens,retina,10x 3' v3,"{""A2 amacrine cell"": 1070, ""B cell"": 41, ""Mueller cell"": 10138, ""OFF retinal ganglion cell"": 1124, ""OFF-bipolar cell"": 5919, ""ON retinal ganglion cell"": 549, ""ON-bipolar cell"": 10621, ""S cone cell"": 108, ""Schwann cell"": 44, ""T cell"": 87, ""amacrine cell"": 10712, ""astrocyte"": 1082, ""endothelial cell"": 50, ""glycinergic amacrine cell"": 442, ""melanocyte"": 186, ""myeloid cell"": 1183, ""pericyte"": 188, ""retina horizontal cell"": 3747, ""retinal bipolar neuron"": 16695, ""retinal cone cell"": 2899, ""retinal ganglion cell"": 2517, ""retinal pigment epithelial cell"": 4982, ""retinal rod cell"": 125032, ""starburst amacrine cell"": 194, ""unknown"": 848}"
Homo sapiens,retina,10x multiome,"{""GABAergic amacrine cell"": 1, ""H1 horizontal cell"": 2, ""H2 horizontal cell"": 2, ""Mueller cell"": 3811, ""OFF-bipolar cell"": 3936, ""ON parasol ganglion cell"": 33, ""ON-bipolar cell"": 2617, ""amacrine cell"": 2724, ""astrocyte"": 232, ""diffuse bipolar 3b cell"": 6, ""microglial cell"": 232, ""midget ganglion cell of retina"": 372, ""retina horizontal cell"": 1277, ""retinal cone cell"": 2266, ""retinal ganglion cell"": 2404, ""retinal progenitor cell"": 4208, ""retinal rod cell"": 32061, ""rod bipolar cell"": 2324}"
Homo sapiens,retinal neural layer,10x 3' v2,"{""GABAergic amacrine cell"": 196, ""H1 horizontal cell"": 14, ""H2 horizontal cell"": 24, ""Mueller cell"": 549, ""OFFx cell"": 34, ""ON-blue cone bipolar cell"": 11, ""S cone cell"": 18, ""amacrine cell"": 39, ""astrocyte"": 10, ""diffuse bipolar 1 cell"": 56, ""diffuse bipolar 2 cell"": 115, ""diffuse bipolar 3a cell"": 61, ""diffuse bipolar 3b cell"": 85, ""diffuse bipolar 4 cell"": 158, ""diffuse bipolar 6 cell"": 56, ""flat midget bipolar cell"": 199, ""giant bipolar cell"": 41, ""glycinergic amacrine cell"": 99, ""invaginating midget bipolar cell"": 314, ""microglial cell"": 26, ""midget ganglion cell of retina"": 70, ""parasol ganglion cell of retina"": 2, ""retinal bipolar neuron"": 1494, ""retinal cone cell"": 45, ""retinal ganglion cell"": 11, ""retinal rod cell"": 6547, ""rod bipolar cell"": 1370, ""starburst amacrine cell"": 47}"
Homo sapiens,retinal neural layer,10x 3' v3,"{""CD4-positive, alpha-beta T cell"": 3, ""CD8-positive, alpha-beta T cell"": 9, ""Mueller cell"": 990, ""classical monocyte"": 3, ""erythrocyte"": 24, ""eye photoreceptor cell"": 1011, ""macrophage"": 9, ""microglial cell"": 66, ""monocyte"": 3, ""muscle cell"": 3, ""neutrophil"": 3, ""retina horizontal cell"": 9, ""retinal bipolar neuron"": 30}"
Homo sapiens,rib,microwell-seq,"{""B cell"": 2, ""T cell"": 1, ""cell of skeletal muscle"": 14, ""chondrocyte"": 5450, ""cord blood hematopoietic stem cell"": 1, ""dendritic cell"": 8, ""embryonic stem cell"": 1, ""endothelial cell"": 47, ""enterocyte"": 1, ""epithelial cell"": 24, ""erythroid lineage cell"": 10, ""erythroid progenitor cell"": 4, ""fibroblast"": 2, ""macrophage"": 12, ""mesenchymal stem cell"": 203, ""monocyte"": 10, ""neuron"": 2, ""neutrophil"": 9, ""primordial germ cell"": 3, ""professional antigen presenting cell"": 3, ""renal intercalated cell"": 88, ""smooth muscle cell"": 15, ""stromal cell"": 82}"
Homo sapiens,right atrium auricular region,10x 3' v3,"{""Schwann cell"": 6659, ""adipocyte"": 4587, ""cardiac blood vessel endothelial cell"": 72373, ""cardiac muscle cell"": 133882, ""endocardial cell"": 177705, ""fibroblast"": 124138, ""lymphocyte"": 6011, ""macrophage"": 24158, ""mesothelial cell"": 49344, ""neuron"": 88, ""pericyte"": 9342, ""smooth muscle cell"": 6288}"
Homo sapiens,right cardiac atrium,10x 3' v2,"{""B cell"": 458, ""CD14-positive monocyte"": 292, ""CD14-positive, CD16-positive monocyte"": 360, ""CD4-positive, alpha-beta cytotoxic T cell"": 450, ""CD8-positive, alpha-beta cytotoxic T cell"": 642, ""activated CD4-positive, alpha-beta T cell"": 188, ""activated CD8-positive, alpha-beta T cell"": 466, ""adipocyte"": 939, ""capillary endothelial cell"": 5014, ""cardiac muscle cell"": 12520, ""dendritic cell"": 140, ""endocardial cell"": 330, ""endothelial cell"": 19407, ""endothelial cell of artery"": 2798, ""endothelial cell of lymphatic vessel"": 17, ""epicardial adipocyte"": 266, ""fetal cardiomyocyte"": 24, ""fibroblast"": 63705, ""innate lymphoid cell"": 259, ""lymphocyte"": 3194, ""macrophage"": 2170, ""mast cell"": 108, ""mature NK T cell"": 220, ""mesothelial cell"": 919, ""mesothelial cell of epicardium"": 194, ""monocyte"": 632, ""mural cell"": 1934, ""myeloid cell"": 8445, ""natural killer cell"": 1009, ""neural cell"": 1212, ""neuron"": 1350, ""pericyte"": 7344, ""regular atrial cardiac myocyte"": 47887, ""regular ventricular cardiac myocyte"": 148, ""smooth muscle cell"": 3626, ""unknown"": 2024, ""vascular associated smooth muscle cell"": 754, ""vein endothelial cell"": 4313}"
Homo sapiens,right cardiac atrium,10x 3' v3,"{""B cell"": 411, ""CD14-positive monocyte"": 83, ""CD14-positive, CD16-positive monocyte"": 442, ""CD4-positive, alpha-beta T cell"": 66, ""CD4-positive, alpha-beta cytotoxic T cell"": 240, ""CD8-positive, alpha-beta T cell"": 378, ""CD8-positive, alpha-beta cytotoxic T cell"": 526, ""activated CD4-positive, alpha-beta T cell"": 86, ""activated CD8-positive, alpha-beta T cell"": 812, ""adipocyte"": 1103, ""capillary endothelial cell"": 1599, ""cardiac endothelial cell"": 4074, ""cardiac muscle cell"": 154, ""dendritic cell"": 56, ""endocardial cell"": 76, ""endothelial cell"": 4484, ""endothelial cell of artery"": 2130, ""endothelial cell of lymphatic vessel"": 91, ""epicardial adipocyte"": 1058, ""erythrocyte"": 258, ""fetal cardiomyocyte"": 5, ""fibroblast"": 10094, ""fibroblast of cardiac tissue"": 1785, ""innate lymphoid cell"": 67, ""lymphocyte"": 2277, ""macrophage"": 1556, ""mast cell"": 90, ""mature NK T cell"": 81, ""mesothelial cell"": 32, ""mesothelial cell of epicardium"": 31, ""monocyte"": 332, ""mural cell"": 2405, ""myeloid cell"": 2167, ""natural killer cell"": 310, ""neural cell"": 1178, ""neuron"": 479, ""neutrophil"": 15, ""pericyte"": 5823, ""plasma cell"": 3, ""platelet"": 3, ""regular atrial cardiac myocyte"": 9538, ""regular ventricular cardiac myocyte"": 21, ""smooth muscle cell"": 2885, ""unknown"": 671, ""vascular associated smooth muscle cell"": 205, ""vein endothelial cell"": 2201}"
Homo sapiens,right cardiac atrium,10x multiome,"{""adipocyte"": 62, ""endothelial cell"": 3600, ""fibroblast"": 3754, ""lymphocyte"": 588, ""mast cell"": 22, ""mesothelial cell"": 44, ""mural cell"": 821, ""myeloid cell"": 1023, ""neural cell"": 519, ""regular atrial cardiac myocyte"": 5518, ""regular ventricular cardiac myocyte"": 4}"
Homo sapiens,right coronary artery,10x 3' v3,"{""blood vessel smooth muscle cell"": 2779, ""endothelial cell of artery"": 2345, ""fibroblast"": 3069, ""lymphocyte"": 652, ""macrophage"": 2815, ""microcirculation associated smooth muscle cell"": 1934, ""unknown"": 123}"
Homo sapiens,right frontal lobe,10x 3' v2,"{""dendritic cell"": 84, ""endothelial cell"": 8, ""macrophage"": 2264, ""malignant cell"": 3890, ""mast cell"": 2, ""mature T cell"": 80, ""microglial cell"": 716, ""monocyte"": 208, ""mural cell"": 16, ""natural killer cell"": 18, ""oligodendrocyte"": 6}"
Homo sapiens,right frontal lobe,10x 3' v3,"{""B cell"": 253, ""astrocyte"": 35, ""dendritic cell"": 935, ""endothelial cell"": 874, ""macrophage"": 22361, ""malignant cell"": 27421, ""mast cell"": 138, ""mature T cell"": 11641, ""microglial cell"": 9327, ""monocyte"": 9779, ""mural cell"": 940, ""natural killer cell"": 65, ""neuron"": 78, ""neutrophil"": 4119, ""oligodendrocyte"": 2515, ""oligodendrocyte precursor cell"": 390, ""plasma cell"": 300, ""radial glial cell"": 14}"
Homo sapiens,right frontal lobe,Smart-seq2,"{""dendritic cell"": 8, ""macrophage"": 70, ""malignant cell"": 1546, ""mature T cell"": 14, ""microglial cell"": 18, ""monocyte"": 12, ""natural killer cell"": 2, ""neuron"": 2, ""oligodendrocyte"": 102, ""oligodendrocyte precursor cell"": 10, ""radial glial cell"": 4}"
Homo sapiens,right frontal lobe,microwell-seq,"{""B cell"": 2, ""endothelial cell"": 236, ""macrophage"": 62, ""malignant cell"": 8416, ""mast cell"": 2, ""mature T cell"": 2, ""microglial cell"": 34, ""mural cell"": 344}"
Homo sapiens,right lobe of liver,10x 5' v2,"{""Kupffer cell"": 1788, ""T cell"": 2290, ""cholangiocyte"": 224, ""conventional dendritic cell"": 14, ""cycling myeloid cell"": 114, ""cycling plasma cell"": 126, ""endothelial cell of hepatic sinusoid"": 5686, ""erythrocyte"": 196, ""gamma-delta T cell"": 1908, ""hematopoietic stem cell"": 1352, ""hepatocyte"": 2616, ""macrophage"": 3296, ""mature B cell"": 2158, ""mononuclear phagocyte"": 3440, ""natural killer cell"": 942, ""neutrophil"": 68, ""plasma cell"": 150, ""platelet"": 128, ""unknown"": 130}"
Homo sapiens,right lung,10x 3' v2,"{""B cell"": 88, ""T cell"": 579, ""blood vessel endothelial cell"": 281, ""endothelial cell of lymphatic vessel"": 149, ""epithelial cell"": 163, ""fibroblast"": 419, ""myeloid cell"": 315, ""neutrophil"": 1}"
Homo sapiens,right lung,10x 3' v3,"{""B cell"": 181, ""T cell"": 3379, ""blood vessel endothelial cell"": 26, ""endothelial cell of lymphatic vessel"": 3, ""epithelial cell"": 6484, ""fibroblast"": 64, ""myeloid cell"": 599, ""neutrophil"": 149}"
Homo sapiens,right occipital lobe,10x 3' v3,"{""B cell"": 13, ""dendritic cell"": 171, ""endothelial cell"": 151, ""macrophage"": 9911, ""malignant cell"": 3, ""mast cell"": 4, ""mature T cell"": 251, ""microglial cell"": 11063, ""monocyte"": 939, ""mural cell"": 31, ""natural killer cell"": 1, ""neutrophil"": 248, ""plasma cell"": 10}"
Homo sapiens,right ovary,10x 3' v3,"{""B cell"": 380, ""CD4-positive, alpha-beta T cell"": 24, ""CD8-positive, alpha-beta T cell"": 111, ""T cell"": 26494, ""blood vessel smooth muscle cell"": 8835, ""dendritic cell"": 396, ""endothelial cell"": 4321, ""fallopian tube secretory epithelial cell"": 33364, ""fibroblast"": 13528, ""glandular secretory epithelial cell"": 471, ""glial cell"": 15, ""macrophage"": 681, ""mast cell"": 208, ""mature NK T cell"": 3, ""monocyte"": 33579, ""myeloid dendritic cell"": 3, ""neutrophil"": 30, ""oocyte"": 12, ""ovarian surface epithelial cell"": 270, ""plasma cell"": 1448, ""plasmacytoid dendritic cell"": 15, ""stromal cell of ovary"": 40296, ""theca cell"": 1746}"
Homo sapiens,right parietal lobe,10x 3' v3,"{""B cell"": 12, ""dendritic cell"": 152, ""endothelial cell"": 1079, ""macrophage"": 16084, ""malignant cell"": 18822, ""mast cell"": 4, ""mature T cell"": 201, ""microglial cell"": 10145, ""monocyte"": 3678, ""mural cell"": 582, ""natural killer cell"": 8, ""neutrophil"": 214, ""oligodendrocyte"": 284, ""plasma cell"": 14, ""radial glial cell"": 23}"
Homo sapiens,right parietal lobe,Smart-seq2,"{""malignant cell"": 1158, ""oligodendrocyte"": 6, ""oligodendrocyte precursor cell"": 8}"
Homo sapiens,right parietal lobe,microwell-seq,"{""endothelial cell"": 34, ""macrophage"": 2, ""malignant cell"": 4274, ""monocyte"": 2, ""mural cell"": 36, ""oligodendrocyte"": 8}"
Homo sapiens,right temporal lobe,10x 3' v2,"{""dendritic cell"": 94, ""endothelial cell"": 6, ""macrophage"": 2362, ""malignant cell"": 4562, ""mast cell"": 132, ""mature T cell"": 82, ""microglial cell"": 192, ""monocyte"": 182, ""mural cell"": 302, ""natural killer cell"": 14, ""oligodendrocyte"": 224, ""plasma cell"": 214}"
Homo sapiens,right temporal lobe,10x 3' v3,"{""B cell"": 1151, ""astrocyte"": 12341, ""dendritic cell"": 18, ""endothelial cell"": 11142, ""fibroblast"": 560, ""lymphocyte"": 2941, ""macrophage"": 82879, ""malignant cell"": 14408, ""mature T cell"": 124, ""microglial cell"": 50858, ""monocyte"": 1053, ""mural cell"": 336, ""myeloid leukocyte"": 51, ""neoplastic cell"": 58327, ""neuron"": 7, ""oligodendrocyte"": 39368, ""oligodendrocyte precursor cell"": 4288, ""pericyte"": 3229, ""plasma cell"": 1, ""radial glial cell"": 5, ""unknown"": 1172, ""vascular associated smooth muscle cell"": 1770}"
Homo sapiens,right temporal lobe,Drop-seq,"{""dendritic cell"": 1, ""endothelial cell"": 3, ""macrophage"": 62, ""malignant cell"": 2755, ""mast cell"": 1, ""mature T cell"": 3, ""microglial cell"": 36, ""mural cell"": 21, ""oligodendrocyte"": 33, ""radial glial cell"": 13}"
Homo sapiens,right temporal lobe,Smart-seq2,"{""astrocyte"": 2, ""dendritic cell"": 16, ""macrophage"": 240, ""malignant cell"": 1518, ""mature T cell"": 32, ""microglial cell"": 164, ""monocyte"": 66, ""oligodendrocyte"": 112, ""oligodendrocyte precursor cell"": 6}"
Homo sapiens,right temporal lobe,microwell-seq,"{""endothelial cell"": 160, ""macrophage"": 12, ""malignant cell"": 4515, ""mature T cell"": 7, ""microglial cell"": 7, ""mural cell"": 13, ""radial glial cell"": 7}"
Homo sapiens,saliva,10x 3' v3,"{""B cell"": 131, ""CD14-positive, CD16-negative classical monocyte"": 7162, ""CD14-positive, CD16-positive monocyte"": 62, ""CD8-positive, alpha-beta T cell"": 41, ""ciliated cell"": 124, ""dendritic cell"": 238, ""macrophage"": 1251, ""mature alpha-beta T cell"": 58, ""monocyte"": 199, ""natural killer cell"": 21, ""neutrophil"": 1937, ""secretory cell"": 211, ""squamous epithelial cell"": 3067}"
Homo sapiens,salivary gland epithelium,10x 3' v3,"{""acinar cell"": 8026, ""basal cell"": 7753, ""pulmonary alveolar type 1 cell"": 15, ""stem cell"": 1, ""thymocyte"": 1}"
Homo sapiens,scalp,10x 3' v3,"{""basal cell of epidermis"": 298, ""granular cell of epidermis"": 23, ""hair follicular keratinocyte"": 2144, ""keratinocyte"": 246, ""sebocyte"": 318}"
Homo sapiens,sclera,10x 3' v2,"{""B cell"": 6, ""blood vessel endothelial cell"": 3, ""capillary endothelial cell"": 6, ""conjunctival epithelial cell"": 68, ""endothelial cell"": 46, ""endothelial cell of venule"": 42, ""epithelial cell"": 1, ""fibroblast"": 537, ""keratocyte"": 10, ""leukocyte"": 2, ""lymphocyte"": 78, ""macrophage"": 255, ""mast cell"": 6, ""melanocyte"": 713, ""monocyte"": 4, ""smooth muscle cell"": 4}"
Homo sapiens,sclera,10x 3' v3,"{""B cell"": 306, ""CD4-positive, alpha-beta T cell"": 153, ""CD8-positive, alpha-beta T cell"": 255, ""Schwann cell"": 4521, ""T cell"": 101, ""acinar cell"": 321, ""astrocyte"": 359, ""basophil"": 3, ""blood vessel endothelial cell"": 1660, ""capillary endothelial cell"": 2615, ""classical monocyte"": 3, ""conjunctival epithelial cell"": 3254, ""corneal endothelial cell"": 17, ""endothelial cell"": 13743, ""endothelial cell of artery"": 175, ""endothelial cell of lymphatic vessel"": 248, ""endothelial cell of venule"": 8135, ""epithelial cell"": 2259, ""erythrocyte"": 45, ""fibroblast"": 102814, ""intermediate monocyte"": 6, ""keratocyte"": 2247, ""leukocyte"": 123, ""lymphocyte"": 1797, ""macrophage"": 1558, ""mast cell"": 147, ""mature NK T cell"": 48, ""melanocyte"": 2515, ""microglial cell"": 122, ""monocyte"": 41, ""muscle cell"": 27, ""myelinating Schwann cell"": 396, ""myeloid leukocyte"": 86, ""natural killer cell"": 72, ""neutrophil"": 27, ""non-classical monocyte"": 3, ""oligodendrocyte"": 506, ""oligodendrocyte precursor cell"": 23, ""pericyte"": 45322, ""pigmented epithelial cell"": 2, ""plasma cell"": 120, ""progenitor cell"": 249, ""retinal blood vessel endothelial cell"": 1125, ""retinal ganglion cell"": 3, ""smooth muscle cell"": 5341, ""vascular associated smooth muscle cell"": 1235}"
Homo sapiens,segmental bronchus,10x 3' v2,"{""B cell"": 47, ""CD4-positive, alpha-beta T cell"": 137, ""CD8-positive, alpha-beta T cell"": 7, ""Schwann cell"": 2, ""T cell"": 1, ""alternatively activated macrophage"": 135, ""blood vessel smooth muscle cell"": 96, ""bronchiolar smooth muscle cell"": 2, ""bronchus fibroblast of lung"": 9, ""chondrocyte"": 132, ""conventional dendritic cell"": 6, ""deuterosomal cell"": 17, ""endothelial cell of lymphatic vessel"": 4, ""fibroblast"": 57, ""lung resident memory CD8-positive, alpha-beta T cell"": 8, ""macrophage"": 46, ""mast cell"": 1, ""mature NK T cell"": 4, ""monocyte"": 6, ""mucus secreting cell of bronchus submucosal gland"": 76, ""multiciliated columnar cell of tracheobronchial tree"": 138, ""myoepithelial cell of bronchus submucosal gland"": 49, ""plasma cell"": 1, ""pulmonary neuroendocrine cell"": 2, ""respiratory basal cell"": 4, ""respiratory tract goblet cell"": 13, ""respiratory tract suprabasal cell"": 58, ""serous cell of epithelium of lobular bronchiole"": 1, ""serous secreting cell of bronchus submucosal gland"": 289, ""tracheobronchial serous cell"": 80, ""unknown"": 1, ""vascular associated smooth muscle cell"": 6, ""vein endothelial cell of respiratory system"": 192}"
Homo sapiens,segmental bronchus,10x 3' v3,"{""B cell"": 1305, ""CD4-positive, alpha-beta T cell"": 3182, ""CD8-positive, alpha-beta T cell"": 1625, ""Schwann cell"": 49, ""T cell"": 264, ""alternatively activated macrophage"": 70, ""blood vessel smooth muscle cell"": 883, ""bronchiolar smooth muscle cell"": 212, ""bronchus fibroblast of lung"": 175, ""chondrocyte"": 262, ""conventional dendritic cell"": 230, ""deuterosomal cell"": 26, ""endothelial cell of artery"": 2, ""endothelial cell of lymphatic vessel"": 50, ""fibroblast"": 306, ""fibroblast of lung"": 15, ""lung microvascular endothelial cell"": 23, ""lung resident memory CD8-positive, alpha-beta T cell"": 582, ""macrophage"": 161, ""mast cell"": 346, ""mature NK T cell"": 507, ""monocyte"": 659, ""mucus secreting cell of bronchus submucosal gland"": 203, ""multiciliated columnar cell of tracheobronchial tree"": 832, ""myoepithelial cell of bronchus submucosal gland"": 27, ""natural killer cell"": 29, ""neutrophil"": 415, ""pericyte"": 7, ""plasma cell"": 109, ""plasmacytoid dendritic cell"": 30, ""pulmonary alveolar type 2 cell"": 2, ""pulmonary capillary endothelial cell"": 1, ""pulmonary ionocyte"": 54, ""pulmonary neuroendocrine cell"": 7, ""respiratory basal cell"": 492, ""respiratory tract goblet cell"": 387, ""respiratory tract suprabasal cell"": 1874, ""serous cell of epithelium of lobular bronchiole"": 2, ""serous secreting cell of bronchus submucosal gland"": 861, ""tracheobronchial serous cell"": 1612, ""unknown"": 60, ""vascular associated smooth muscle cell"": 54, ""vein endothelial cell of respiratory system"": 1525}"
Homo sapiens,sigmoid colon,10x 3' v2,"{""B cell"": 485, ""BEST4+ enterocyte"": 3136, ""CD16-negative, CD56-bright natural killer cell, human"": 244, ""CD16-positive, CD56-dim natural killer cell, human"": 105, ""CD4-positive, alpha-beta T cell"": 620, ""CD4-positive, alpha-beta memory T cell"": 3687, ""CD8-positive, alpha-beta T cell"": 364, ""CD8-positive, alpha-beta memory T cell"": 1747, ""IgA plasma cell"": 15919, ""IgG plasma cell"": 1038, ""IgM plasma cell"": 234, ""Langerhans cell"": 82, ""M cell of gut"": 21, ""T follicular helper cell"": 684, ""T-helper 1 cell"": 1061, ""T-helper 17 cell"": 2376, ""TREM2-positive macrophage"": 732, ""activated CD4-positive, alpha-beta T cell"": 63, ""activated CD8-positive, alpha-beta T cell"": 130, ""capillary endothelial cell"": 627, ""central memory CD4-positive, alpha-beta T cell"": 64, ""colon epithelial cell"": 1173, ""colon macrophage"": 34, ""colonocyte"": 17647, ""conventional dendritic cell"": 786, ""cycling T cell"": 167, ""dendritic cell"": 17, ""dendritic cell, human"": 78, ""effector memory CD8-positive, alpha-beta T cell"": 1903, ""endothelial cell"": 201, ""endothelial cell of artery"": 261, ""endothelial cell of lymphatic vessel"": 563, ""enteric neuron"": 4, ""enterocyte"": 1824, ""enterocyte of epithelium of large intestine"": 1240, ""enteroendocrine cell"": 104, ""enteroglial cell"": 734, ""epithelial cell"": 759, ""fibroblast"": 4735, ""fibroblast of gingiva"": 1187, ""fibroblastic reticular cell"": 167, ""follicular B cell"": 61, ""gamma-delta T cell"": 2702, ""gastrointestinal tract (lamina propria) macrophage"": 2123, ""gastrointestinal tract (lamina propria) macrophage of large intestine"": 17, ""germinal center B cell"": 125, ""glial cell"": 185, ""goblet cell"": 738, ""group 3 innate lymphoid cell"": 765, ""innate lymphoid cell"": 239, ""intestinal crypt stem cell"": 971, ""intestinal tuft cell"": 15, ""intestine goblet cell"": 3924, ""leukocyte"": 55, ""macrophage"": 1968, ""mast cell"": 2418, ""memory B cell"": 3407, ""memory T cell"": 10, ""monocyte"": 1571, ""mucosal invariant T cell"": 217, ""myofibroblast cell"": 307, ""naive B cell"": 1193, ""naive T cell"": 61, ""naive thymus-derived CD4-positive, alpha-beta T cell"": 908, ""naive thymus-derived CD8-positive, alpha-beta T cell"": 69, ""natural killer cell"": 137, ""neuroblast (sensu Vertebrata)"": 24, ""neutrophil progenitor cell"": 9, ""paneth cell"": 53, ""pericyte"": 1007, ""plasma cell"": 4442, ""plasmablast"": 36, ""plasmacytoid dendritic cell"": 51, ""plasmacytoid dendritic cell, human"": 13, ""regulatory T cell"": 1626, ""reticular cell"": 40, ""stem cell"": 511, ""stromal cell"": 1628, ""transit amplifying cell"": 6877, ""tuft cell"": 15, ""tuft cell of colon"": 15, ""tuft cell of small intestine"": 171, ""type D enteroendocrine cell"": 2, ""type EC enteroendocrine cell"": 6, ""type L enteroendocrine cell"": 7, ""unknown"": 111, ""vascular associated smooth muscle cell"": 305, ""vein endothelial cell"": 1137}"
Homo sapiens,sigmoid colon,10x 3' v3,"{""B cell"": 1758, ""BEST4+ colonocyte"": 2647, ""BEST4+ enterocyte"": 2157, ""CD4-positive, alpha-beta T cell"": 2856, ""CD8-positive, alpha-beta T cell"": 1107, ""colon endothelial cell"": 183, ""colon goblet cell"": 2366, ""colon macrophage"": 447, ""colonocyte"": 2057, ""early colonocyte"": 4650, ""enterochromaffin-like cell"": 60, ""enterocyte of epithelium of large intestine"": 5550, ""enteroendocrine cell of colon"": 214, ""enteroglial cell"": 89, ""fibroblast"": 924, ""gamma-delta T cell"": 1191, ""innate lymphoid cell"": 12, ""intestinal crypt stem cell of colon"": 5460, ""large intestine goblet cell"": 1023, ""malignant cell"": 19675, ""mast cell"": 261, ""mature NK T cell"": 72, ""monocyte"": 66, ""myeloid dendritic cell"": 39, ""myeloid leukocyte"": 294, ""myofibroblast cell"": 21, ""naive thymus-derived CD4-positive, alpha-beta T cell"": 354, ""natural killer cell"": 27, ""paneth cell of colon"": 108, ""plasma cell"": 3963, ""regulatory T cell"": 804, ""secretory cell"": 7118, ""transit amplifying cell of colon"": 372, ""tuft cell of colon"": 1676, ""type L enteroendocrine cell"": 60}"
Homo sapiens,sigmoid colon,10x 5' v1,"{""CD16-positive, CD56-dim natural killer cell, human"": 2, ""CD4-positive helper T cell"": 10, ""CD8-positive, alpha-beta memory T cell"": 50, ""CD8-positive, alpha-beta memory T cell, CD45RO-positive"": 6, ""T follicular helper cell"": 8, ""alpha-beta T cell"": 10, ""alveolar macrophage"": 2, ""classical monocyte"": 10, ""conventional dendritic cell"": 2, ""effector memory CD8-positive, alpha-beta T cell, terminally differentiated"": 12, ""gamma-delta T cell"": 38, ""germinal center B cell"": 20, ""group 3 innate lymphoid cell"": 2, ""macrophage"": 8, ""memory B cell"": 34, ""naive B cell"": 34, ""plasma cell"": 10, ""regulatory T cell"": 8}"
Homo sapiens,sigmoid colon,10x 5' v2,"{""B cell"": 19, ""BEST4+ enterocyte"": 6205, ""CD16-negative, CD56-bright natural killer cell, human"": 96, ""CD16-positive, CD56-dim natural killer cell, human"": 60, ""CD4-positive, alpha-beta T cell"": 21, ""CD4-positive, alpha-beta memory T cell"": 324, ""CD8-positive, alpha-beta T cell"": 58, ""CD8-positive, alpha-beta memory T cell"": 747, ""IgA plasma cell"": 19003, ""IgG plasma cell"": 1003, ""IgM plasma cell"": 584, ""Langerhans cell"": 5, ""M cell of gut"": 5, ""T follicular helper cell"": 80, ""T-helper 1 cell"": 11, ""T-helper 17 cell"": 261, ""TREM2-positive macrophage"": 200, ""activated CD4-positive, alpha-beta T cell"": 46, ""activated CD8-positive, alpha-beta T cell"": 143, ""capillary endothelial cell"": 95, ""central memory CD4-positive, alpha-beta T cell"": 26, ""colon epithelial cell"": 1189, ""colon macrophage"": 63, ""colonocyte"": 18912, ""conventional dendritic cell"": 301, ""cycling T cell"": 28, ""dendritic cell"": 6, ""dendritic cell, human"": 5, ""effector memory CD4-positive, alpha-beta T cell"": 1, ""effector memory CD8-positive, alpha-beta T cell"": 377, ""endothelial cell of artery"": 222, ""endothelial cell of lymphatic vessel"": 391, ""enterocyte"": 3, ""enterocyte of epithelium of large intestine"": 1156, ""enteroendocrine cell"": 129, ""enteroglial cell"": 52, ""epithelial cell"": 742, ""erythrocyte"": 30, ""fibroblast"": 1056, ""fibroblast of gingiva"": 24, ""follicular B cell"": 31, ""gamma-delta T cell"": 2586, ""gastrointestinal tract (lamina propria) macrophage"": 364, ""gastrointestinal tract (lamina propria) macrophage of large intestine"": 76, ""germinal center B cell"": 61, ""glial cell"": 128, ""goblet cell"": 670, ""group 3 innate lymphoid cell"": 295, ""innate lymphoid cell"": 21, ""intestinal crypt stem cell"": 192, ""intestinal tuft cell"": 100, ""intestine goblet cell"": 5412, ""macrophage"": 1158, ""mast cell"": 586, ""memory B cell"": 1258, ""memory T cell"": 2, ""monocyte"": 291, ""mucosal invariant T cell"": 23, ""myofibroblast cell"": 158, ""naive B cell"": 397, ""naive thymus-derived CD4-positive, alpha-beta T cell"": 280, ""naive thymus-derived CD8-positive, alpha-beta T cell"": 4, ""natural killer cell"": 17, ""neutrophil progenitor cell"": 5, ""pericyte"": 222, ""plasma cell"": 4599, ""plasmablast"": 108, ""plasmacytoid dendritic cell"": 1, ""precursor B cell"": 16, ""pro-B cell"": 32, ""progenitor cell of endocrine pancreas"": 2, ""regulatory T cell"": 140, ""reticular cell"": 2, ""stem cell"": 31, ""stromal cell"": 782, ""transit amplifying cell"": 8373, ""tuft cell of colon"": 86, ""tuft cell of small intestine"": 276, ""type EC enteroendocrine cell"": 7, ""type L enteroendocrine cell"": 9, ""type N enteroendocrine cell"": 3, ""vascular associated smooth muscle cell"": 308, ""vein endothelial cell"": 372}"
Homo sapiens,sigmoid colon,TruDrop,"{""B cell"": 340, ""T cell"": 854, ""abnormal cell"": 800, ""endothelial cell"": 201, ""fibroblast"": 459, ""goblet cell"": 4057, ""gut absorptive cell"": 13643, ""intestinal crypt stem cell of colon"": 1056, ""intestinal enteroendocrine cell"": 239, ""intestinal epithelial cell"": 660, ""mast cell"": 63, ""myeloid cell"": 441, ""neoplastic cell"": 1231, ""plasma cell"": 267, ""transit amplifying cell"": 2520, ""tuft cell"": 199}"
Homo sapiens,sigmoid colon,microwell-seq,"{""B cell"": 69, ""T cell"": 382, ""dendritic cell"": 43, ""endothelial cell"": 12, ""enterocyte"": 2060, ""epithelial cell"": 103, ""fibroblast"": 5, ""macrophage"": 17, ""mast cell"": 61, ""monocyte"": 1, ""neuron"": 3, ""plasma cell"": 203, ""smooth muscle cell"": 49, ""stromal cell"": 273}"
Homo sapiens,sinoatrial node,10x multiome,"{""adipocyte"": 1839, ""endothelial cell"": 8006, ""endothelial cell of lymphatic vessel"": 243, ""fibroblast"": 30176, ""lymphocyte"": 3780, ""mast cell"": 270, ""mesothelial cell"": 120, ""mural cell"": 3711, ""myeloid cell"": 9637, ""neural cell"": 1186, ""regular atrial cardiac myocyte"": 19714, ""regular ventricular cardiac myocyte"": 328}"
Homo sapiens,"skeletal muscle organ, vertebrate",10x 3' v2,"{""adipocyte"": 1129, ""capillary endothelial cell"": 846, ""cell of skeletal muscle"": 43, ""fast muscle cell"": 21, ""fibroblast"": 2590, ""lymphocyte"": 347, ""macrophage"": 501, ""mesenchymal stem cell"": 19, ""mural cell"": 962, ""pericyte"": 542, ""skeletal muscle satellite stem cell"": 1385, ""vein endothelial cell"": 430}"
Homo sapiens,"skeletal muscle organ, vertebrate",10x 3' v3,"{""adipocyte"": 22, ""capillary endothelial cell"": 1903, ""cell of skeletal muscle"": 108, ""erythroid lineage cell"": 63, ""fast muscle cell"": 44, ""fibroblast"": 6257, ""lymphocyte"": 993, ""macrophage"": 762, ""mesenchymal stem cell"": 45, ""mural cell"": 700, ""pericyte"": 77, ""secondary lymphoid organ macrophage"": 2, ""skeletal muscle satellite stem cell"": 1818, ""slow muscle cell"": 3, ""vein endothelial cell"": 446}"
Homo sapiens,"skeletal muscle organ, vertebrate",10x 5' transcription profiling,"{""capillary endothelial cell"": 928, ""cell of skeletal muscle"": 1, ""lymphocyte"": 615, ""macrophage"": 175, ""mesenchymal stem cell"": 867, ""mural cell"": 612, ""skeletal muscle satellite stem cell"": 2306, ""vein endothelial cell"": 228}"
Homo sapiens,"skeletal muscle organ, vertebrate",10x 5' v1,"{""capillary endothelial cell"": 5521, ""cell of skeletal muscle"": 4174, ""fast muscle cell"": 64342, ""macrophage"": 15, ""mast cell"": 450, ""mesenchymal stem cell"": 13178, ""mural cell"": 3191, ""secondary lymphoid organ macrophage"": 4552, ""skeletal muscle satellite stem cell"": 3183, ""slow muscle cell"": 44445}"
Homo sapiens,skeletal muscle tissue,10x 5' v1,"{""CD16-negative, CD56-bright natural killer cell, human"": 28, ""CD16-positive, CD56-dim natural killer cell, human"": 240, ""CD4-positive helper T cell"": 20, ""CD8-positive, alpha-beta memory T cell"": 2, ""CD8-positive, alpha-beta memory T cell, CD45RO-positive"": 80, ""T follicular helper cell"": 4, ""alpha-beta T cell"": 16, ""alveolar macrophage"": 14, ""classical monocyte"": 210, ""conventional dendritic cell"": 4, ""effector memory CD4-positive, alpha-beta T cell"": 106, ""effector memory CD8-positive, alpha-beta T cell, terminally differentiated"": 422, ""gamma-delta T cell"": 40, ""lymphocyte"": 78, ""macrophage"": 18, ""megakaryocyte"": 7, ""memory B cell"": 104, ""mucosal invariant T cell"": 8, ""naive B cell"": 14, ""naive thymus-derived CD4-positive, alpha-beta T cell"": 60, ""naive thymus-derived CD8-positive, alpha-beta T cell"": 10, ""non-classical monocyte"": 142, ""plasma cell"": 4, ""plasmablast"": 6, ""plasmacytoid dendritic cell"": 2, ""progenitor cell"": 1, ""regulatory T cell"": 14, ""unknown"": 6}"
Homo sapiens,skin epidermis,10x 3' v2,"{""B cell"": 29, ""Langerhans cell"": 12497, ""Schwann cell"": 1, ""T cell"": 993, ""conventional dendritic cell"": 61, ""cytotoxic T cell"": 5296, ""dendritic cell"": 993, ""endothelial cell"": 1789, ""endothelial cell of lymphatic vessel"": 130, ""endothelial cell of vascular tree"": 178, ""epithelial cell"": 2395, ""fibroblast"": 7095, ""helper T cell"": 12951, ""inflammatory macrophage"": 872, ""innate lymphoid cell"": 985, ""keratinocyte"": 53178, ""macrophage"": 1477, ""mast cell"": 82, ""melanocyte"": 3375, ""monocyte-derived dendritic cell"": 3440, ""mononuclear phagocyte"": 1403, ""natural killer cell"": 174, ""pericyte"": 31, ""plasma cell"": 11, ""plasmacytoid dendritic cell"": 3, ""regulatory T cell"": 3456, ""skin fibroblast"": 322}"
Homo sapiens,skin epidermis,10x 3' v3,"{""blood vessel endothelial cell"": 736, ""blood vessel smooth muscle cell"": 2, ""endothelial cell"": 4, ""fibroblast"": 1456, ""keratinocyte"": 8885, ""leukocyte"": 49, ""macrophage"": 187, ""malignant cell"": 6669, ""melanocyte"": 43, ""pericyte"": 4, ""skin fibroblast"": 66}"
Homo sapiens,skin epidermis,Smart-seq2,"{""B cell"": 885, ""T cell"": 653, ""endothelial cell"": 92, ""epithelial cell"": 204, ""fibroblast"": 120, ""malignant cell"": 1791, ""mast cell"": 3, ""mononuclear phagocyte"": 46, ""plasmacytoid dendritic cell"": 29}"
Homo sapiens,skin of abdomen,10x 3' v2,"{""CD8-positive, alpha-beta memory T cell, CD45RO-positive"": 263, ""Schwann cell"": 10, ""basal cell"": 2, ""basal cell of epidermis"": 888, ""chondrocyte"": 53, ""conventional dendritic cell"": 1640, ""cytotoxic T cell"": 15, ""dendritic cell"": 43, ""endothelial cell of lymphatic vessel"": 246, ""endothelial cell of vascular tree"": 1400, ""fibroblast"": 5697, ""granular cell of epidermis"": 8, ""hair follicular keratinocyte"": 1278, ""helper T cell"": 412, ""innate lymphoid cell"": 157, ""keratinocyte"": 1, ""macrophage"": 250, ""mast cell"": 5, ""melanocyte of skin"": 74, ""monocyte"": 12, ""natural killer cell"": 200, ""pericyte"": 1047, ""plasma cell"": 23, ""plasmacytoid dendritic cell"": 151, ""regulatory T cell"": 87, ""sebocyte"": 1, ""skin fibroblast"": 1338, ""smooth muscle cell"": 28, ""suprabasal keratinocyte"": 2085}"
Homo sapiens,skin of abdomen,10x 3' v3,"{""CD4-positive, alpha-beta T cell"": 156, ""CD8-positive, alpha-beta T cell"": 552, ""Langerhans cell"": 39, ""T cell"": 798, ""endothelial cell"": 543, ""fibroblast"": 1866, ""macrophage"": 378, ""mast cell"": 276, ""melanocyte"": 24, ""natural killer cell"": 6, ""neutrophil"": 78, ""plasma cell"": 27, ""regulatory T cell"": 207, ""sebocyte"": 12, ""skin fibroblast"": 1909, ""smooth muscle cell"": 237}"
Homo sapiens,skin of abdomen,Smart-seq2,"{""B cell"": 6, ""CD4-positive, alpha-beta T cell"": 153, ""CD8-positive, alpha-beta T cell"": 300, ""Langerhans cell"": 9, ""T cell"": 270, ""activated CD4-positive, alpha-beta T cell"": 3, ""basophil"": 6, ""endothelial cell"": 195, ""epithelial cell"": 3, ""fibroblast"": 264, ""macrophage"": 732, ""mast cell"": 624, ""mature NK T cell"": 6, ""melanocyte"": 42, ""myeloid dendritic cell"": 132, ""natural killer cell"": 117, ""plasma cell"": 3, ""regulatory T cell"": 12, ""sebocyte"": 39, ""smooth muscle cell"": 114, ""stromal cell"": 12}"
Homo sapiens,skin of back,10x 3' v3,"{""skin fibroblast"": 2378}"
Homo sapiens,skin of body,10x 3' v2,"{""B-1 B cell"": 72, ""B-2 B cell"": 477, ""CD8-alpha-alpha-positive, alpha-beta intraepithelial T cell"": 28, ""Kupffer cell"": 15, ""Langerhans cell"": 51, ""T cell"": 972, ""cell of skeletal muscle"": 18, ""common dendritic progenitor"": 39, ""common myeloid progenitor"": 32, ""dendritic cell"": 4329, ""double negative thymocyte"": 33, ""double-positive, alpha-beta thymocyte"": 4, ""early lymphoid progenitor"": 612, ""endothelial cell"": 889, ""enteroendocrine cell"": 2, ""epithelial cell"": 18, ""epithelial cell of nephron"": 52, ""erythrocyte"": 222, ""eurydendroid cell"": 2032, ""fibroblast"": 100141, ""fraction A pre-pro B cell"": 237, ""glial cell"": 1830, ""granulocyte"": 240, ""granulocyte monocyte progenitor cell"": 131, ""group 2 innate lymphoid cell"": 268, ""group 3 innate lymphoid cell"": 4444, ""hematopoietic multipotent progenitor cell"": 59, ""hematopoietic stem cell"": 91, ""immature B cell"": 66, ""innate lymphoid cell"": 572, ""keratinocyte"": 11047, ""large pre-B-II cell"": 108, ""late pro-B cell"": 48, ""leukocyte"": 207, ""macrophage"": 20787, ""mast cell"": 957, ""mature B cell"": 24, ""megakaryocyte"": 172, ""megakaryocyte-erythroid progenitor cell"": 208, ""melanocyte"": 500, ""monocyte"": 4779, ""myelocyte"": 18, ""myofibroblast cell"": 2610, ""naive thymus-derived CD4-positive, alpha-beta T cell"": 2184, ""naive thymus-derived CD8-positive, alpha-beta T cell"": 556, ""natural killer cell"": 6788, ""neuron"": 758, ""neutrophil"": 9, ""osteoclast"": 3, ""pericyte"": 174, ""plasma cell"": 3, ""plasmacytoid dendritic cell"": 444, ""pre-conventional dendritic cell"": 6, ""pro-B cell"": 129, ""promonocyte"": 636, ""promyelocyte"": 47, ""regulatory T cell"": 336, ""skeletal muscle satellite cell"": 1394, ""skin fibroblast"": 12286, ""small pre-B-II cell"": 123, ""stromal cell"": 2, ""unknown"": 1598, ""vascular associated smooth muscle cell"": 4050}"
Homo sapiens,skin of body,10x 3' v3,"{""CD4-positive, alpha-beta T cell"": 474, ""CD8-positive, alpha-beta T cell"": 3030, ""Langerhans cell"": 205, ""T cell"": 5862, ""basal cell of epidermis"": 257, ""cytotoxic T cell"": 1341, ""dendritic cell, human"": 475, ""endothelial cell"": 6961, ""endothelial cell of lymphatic vessel"": 360, ""erythrocyte"": 26, ""fibroblast"": 8045, ""fibroblast of papillary layer of dermis"": 1804, ""granular cell of epidermis"": 1168, ""hair follicular keratinocyte"": 526, ""helper T cell"": 344, ""macrophage"": 8308, ""malignant cell"": 5531, ""mast cell"": 4404, ""mature NK T cell"": 69, ""melanocyte"": 183, ""melanocyte of skin"": 204, ""monocyte"": 213, ""myeloid dendritic cell"": 3, ""natural killer cell"": 81, ""neutrophil"": 711, ""pericyte"": 3700, ""plasma cell"": 201, ""regulatory T cell"": 632, ""sebocyte"": 195, ""skin fibroblast"": 8915, ""smooth muscle cell"": 546, ""spinous cell of epidermis"": 3684, ""suprabasal keratinocyte"": 3948}"
Homo sapiens,skin of body,10x 5' transcription profiling,"{""malignant cell"": 3670}"
Homo sapiens,skin of body,10x 5' v1,"{""B-1 B cell"": 450, ""B-2 B cell"": 2400, ""CD8-alpha-alpha-positive, alpha-beta intraepithelial T cell"": 112, ""Kupffer cell"": 18, ""Langerhans cell"": 96, ""T cell"": 5368, ""cell of skeletal muscle"": 160, ""chondrocyte"": 36, ""common dendritic progenitor"": 33, ""common myeloid progenitor"": 68, ""dendritic cell"": 7497, ""double negative thymocyte"": 68, ""double-positive, alpha-beta thymocyte"": 320, ""early lymphoid progenitor"": 171, ""endothelial cell"": 4056, ""epithelial cell"": 56, ""epithelial cell of nephron"": 246, ""erythrocyte"": 2685, ""eurydendroid cell"": 456, ""fibroblast"": 94829, ""fraction A pre-pro B cell"": 261, ""glial cell"": 6930, ""granulocyte"": 405, ""granulocyte monocyte progenitor cell"": 276, ""group 2 innate lymphoid cell"": 1028, ""group 3 innate lymphoid cell"": 2384, ""hematopoietic multipotent progenitor cell"": 85, ""hematopoietic stem cell"": 148, ""hepatocyte"": 2, ""immature B cell"": 1089, ""innate lymphoid cell"": 96, ""keratinocyte"": 3054, ""large pre-B-II cell"": 273, ""late pro-B cell"": 255, ""macrophage"": 35298, ""mast cell"": 1323, ""mature B cell"": 123, ""megakaryocyte"": 1090, ""megakaryocyte-erythroid progenitor cell"": 494, ""melanocyte"": 1382, ""mesothelial cell"": 2, ""monocyte"": 13104, ""myelocyte"": 114, ""myofibroblast cell"": 7846, ""naive thymus-derived CD4-positive, alpha-beta T cell"": 11068, ""naive thymus-derived CD8-positive, alpha-beta T cell"": 4956, ""natural killer cell"": 13536, ""neuron"": 516, ""neutrophil"": 39, ""plasma cell"": 3, ""plasmacytoid dendritic cell"": 1371, ""pre-conventional dendritic cell"": 12, ""pro-B cell"": 396, ""promonocyte"": 1167, ""promyelocyte"": 142, ""regulatory T cell"": 3784, ""skeletal muscle satellite cell"": 10142, ""skin fibroblast"": 2885, ""small pre-B-II cell"": 543, ""smooth muscle cell"": 2, ""stromal cell"": 22, ""unknown"": 4356, ""vascular associated smooth muscle cell"": 14796}"
Homo sapiens,skin of body,10x 5' v2,"{""CD16-negative, CD56-bright natural killer cell, human"": 6, ""CD16-positive, CD56-dim natural killer cell, human"": 3, ""CD4-positive, CD25-positive, alpha-beta regulatory T cell"": 75, ""CD4-positive, alpha-beta memory T cell"": 166, ""CD8-positive, alpha-beta memory T cell"": 89, ""central memory CD4-positive, alpha-beta T cell"": 228, ""central memory CD8-positive, alpha-beta T cell"": 1, ""classical monocyte"": 1, ""conventional dendritic cell"": 572, ""effector memory CD4-positive, alpha-beta T cell"": 57, ""effector memory CD4-positive, alpha-beta T cell, terminally differentiated"": 20, ""effector memory CD8-positive, alpha-beta T cell"": 16, ""effector memory CD8-positive, alpha-beta T cell, terminally differentiated"": 7, ""gamma-delta T cell"": 3, ""group 1 innate lymphoid cell"": 2, ""group 3 innate lymphoid cell"": 17, ""immature innate lymphoid cell"": 5, ""macrophage"": 320, ""mast cell"": 52, ""memory B cell"": 7, ""mucosal invariant T cell"": 1, ""naive B cell"": 3, ""naive thymus-derived CD4-positive, alpha-beta T cell"": 65, ""naive thymus-derived CD8-positive, alpha-beta T cell"": 27, ""progenitor cell"": 5}"
Homo sapiens,skin of body,MARS-seq,"{""skin fibroblast"": 15393}"
Homo sapiens,skin of body,Seq-Well S3,"{""skin fibroblast"": 450}"
Homo sapiens,skin of body,Smart-seq2,"{""B cell"": 694, ""CD4-positive, alpha-beta T cell"": 563, ""CD8-positive, alpha-beta T cell"": 909, ""T cell"": 416, ""macrophage"": 25, ""malignant cell"": 1267, ""unknown"": 66}"
Homo sapiens,skin of body,microwell-seq,"{""B cell"": 1, ""T cell"": 22, ""basal cell"": 6, ""cell of skeletal muscle"": 39, ""cord blood hematopoietic stem cell"": 8, ""dendritic cell"": 22, ""embryonic stem cell"": 1, ""endothelial cell"": 135, ""epithelial cell"": 299, ""erythroid lineage cell"": 240, ""erythroid progenitor cell"": 35, ""fibroblast"": 12, ""macrophage"": 213, ""mast cell"": 14, ""mesenchymal stem cell"": 1588, ""monocyte"": 28, ""neuron"": 33, ""neutrophil"": 50, ""primordial germ cell"": 26, ""professional antigen presenting cell"": 8, ""renal intercalated cell"": 1, ""smooth muscle cell"": 93, ""stromal cell"": 4117}"
Homo sapiens,skin of calf,10x 5' transcription profiling,"{""CD4-positive, alpha-beta T cell"": 120, ""CD8-positive, CD28-negative, alpha-beta regulatory T cell"": 2520, ""T follicular helper cell"": 357, ""T-helper 17 cell"": 109, ""activated CD8-positive, alpha-beta T cell, human"": 111, ""central memory CD8-positive, alpha-beta T cell"": 3827, ""naive T cell"": 632, ""naive thymus-derived CD8-positive, alpha-beta T cell"": 2938, ""regulatory T cell"": 347}"
Homo sapiens,skin of cheek,10x 3' v3,"{""CD8-positive, alpha-beta memory T cell, CD45RO-positive"": 3213, ""Schwann cell"": 116, ""basal cell"": 435, ""basal cell of epidermis"": 1727, ""chondrocyte"": 98, ""conventional dendritic cell"": 2012, ""cytotoxic T cell"": 1437, ""dendritic cell"": 191, ""endothelial cell of lymphatic vessel"": 289, ""endothelial cell of vascular tree"": 1174, ""fibroblast"": 3794, ""granular cell of epidermis"": 1, ""hair follicular keratinocyte"": 1328, ""helper T cell"": 9151, ""innate lymphoid cell"": 1313, ""keratinocyte"": 263, ""macrophage"": 2557, ""mast cell"": 249, ""melanocyte of skin"": 978, ""monocyte"": 505, ""natural killer cell"": 5483, ""pericyte"": 3448, ""plasma cell"": 730, ""plasmacytoid dendritic cell"": 451, ""regulatory T cell"": 3219, ""sebocyte"": 5, ""skin fibroblast"": 1235, ""smooth muscle cell"": 18, ""suprabasal keratinocyte"": 210}"
Homo sapiens,skin of cheek,10x 5' transcription profiling,"{""CD4-positive, alpha-beta T cell"": 2117, ""CD8-positive, CD28-negative, alpha-beta regulatory T cell"": 117, ""central memory CD8-positive, alpha-beta T cell"": 1904, ""endothelial cell"": 51, ""fibroblast"": 107, ""macrophage"": 62, ""malignant cell"": 46, ""mature NK T cell"": 45, ""melanocyte"": 27, ""myofibroblast cell"": 27, ""plasma cell"": 51, ""regulatory T cell"": 728}"
Homo sapiens,skin of chest,10x 3' v2,"{""skin fibroblast"": 414}"
Homo sapiens,skin of chest,10x 3' v3,"{""CD4-positive, alpha-beta T cell"": 207, ""CD8-positive, alpha-beta T cell"": 375, ""Langerhans cell"": 12, ""T cell"": 783, ""endothelial cell"": 1083, ""epithelial cell"": 3, ""fibroblast"": 2634, ""macrophage"": 132, ""mast cell"": 81, ""melanocyte"": 12, ""neutrophil"": 45, ""plasma cell"": 18, ""regulatory T cell"": 132, ""sebocyte"": 3, ""skin fibroblast"": 6685, ""smooth muscle cell"": 459}"
Homo sapiens,skin of chest,Smart-seq2,"{""B cell"": 15, ""CD4-positive, alpha-beta T cell"": 87, ""CD8-positive, alpha-beta T cell"": 186, ""Langerhans cell"": 6, ""T cell"": 192, ""basophil"": 18, ""endothelial cell"": 405, ""epithelial cell"": 3, ""fibroblast"": 240, ""macrophage"": 651, ""mast cell"": 615, ""mature NK T cell"": 15, ""melanocyte"": 45, ""myeloid dendritic cell"": 189, ""natural killer cell"": 42, ""plasma cell"": 6, ""regulatory T cell"": 18, ""sebocyte"": 156, ""smooth muscle cell"": 156}"
Homo sapiens,skin of external ear,10x 3' v3,"{""CD8-positive, alpha-beta memory T cell, CD45RO-positive"": 1307, ""Schwann cell"": 66, ""basal cell"": 2207, ""basal cell of epidermis"": 267, ""chondrocyte"": 1431, ""conventional dendritic cell"": 1248, ""cytotoxic T cell"": 536, ""dendritic cell"": 143, ""endothelial cell of lymphatic vessel"": 115, ""endothelial cell of vascular tree"": 565, ""fibroblast"": 2763, ""hair follicular keratinocyte"": 246, ""helper T cell"": 1584, ""innate lymphoid cell"": 1053, ""keratinocyte"": 25, ""macrophage"": 1545, ""mast cell"": 711, ""melanocyte of skin"": 248, ""monocyte"": 645, ""natural killer cell"": 1460, ""pericyte"": 1353, ""plasma cell"": 267, ""plasmacytoid dendritic cell"": 152, ""regulatory T cell"": 1926, ""smooth muscle cell"": 1, ""suprabasal keratinocyte"": 69}"
Homo sapiens,skin of external ear,10x 5' transcription profiling,"{""B cell"": 148, ""CD4-positive, alpha-beta T cell"": 1630, ""T cell"": 483, ""central memory CD8-positive, alpha-beta T cell"": 850, ""dendritic cell"": 301, ""endothelial cell"": 67, ""fibroblast"": 472, ""macrophage"": 1031, ""malignant cell"": 230, ""mature NK T cell"": 51, ""myofibroblast cell"": 22, ""plasma cell"": 24, ""plasmacytoid dendritic cell, human"": 554, ""regulatory T cell"": 444}"
Homo sapiens,skin of face,10x 3' v2,"{""skin fibroblast"": 37}"
Homo sapiens,skin of forearm,10x 3' v1,"{""skin fibroblast"": 2742}"
Homo sapiens,skin of forearm,10x 3' v2,"{""skin fibroblast"": 26778}"
Homo sapiens,skin of forearm,10x 3' v3,"{""skin fibroblast"": 2618}"
Homo sapiens,skin of forehead,10x 3' v3,"{""CD8-positive, alpha-beta memory T cell, CD45RO-positive"": 3612, ""Schwann cell"": 133, ""basal cell"": 496, ""basal cell of epidermis"": 1103, ""cell of skeletal muscle"": 31, ""chondrocyte"": 544, ""conventional dendritic cell"": 2261, ""cytotoxic T cell"": 1615, ""dendritic cell"": 156, ""endothelial cell of lymphatic vessel"": 226, ""endothelial cell of vascular tree"": 1079, ""fibroblast"": 5516, ""hair follicular keratinocyte"": 899, ""helper T cell"": 8495, ""innate lymphoid cell"": 704, ""keratinocyte"": 36, ""macrophage"": 3827, ""mast cell"": 395, ""melanocyte of skin"": 936, ""monocyte"": 1078, ""natural killer cell"": 2875, ""pericyte"": 3071, ""plasma cell"": 165, ""plasmacytoid dendritic cell"": 476, ""regulatory T cell"": 3342, ""sebocyte"": 45, ""smooth muscle cell"": 2, ""suprabasal keratinocyte"": 317}"
Homo sapiens,skin of forehead,10x 5' transcription profiling,"{""CD4-positive, alpha-beta T cell"": 105, ""CD8-positive, CD28-negative, alpha-beta regulatory T cell"": 2161, ""T cell"": 123, ""activated CD8-positive, alpha-beta T cell, human"": 133, ""central memory CD8-positive, alpha-beta T cell"": 5345, ""regulatory T cell"": 1114}"
Homo sapiens,skin of hip,10x 3' v2,"{""skin fibroblast"": 2272}"
Homo sapiens,skin of knee,10x 5' transcription profiling,"{""CD4-positive, alpha-beta T cell"": 222, ""CD8-positive, CD28-negative, alpha-beta regulatory T cell"": 64, ""activated CD8-positive, alpha-beta T cell, human"": 98, ""central memory CD8-positive, alpha-beta T cell"": 304, ""fibroblast"": 80, ""macrophage"": 255, ""malignant cell"": 35, ""mature NK T cell"": 102, ""melanocyte"": 23, ""plasmacytoid dendritic cell, human"": 60, ""regulatory T cell"": 146}"
Homo sapiens,skin of leg,10x 3' v2,"{""T cell"": 74, ""basal cell of epidermis"": 1815, ""contractile cell"": 190, ""endothelial cell of lymphatic vessel"": 290, ""endothelial cell of vascular tree"": 721, ""epidermal Langerhans cell"": 48, ""epidermal cell"": 446, ""epithelial cell of sweat gland"": 301, ""keratinocyte"": 261, ""mast cell"": 13, ""melanocyte of skin"": 266, ""professional antigen presenting cell"": 107, ""sebaceous gland cell"": 233, ""skin fibroblast"": 505, ""subcutaneous adipocyte"": 57}"
Homo sapiens,skin of leg,10x 3' v3,"{""skin fibroblast"": 3961}"
Homo sapiens,skin of neck,10x 5' transcription profiling,"{""B cell"": 40, ""CD4-positive, alpha-beta T cell"": 1901, ""CD8-positive, CD28-negative, alpha-beta regulatory T cell"": 103, ""T cell"": 101, ""T-helper 17 cell"": 1633, ""activated CD8-positive, alpha-beta T cell, human"": 368, ""central memory CD8-positive, alpha-beta T cell"": 1077, ""dendritic cell"": 81, ""effector CD8-positive, alpha-beta T cell"": 970, ""endothelial cell"": 135, ""fibroblast"": 249, ""macrophage"": 593, ""malignant cell"": 1721, ""melanocyte"": 54, ""myofibroblast cell"": 110, ""naive T cell"": 116, ""naive thymus-derived CD8-positive, alpha-beta T cell"": 23, ""plasma cell"": 1613, ""plasmacytoid dendritic cell, human"": 84, ""regulatory T cell"": 844}"
Homo sapiens,skin of pes,10x 3' v2,"{""skin fibroblast"": 4623}"
Homo sapiens,skin of pes,10x 3' v3,"{""skin fibroblast"": 5264}"
Homo sapiens,skin of prepuce of penis,10x 3' v2,"{""Merkel cell"": 403, ""basal cell of epidermis"": 10236, ""granular cell of epidermis"": 3, ""hair follicular keratinocyte"": 102, ""hematopoietic cell"": 360, ""keratinocyte"": 1582, ""melanocyte"": 2914, ""spinous cell of epidermis"": 9382}"
Homo sapiens,skin of scalp,10x 3' v2,"{""Merkel cell"": 465, ""basal cell of epidermis"": 5919, ""granular cell of epidermis"": 90, ""hair follicular keratinocyte"": 2861, ""hematopoietic cell"": 177, ""keratinocyte"": 2046, ""melanocyte"": 627, ""spinous cell of epidermis"": 7223}"
Homo sapiens,skin of scalp,10x 5' transcription profiling,"{""CD8-positive, CD28-negative, alpha-beta regulatory T cell"": 2190, ""T follicular helper cell"": 2712, ""activated CD8-positive, alpha-beta T cell, human"": 1143, ""central memory CD8-positive, alpha-beta T cell"": 1658, ""naive T cell"": 1746, ""naive thymus-derived CD8-positive, alpha-beta T cell"": 101, ""regulatory T cell"": 2384}"
Homo sapiens,skin of shoulder,10x 3' v2,"{""skin fibroblast"": 37}"
Homo sapiens,skin of temple,10x 3' v3,"{""CD8-positive, alpha-beta memory T cell, CD45RO-positive"": 1541, ""Schwann cell"": 121, ""basal cell"": 578, ""basal cell of epidermis"": 116, ""chondrocyte"": 71, ""conventional dendritic cell"": 681, ""cytotoxic T cell"": 311, ""dendritic cell"": 83, ""endothelial cell of lymphatic vessel"": 225, ""endothelial cell of vascular tree"": 458, ""fibroblast"": 1706, ""hair follicular keratinocyte"": 85, ""helper T cell"": 1107, ""innate lymphoid cell"": 470, ""keratinocyte"": 18, ""macrophage"": 734, ""mast cell"": 445, ""melanocyte of skin"": 142, ""monocyte"": 582, ""natural killer cell"": 1795, ""pericyte"": 2249, ""plasma cell"": 99, ""plasmacytoid dendritic cell"": 176, ""regulatory T cell"": 1592, ""smooth muscle cell"": 2, ""suprabasal keratinocyte"": 52}"
Homo sapiens,skin of trunk,10x 3' v2,"{""Merkel cell"": 272, ""basal cell of epidermis"": 10694, ""granular cell of epidermis"": 119, ""hair follicular keratinocyte"": 433, ""hematopoietic cell"": 222, ""keratinocyte"": 1451, ""melanocyte"": 739, ""skin fibroblast"": 1161, ""spinous cell of epidermis"": 9716}"
Homo sapiens,small intestine,10x 3' v2,"{""B cell"": 636, ""BEST4+ enterocyte"": 571, ""CD4-positive, alpha-beta T cell"": 1246, ""CD8-positive, alpha-beta T cell"": 916, ""IgA plasma cell"": 6, ""M cell of gut"": 16, ""T cell"": 445, ""TREM2-positive macrophage"": 20, ""afferent neuron"": 300, ""angiogenic pericyte"": 4, ""blood vessel endothelial cell"": 99, ""capillary endothelial cell"": 118, ""colonocyte"": 87, ""conventional dendritic cell"": 228, ""dendritic cell"": 147, ""effector memory CD8-positive, alpha-beta T cell"": 1, ""endothelial cell"": 2937, ""endothelial cell of artery"": 72, ""endothelial cell of lymphatic vessel"": 131, ""enteric neuron"": 460, ""enterocyte"": 80470, ""enteroendocrine cell"": 476, ""enteroglial cell"": 556, ""epithelial cell"": 4018, ""epithelial cell of lung"": 11, ""erythroblast"": 68, ""fibroblast"": 10125, ""foveolar cell of stomach"": 138, ""gamma-delta T cell"": 1, ""gastrointestinal tract (lamina propria) macrophage"": 996, ""glial cell"": 985, ""goblet cell"": 2445, ""immature neutrophil"": 2, ""inhibitory motor neuron"": 160, ""innate lymphoid cell"": 30, ""interneuron"": 44, ""interstitial cell of Cajal"": 24, ""intestinal crypt stem cell"": 1430, ""intestinal epithelial cell"": 428, ""intestine goblet cell"": 4670, ""intraepithelial lymphocyte"": 37, ""lymphocyte"": 432, ""macrophage"": 4257, ""mast cell"": 570, ""mature NK T cell"": 19, ""mature neutrophil"": 2, ""mesenchymal cell"": 2725, ""mesodermal cell"": 4704, ""mesothelial cell"": 207, ""monocyte"": 107, ""motor neuron"": 576, ""myeloid leukocyte"": 113, ""myofibroblast cell"": 726, ""naive T cell"": 171, ""natural killer cell"": 105, ""neuroblast (sensu Vertebrata)"": 328, ""neuron"": 185, ""neutrophil"": 17, ""paneth cell"": 941, ""pericyte"": 626, ""peripheral nervous system neuron"": 291, ""plasma cell"": 2772, ""plasmacytoid dendritic cell"": 843, ""progenitor cell"": 700, ""regulatory T cell"": 282, ""smooth muscle cell"": 1860, ""stem cell"": 10980, ""stromal cell"": 2, ""transit amplifying cell"": 20419, ""tuft cell"": 231, ""tuft cell of small intestine"": 334, ""type EC enteroendocrine cell"": 93, ""type L enteroendocrine cell"": 169, ""unknown"": 329, ""vein endothelial cell"": 338}"
Homo sapiens,small intestine,10x 3' v3,"{""B cell"": 3160, ""BEST4+ enterocyte"": 1360, ""CD16-negative, CD56-bright natural killer cell, human"": 40, ""CD16-positive, CD56-dim natural killer cell, human"": 40, ""CD4-positive, alpha-beta T cell"": 14691, ""CD8-positive, alpha-beta T cell"": 5757, ""M cell of gut"": 35, ""T cell"": 19492, ""T-helper 17 cell"": 56, ""TREM2-positive macrophage"": 15, ""activated CD4-positive, alpha-beta T cell"": 894, ""activated CD8-positive, alpha-beta T cell"": 24, ""afferent neuron"": 612, ""basal cell"": 1, ""blood vessel endothelial cell"": 1209, ""capillary endothelial cell"": 204, ""cell"": 463, ""conventional dendritic cell"": 325, ""cycling T cell"": 32, ""dendritic cell"": 853, ""endothelial cell"": 315, ""endothelial cell of arteriole"": 39, ""endothelial cell of artery"": 36, ""endothelial cell of lymphatic vessel"": 1223, ""endothelial cell of venule"": 9, ""enteric neuron"": 436, ""enterocyte"": 5459, ""enterocyte of epithelium of small intestine"": 6410, ""enterocyte of epithelium proper of duodenum"": 18, ""enterocyte of epithelium proper of small intestine"": 1905, ""enteroendocrine cell"": 950, ""enteroendocrine cell of small intestine"": 810, ""enteroglial cell"": 606, ""epithelial cell"": 1569, ""epithelial cell of lung"": 5, ""erythroblast"": 19, ""fibroblast"": 5927, ""gamma-delta T cell"": 88, ""gastrointestinal tract (lamina propria) macrophage"": 1688, ""glial cell"": 273, ""group 3 innate lymphoid cell"": 76, ""hepatocyte"": 1, ""inhibitory motor neuron"": 228, ""innate lymphoid cell"": 27, ""interneuron"": 24, ""interstitial cell of Cajal"": 80, ""intestinal crypt stem cell"": 384, ""intestinal crypt stem cell of small intestine"": 444, ""intestinal epithelial cell"": 941, ""intestinal tuft cell"": 564, ""intestine goblet cell"": 285, ""macrophage"": 2463, ""mast cell"": 216, ""mature NK T cell"": 67, ""mesenchymal cell"": 2718, ""mesodermal cell"": 3128, ""monocyte"": 53, ""motor neuron"": 548, ""myeloid dendritic cell"": 3, ""myeloid leukocyte"": 228, ""myofibroblast cell"": 6, ""naive thymus-derived CD4-positive, alpha-beta T cell"": 300, ""natural killer cell"": 105, ""neuroblast (sensu Vertebrata)"": 224, ""neuron"": 775, ""neutrophil"": 18, ""neutrophil progenitor cell"": 10, ""paneth cell of epithelium of small intestine"": 362, ""pericyte"": 427, ""peripheral nervous system neuron"": 478, ""plasma cell"": 966, ""progenitor cell"": 796, ""regulatory T cell"": 33, ""small intestine goblet cell"": 4801, ""smooth muscle cell"": 452, ""stem cell"": 816, ""transit amplifying cell of small intestine"": 5015, ""tuft cell of small intestine"": 844, ""vein endothelial cell"": 260}"
Homo sapiens,small intestine,10x 5' transcription profiling,"{""BEST4+ enterocyte"": 1085, ""CD16-negative, CD56-bright natural killer cell, human"": 4, ""CD16-positive, CD56-dim natural killer cell, human"": 8, ""CD4-positive, alpha-beta memory T cell"": 328, ""CD8-positive, alpha-beta memory T cell"": 1812, ""IgA plasma cell"": 48, ""IgG plasma cell"": 4, ""IgM plasma cell"": 24, ""T follicular helper cell"": 12, ""T-helper 17 cell"": 476, ""TREM2-positive macrophage"": 10, ""capillary endothelial cell"": 4, ""conventional dendritic cell"": 10, ""cycling T cell"": 12, ""effector memory CD8-positive, alpha-beta T cell"": 36, ""enterocyte"": 13695, ""enteroendocrine cell"": 125, ""fibroblast"": 4, ""gamma-delta T cell"": 208, ""gastrointestinal tract (lamina propria) macrophage"": 4, ""group 3 innate lymphoid cell"": 4, ""intestinal crypt stem cell"": 30, ""intestine goblet cell"": 155, ""macrophage"": 115, ""memory B cell"": 296, ""monocyte"": 20, ""naive B cell"": 56, ""naive thymus-derived CD4-positive, alpha-beta T cell"": 32, ""regulatory T cell"": 4, ""transit amplifying cell"": 420, ""tuft cell of small intestine"": 760, ""vein endothelial cell"": 16}"
Homo sapiens,small intestine,10x 5' v2,"{""BEST4+ enterocyte"": 88, ""CD16-negative, CD56-bright natural killer cell, human"": 928, ""CD16-positive, CD56-dim natural killer cell, human"": 60, ""CD4-positive, alpha-beta memory T cell"": 532, ""CD8-positive, alpha-beta memory T cell"": 336, ""IgA plasma cell"": 92, ""IgG plasma cell"": 8, ""IgM plasma cell"": 16, ""Langerhans cell"": 35, ""M cell of gut"": 48, ""T follicular helper cell"": 264, ""T-helper 17 cell"": 780, ""TREM2-positive macrophage"": 100, ""angiogenic pericyte"": 68, ""capillary endothelial cell"": 460, ""conventional dendritic cell"": 600, ""cycling T cell"": 256, ""dendritic cell, human"": 65, ""effector memory CD8-positive, alpha-beta T cell"": 288, ""endothelial cell"": 40, ""endothelial cell of artery"": 240, ""endothelial cell of lymphatic vessel"": 44, ""enteric neuron"": 8, ""enterocyte"": 5528, ""enteroendocrine cell"": 172, ""enteroglial cell"": 232, ""eosinophil"": 25, ""epithelial cell"": 3008, ""fibroblast"": 920, ""fibroblastic reticular cell"": 424, ""gamma-delta T cell"": 660, ""gastrointestinal tract (lamina propria) macrophage"": 744, ""germinal center B cell"": 304, ""group 3 innate lymphoid cell"": 492, ""immature neutrophil"": 11, ""immature pericyte"": 356, ""interneuron"": 8, ""intestinal crypt stem cell"": 780, ""intestine goblet cell"": 1800, ""macrophage"": 545, ""mast cell"": 55, ""mature neutrophil"": 4, ""memory B cell"": 2312, ""mesenchymal cell"": 48, ""mesodermal cell"": 1172, ""mesothelial cell"": 16, ""monocyte"": 395, ""mucosal invariant T cell"": 76, ""myofibroblast cell"": 56, ""naive B cell"": 4396, ""naive thymus-derived CD4-positive, alpha-beta T cell"": 2012, ""naive thymus-derived CD8-positive, alpha-beta T cell"": 1060, ""neuroblast (sensu Vertebrata)"": 8, ""neutrophil progenitor cell"": 25, ""paneth cell"": 144, ""plasmablast"": 56, ""plasmacytoid dendritic cell, human"": 325, ""precursor B cell"": 4, ""regulatory T cell"": 892, ""smooth muscle cell"": 112, ""tuft cell of small intestine"": 140, ""vascular associated smooth muscle cell"": 572, ""vein endothelial cell"": 752}"
Homo sapiens,small intestine,Smart-seq2,"{""B cell"": 9, ""BEST4+ enterocyte"": 9, ""CD4-positive, alpha-beta T cell"": 108, ""CD8-positive, alpha-beta T cell"": 231, ""activated CD4-positive, alpha-beta T cell"": 153, ""activated CD8-positive, alpha-beta T cell"": 3, ""endothelial cell of arteriole"": 18, ""endothelial cell of lymphatic vessel"": 3, ""endothelial cell of venule"": 3, ""enterocyte of epithelium proper of duodenum"": 3, ""enterocyte of epithelium proper of ileum"": 6, ""enterocyte of epithelium proper of small intestine"": 2340, ""enteroendocrine cell of small intestine"": 45, ""enteroglial cell"": 57, ""fibroblast"": 105, ""intestinal crypt stem cell of small intestine"": 168, ""intestinal tuft cell"": 39, ""macrophage"": 276, ""mast cell"": 15, ""myofibroblast cell"": 9, ""natural killer cell"": 6, ""neutrophil"": 51, ""paneth cell of epithelium of small intestine"": 588, ""pericyte"": 6, ""plasma cell"": 501, ""small intestine goblet cell"": 297, ""transit amplifying cell of small intestine"": 9}"
Homo sapiens,soft palate,10x 3' v3,"{""B cell"": 10, ""CD4-positive helper T cell"": 151, ""CD8-positive, alpha-beta T cell"": 76, ""Langerhans cell"": 6, ""Schwann cell"": 3, ""acinar cell of salivary gland"": 4, ""blood vessel endothelial cell"": 226, ""dendritic cell"": 39, ""endothelial cell of lymphatic vessel"": 10, ""endothelial cell of vascular tree"": 115, ""epithelial cell"": 383, ""fibroblast"": 277, ""innate lymphoid cell"": 10, ""keratinocyte"": 713, ""lymphocyte"": 92, ""macrophage"": 26, ""mast cell"": 3, ""mural cell"": 326, ""myeloid cell"": 44, ""myoepithelial cell"": 1, ""natural killer cell"": 12, ""neutrophil"": 30, ""plasma cell"": 42, ""salivary gland glandular cell"": 2}"
Homo sapiens,spinal cord,10x 3' v3,"{""Bergmann glial cell"": 21, ""astrocyte"": 7305, ""central nervous system macrophage"": 5028, ""choroid plexus epithelial cell"": 3, ""endothelial cell"": 645, ""ependymal cell"": 441, ""fibroblast"": 204, ""leukocyte"": 657, ""neuron"": 17457, ""oligodendrocyte"": 34641, ""oligodendrocyte precursor cell"": 5910, ""pericyte"": 234, ""vascular associated smooth muscle cell"": 24}"
Homo sapiens,spinal cord,microwell-seq,"{""B cell"": 35, ""T cell"": 33, ""alternatively activated macrophage"": 4, ""astrocyte"": 6, ""cell of skeletal muscle"": 3, ""chondrocyte"": 32, ""cord blood hematopoietic stem cell"": 87, ""dendritic cell"": 52, ""embryonic stem cell"": 2, ""endocrine cell"": 1, ""endothelial cell"": 32, ""enterocyte"": 1, ""epithelial cell"": 29, ""erythroid lineage cell"": 1684, ""erythroid progenitor cell"": 606, ""fibroblast"": 1, ""kidney loop of Henle epithelial cell"": 3, ""macrophage"": 159, ""mesenchymal stem cell"": 238, ""monocyte"": 54, ""neuron"": 1958, ""neutrophil"": 708, ""plasma cell"": 8, ""primordial germ cell"": 11, ""professional antigen presenting cell"": 140, ""renal intercalated cell"": 16, ""smooth muscle cell"": 1, ""stratified epithelial cell"": 1, ""stromal cell"": 11}"
Homo sapiens,spleen,10x 3' v2,"{""B cell"": 20464, ""B-1 B cell"": 4434, ""B-2 B cell"": 15711, ""CD16-negative, CD56-bright natural killer cell, human"": 7732, ""CD16-positive, CD56-dim natural killer cell, human"": 5676, ""CD4-positive, CD25-positive, alpha-beta regulatory T cell"": 1010, ""CD4-positive, alpha-beta T cell"": 11081, ""CD8-alpha alpha positive, gamma-delta intraepithelial T cell"": 1620, ""CD8-alpha-alpha-positive, alpha-beta intraepithelial T cell"": 164, ""CD8-positive, alpha-beta T cell"": 3510, ""IgG plasma cell"": 1799, ""IgM plasma cell"": 2488, ""Kupffer cell"": 24, ""T cell"": 5531, ""T follicular helper cell"": 5420, ""activated CD8-positive, alpha-beta T cell"": 5009, ""central memory CD4-positive, alpha-beta T cell"": 9315, ""central memory CD8-positive, alpha-beta T cell"": 1204, ""classical monocyte"": 2733, ""common dendritic progenitor"": 27, ""common myeloid progenitor"": 384, ""conventional dendritic cell"": 2000, ""dendritic cell"": 4068, ""dendritic cell, human"": 28, ""double negative thymocyte"": 22, ""double-positive, alpha-beta thymocyte"": 116, ""early lymphoid progenitor"": 519, ""effector memory CD4-positive, alpha-beta T cell"": 3369, ""effector memory CD8-positive, alpha-beta T cell"": 5506, ""effector memory CD8-positive, alpha-beta T cell, terminally differentiated"": 768, ""endothelial cell"": 5479, ""enteroendocrine cell"": 66, ""epithelial cell"": 28, ""erythrocyte"": 4440, ""erythroid lineage cell"": 25, ""fibroblast"": 22896, ""follicular B cell"": 16286, ""fraction A pre-pro B cell"": 884, ""gamma-delta T cell"": 477, ""glial cell"": 20, ""granulocyte"": 426, ""granulocyte monocyte progenitor cell"": 395, ""group 2 innate lymphoid cell"": 72, ""group 3 innate lymphoid cell"": 2684, ""hematopoietic multipotent progenitor cell"": 318, ""hematopoietic stem cell"": 613, ""immature B cell"": 1728, ""innate lymphoid cell"": 1020, ""large pre-B-II cell"": 192, ""late pro-B cell"": 204, ""leukocyte"": 1369, ""lymphocyte"": 2207, ""macrophage"": 19844, ""mast cell"": 1213, ""mature B cell"": 1755, ""megakaryocyte"": 11652, ""megakaryocyte-erythroid progenitor cell"": 3945, ""memory B cell"": 15469, ""mesothelial cell"": 252, ""monocyte"": 6941, ""mucosal invariant T cell"": 3780, ""myelocyte"": 120, ""myofibroblast cell"": 960, ""naive B cell"": 18224, ""naive thymus-derived CD4-positive, alpha-beta T cell"": 5904, ""naive thymus-derived CD8-positive, alpha-beta T cell"": 2496, ""natural killer cell"": 35130, ""neuron"": 2, ""neutrophil"": 235, ""non-classical monocyte"": 799, ""plasma cell"": 4502, ""plasmablast"": 3143, ""plasmacytoid dendritic cell"": 1217, ""platelet"": 79, ""pre-conventional dendritic cell"": 21, ""pro-B cell"": 402, ""promonocyte"": 529, ""promyelocyte"": 210, ""regulatory T cell"": 3074, ""small pre-B-II cell"": 363, ""stromal cell"": 6, ""unknown"": 4847, ""vascular associated smooth muscle cell"": 587}"
Homo sapiens,spleen,10x 3' v3,"{""B cell"": 39060, ""CD16-negative, CD56-bright natural killer cell, human"": 9852, ""CD16-positive, CD56-dim natural killer cell, human"": 15359, ""CD4-positive helper T cell"": 202, ""CD4-positive, CD25-positive, alpha-beta regulatory T cell"": 802, ""CD4-positive, alpha-beta T cell"": 6213, ""CD4-positive, alpha-beta memory T cell"": 3307, ""CD8-positive, alpha-beta T cell"": 24045, ""CD8-positive, alpha-beta memory T cell"": 3373, ""CD8-positive, alpha-beta memory T cell, CD45RO-positive"": 4468, ""T cell"": 444, ""T follicular helper cell"": 6780, ""alpha-beta T cell"": 500, ""alveolar macrophage"": 40, ""basophil"": 6, ""central memory CD4-positive, alpha-beta T cell"": 9583, ""central memory CD8-positive, alpha-beta T cell"": 728, ""classical monocyte"": 32283, ""conventional dendritic cell"": 267, ""dendritic cell, human"": 15, ""effector memory CD4-positive, alpha-beta T cell"": 6881, ""effector memory CD4-positive, alpha-beta T cell, terminally differentiated"": 238, ""effector memory CD8-positive, alpha-beta T cell"": 7325, ""effector memory CD8-positive, alpha-beta T cell, terminally differentiated"": 8998, ""endothelial cell"": 4331, ""erythrocyte"": 1116, ""erythroid lineage cell"": 46, ""fibroblast"": 3, ""gamma-delta T cell"": 6154, ""germinal center B cell"": 14, ""germinal center T cell"": 4, ""group 1 innate lymphoid cell"": 2, ""group 3 innate lymphoid cell"": 875, ""hematopoietic multipotent progenitor cell"": 25, ""hematopoietic precursor cell"": 150, ""immature innate lymphoid cell"": 993, ""innate lymphoid cell"": 689, ""intermediate monocyte"": 828, ""leukocyte"": 307, ""lymphocyte"": 669, ""macrophage"": 8655, ""mast cell"": 150, ""mature NK T cell"": 2421, ""megakaryocyte"": 25, ""memory B cell"": 20033, ""monocyte"": 7893, ""mucosal invariant T cell"": 2279, ""myeloid dendritic cell"": 9, ""naive B cell"": 4304, ""naive thymus-derived CD4-positive, alpha-beta T cell"": 13665, ""naive thymus-derived CD8-positive, alpha-beta T cell"": 3251, ""natural killer cell"": 9465, ""neutrophil"": 40915, ""non-classical monocyte"": 686, ""plasma cell"": 13050, ""plasmablast"": 3290, ""plasmacytoid dendritic cell"": 294, ""platelet"": 132, ""progenitor cell"": 135, ""regulatory T cell"": 2530, ""unknown"": 248}"
Homo sapiens,spleen,10x 5' transcription profiling,"{""B cell"": 11, ""CD16-negative, CD56-bright natural killer cell, human"": 36, ""CD16-positive, CD56-dim natural killer cell, human"": 235, ""T follicular helper cell"": 114, ""central memory CD4-positive, alpha-beta T cell"": 568, ""central memory CD8-positive, alpha-beta T cell"": 241, ""classical monocyte"": 189, ""conventional dendritic cell"": 4, ""effector memory CD4-positive, alpha-beta T cell"": 304, ""effector memory CD8-positive, alpha-beta T cell"": 786, ""effector memory CD8-positive, alpha-beta T cell, terminally differentiated"": 61, ""gamma-delta T cell"": 134, ""leukocyte"": 12, ""macrophage"": 60, ""memory B cell"": 690, ""mucosal invariant T cell"": 127, ""naive B cell"": 487, ""neutrophil"": 19, ""non-classical monocyte"": 47, ""plasma cell"": 168, ""plasmablast"": 172, ""regulatory T cell"": 47}"
Homo sapiens,spleen,10x 5' v1,"{""B cell"": 525, ""B-1 B cell"": 8886, ""B-2 B cell"": 27075, ""CD16-negative, CD56-bright natural killer cell, human"": 2449, ""CD16-positive, CD56-dim natural killer cell, human"": 1635, ""CD4-positive helper T cell"": 404, ""CD8-alpha-alpha-positive, alpha-beta intraepithelial T cell"": 604, ""CD8-positive, alpha-beta memory T cell"": 1202, ""CD8-positive, alpha-beta memory T cell, CD45RO-positive"": 2982, ""Kupffer cell"": 321, ""Langerhans cell"": 6, ""T cell"": 13644, ""T follicular helper cell"": 2371, ""alpha-beta T cell"": 398, ""alveolar macrophage"": 14, ""central memory CD4-positive, alpha-beta T cell"": 1201, ""central memory CD8-positive, alpha-beta T cell"": 182, ""classical monocyte"": 2411, ""common dendritic progenitor"": 33, ""common myeloid progenitor"": 109, ""conventional dendritic cell"": 440, ""dendritic cell"": 3768, ""dendritic cell, human"": 30, ""double negative thymocyte"": 5, ""double-positive, alpha-beta thymocyte"": 416, ""early lymphoid progenitor"": 253, ""effector memory CD4-positive, alpha-beta T cell"": 2861, ""effector memory CD8-positive, alpha-beta T cell"": 2338, ""effector memory CD8-positive, alpha-beta T cell, terminally differentiated"": 1895, ""endothelial cell"": 14426, ""erythrocyte"": 5364, ""erythroid lineage cell"": 14, ""eurydendroid cell"": 2, ""fibroblast"": 46047, ""fraction A pre-pro B cell"": 492, ""gamma-delta T cell"": 1645, ""germinal center B cell"": 154, ""glial cell"": 26, ""granulocyte"": 693, ""granulocyte monocyte progenitor cell"": 71, ""group 2 innate lymphoid cell"": 88, ""group 3 innate lymphoid cell"": 2378, ""hematopoietic multipotent progenitor cell"": 169, ""hematopoietic stem cell"": 282, ""immature B cell"": 1758, ""innate lymphoid cell"": 124, ""interstitial cell of Cajal"": 4, ""large pre-B-II cell"": 117, ""late pro-B cell"": 102, ""leukocyte"": 167, ""lymphocyte"": 762, ""macrophage"": 31945, ""mast cell"": 666, ""mature B cell"": 3150, ""megakaryocyte"": 7720, ""megakaryocyte-erythroid progenitor cell"": 1249, ""memory B cell"": 18371, ""mesothelial cell"": 444, ""monocyte"": 4371, ""mucosal invariant T cell"": 1444, ""myelocyte"": 42, ""myofibroblast cell"": 246, ""naive B cell"": 8490, ""naive thymus-derived CD4-positive, alpha-beta T cell"": 7740, ""naive thymus-derived CD8-positive, alpha-beta T cell"": 6564, ""natural killer cell"": 31368, ""neuron"": 4, ""neutrophil"": 112, ""non-classical monocyte"": 495, ""plasma cell"": 3393, ""plasmablast"": 814, ""plasmacytoid dendritic cell"": 970, ""precursor B cell"": 2, ""pro-B cell"": 209, ""progenitor cell"": 20, ""promonocyte"": 211, ""promyelocyte"": 151, ""regulatory T cell"": 4859, ""small pre-B-II cell"": 231, ""smooth muscle cell"": 24, ""unknown"": 8992, ""vascular associated smooth muscle cell"": 1087}"
Homo sapiens,spleen,10x 5' v2,"{""B cell"": 10630, ""CD16-negative, CD56-bright natural killer cell, human"": 22180, ""CD16-positive, CD56-dim natural killer cell, human"": 25727, ""CD4-positive helper T cell"": 536, ""CD4-positive, CD25-positive, alpha-beta regulatory T cell"": 5401, ""CD4-positive, alpha-beta T cell"": 1443, ""CD4-positive, alpha-beta memory T cell"": 15488, ""CD8-positive, alpha-beta T cell"": 7116, ""CD8-positive, alpha-beta memory T cell"": 11575, ""CD8-positive, alpha-beta memory T cell, CD45RO-positive"": 2518, ""T cell"": 9, ""T follicular helper cell"": 4018, ""alpha-beta T cell"": 508, ""alveolar macrophage"": 22, ""central memory CD4-positive, alpha-beta T cell"": 19881, ""central memory CD8-positive, alpha-beta T cell"": 1184, ""classical monocyte"": 22731, ""conventional dendritic cell"": 1426, ""dendritic cell, human"": 11, ""effector memory CD4-positive, alpha-beta T cell"": 11969, ""effector memory CD4-positive, alpha-beta T cell, terminally differentiated"": 1331, ""effector memory CD8-positive, alpha-beta T cell"": 6570, ""effector memory CD8-positive, alpha-beta T cell, terminally differentiated"": 11254, ""endothelial cell"": 203, ""erythrocyte"": 204, ""erythroid lineage cell"": 41, ""gamma-delta T cell"": 16559, ""germinal center B cell"": 408, ""germinal center T cell"": 52, ""group 1 innate lymphoid cell"": 49, ""group 3 innate lymphoid cell"": 2317, ""hematopoietic multipotent progenitor cell"": 2, ""hematopoietic precursor cell"": 54, ""immature innate lymphoid cell"": 2019, ""innate lymphoid cell"": 212, ""intermediate monocyte"": 342, ""leukocyte"": 106, ""lymphocyte"": 410, ""macrophage"": 8605, ""mast cell"": 75, ""mature NK T cell"": 303, ""megakaryocyte"": 7, ""memory B cell"": 83564, ""monocyte"": 1446, ""mucosal invariant T cell"": 5750, ""myeloid dendritic cell"": 18, ""naive B cell"": 60758, ""naive thymus-derived CD4-positive, alpha-beta T cell"": 12386, ""naive thymus-derived CD8-positive, alpha-beta T cell"": 6058, ""natural killer cell"": 2058, ""neutrophil"": 7870, ""non-classical monocyte"": 2884, ""plasma cell"": 9403, ""plasmablast"": 4556, ""plasmacytoid dendritic cell"": 248, ""platelet"": 9, ""precursor B cell"": 6, ""progenitor cell"": 198, ""regulatory T cell"": 2848, ""unknown"": 447}"
Homo sapiens,spleen,Smart-seq2,"{""B cell"": 2850, ""CD16-negative, CD56-bright natural killer cell, human"": 34, ""CD16-positive, CD56-dim natural killer cell, human"": 56, ""CD4-positive, alpha-beta T cell"": 570, ""CD8-positive, alpha-beta T cell"": 1500, ""central memory CD4-positive, alpha-beta T cell"": 259, ""central memory CD8-positive, alpha-beta T cell"": 2, ""classical monocyte"": 1621, ""conventional dendritic cell"": 19, ""effector memory CD4-positive, alpha-beta T cell"": 3, ""effector memory CD8-positive, alpha-beta T cell"": 267, ""effector memory CD8-positive, alpha-beta T cell, terminally differentiated"": 64, ""endothelial cell"": 106, ""erythrocyte"": 27, ""gamma-delta T cell"": 118, ""hematopoietic stem cell"": 6, ""innate lymphoid cell"": 16, ""intermediate monocyte"": 18, ""leukocyte"": 12, ""macrophage"": 120, ""mature NK T cell"": 363, ""megakaryocyte"": 7, ""memory B cell"": 18, ""monocyte"": 3, ""mucosal invariant T cell"": 14, ""myeloid dendritic cell"": 24, ""naive B cell"": 2, ""naive thymus-derived CD4-positive, alpha-beta T cell"": 360, ""natural killer cell"": 309, ""neutrophil"": 850, ""non-classical monocyte"": 22, ""plasma cell"": 827, ""plasmablast"": 28, ""plasmacytoid dendritic cell"": 9, ""platelet"": 21, ""regulatory T cell"": 164}"
Homo sapiens,spleen,microwell-seq,"{""B cell"": 606, ""T cell"": 477, ""cord blood hematopoietic stem cell"": 31, ""dendritic cell"": 62, ""endothelial cell"": 618, ""epithelial cell"": 8, ""erythroid lineage cell"": 24, ""erythroid progenitor cell"": 66, ""fibroblast"": 1, ""macrophage"": 546, ""mast cell"": 1, ""monocyte"": 22, ""neutrophil"": 1671, ""plasma cell"": 11669, ""professional antigen presenting cell"": 2, ""smooth muscle cell"": 1, ""stromal cell"": 1}"
Homo sapiens,spleen,sci-RNA-seq3,"{""endothelial cell of vascular tree"": 3823, ""erythroblast"": 554, ""hematopoietic cell"": 5583, ""innate lymphoid cell"": 2028, ""megakaryocyte"": 115, ""mesothelial cell"": 330, ""myeloid cell"": 1479, ""stromal cell"": 2409, ""unknown"": 119}"
Homo sapiens,stomach,10x 3' v2,"{""B cell"": 6, ""BEST4+ enterocyte"": 32, ""CD16-negative, CD56-bright natural killer cell, human"": 1697, ""CD16-positive, CD56-dim natural killer cell, human"": 1922, ""CD4-positive, alpha-beta memory T cell"": 10609, ""CD8-positive, alpha-beta memory T cell"": 9404, ""IgA plasma cell"": 54997, ""IgG plasma cell"": 14633, ""IgM plasma cell"": 6318, ""Langerhans cell"": 193, ""T follicular helper cell"": 5707, ""T-helper 17 cell"": 6819, ""TREM2-positive macrophage"": 2283, ""capillary endothelial cell"": 2444, ""conventional dendritic cell"": 3878, ""cycling T cell"": 533, ""dendritic cell, human"": 1173, ""effector memory CD8-positive, alpha-beta T cell"": 12634, ""endothelial cell"": 161, ""endothelial cell of artery"": 1216, ""endothelial cell of lymphatic vessel"": 86, ""enterocyte"": 5415, ""enteroendocrine cell"": 3902, ""enteroglial cell"": 108, ""eosinophil"": 20, ""epithelial cell"": 35008, ""epithelial cell of lung"": 115, ""epithelial cell of stomach"": 2075, ""erythroblast"": 13, ""erythrocyte"": 362, ""fibroblast"": 3272, ""fibroblast of gingiva"": 915, ""fibroblastic reticular cell"": 102, ""follicular dendritic cell"": 3, ""foveolar cell of stomach"": 22411, ""gamma-delta T cell"": 4475, ""gastrointestinal tract (lamina propria) macrophage"": 1597, ""germinal center B cell"": 2620, ""glial cell"": 359, ""goblet cell"": 18, ""group 3 innate lymphoid cell"": 804, ""intestinal epithelial cell"": 24, ""intestine goblet cell"": 1851, ""macrophage"": 3127, ""mast cell"": 9858, ""mature NK T cell"": 17, ""memory B cell"": 39637, ""mesenchymal cell"": 3510, ""mesothelial cell"": 44, ""monocyte"": 11657, ""mucosal invariant T cell"": 1016, ""mucous neck cell of gastric gland"": 35344, ""myeloid leukocyte"": 116, ""myofibroblast cell"": 416, ""naive B cell"": 26320, ""naive thymus-derived CD4-positive, alpha-beta T cell"": 8337, ""naive thymus-derived CD8-positive, alpha-beta T cell"": 871, ""neuroendocrine cell"": 2, ""parietal cell"": 1966, ""peptic cell"": 4495, ""pericyte"": 4488, ""peripheral nervous system neuron"": 372, ""plasmablast"": 413, ""plasmacytoid dendritic cell, human"": 426, ""precursor B cell"": 12, ""pro-B cell"": 4, ""regulatory T cell"": 11505, ""stem cell"": 2, ""type EC enteroendocrine cell"": 2628, ""type G enteroendocrine cell"": 896, ""type X enteroendocrine cell"": 1517, ""unknown"": 5538, ""vascular associated smooth muscle cell"": 3079, ""vein endothelial cell"": 3071}"
Homo sapiens,stomach,10x 3' v3,"{""B cell"": 87, ""CD4-positive, alpha-beta T cell"": 717, ""CD8-positive, alpha-beta T cell"": 2223, ""M cell of gut"": 1, ""Schwann cell"": 3, ""T cell"": 132, ""basal cell"": 1, ""colon epithelial cell"": 1, ""endothelial cell of lymphatic vessel"": 819, ""enteroendocrine cell"": 18, ""epithelial cell"": 2080, ""epithelial cell of stomach"": 2254, ""fibroblast"": 5196, ""goblet cell"": 22, ""interstitial cell of Cajal"": 123, ""macrophage"": 606, ""mast cell"": 2652, ""mature NK T cell"": 231, ""mesodermal cell"": 104, ""mesothelial cell"": 6, ""monocyte"": 1932, ""mononuclear phagocyte"": 9546, ""natural killer cell"": 129, ""neuroendocrine cell"": 2, ""neuron"": 68, ""neutrophil"": 1101, ""pericyte"": 117, ""plasma cell"": 66, ""regulatory T cell"": 15, ""smooth muscle cell"": 36, ""stem cell"": 73, ""stromal cell"": 30, ""tissue-resident macrophage"": 51}"
Homo sapiens,stomach,10x 5' transcription profiling,"{""CD16-negative, CD56-bright natural killer cell, human"": 52, ""CD16-positive, CD56-dim natural killer cell, human"": 164, ""CD4-positive, alpha-beta memory T cell"": 1268, ""CD8-positive, alpha-beta memory T cell"": 3044, ""IgA plasma cell"": 1488, ""IgG plasma cell"": 108, ""IgM plasma cell"": 300, ""T follicular helper cell"": 332, ""T-helper 17 cell"": 1744, ""capillary endothelial cell"": 44, ""cycling T cell"": 24, ""effector memory CD8-positive, alpha-beta T cell"": 856, ""endothelial cell of artery"": 20, ""endothelial cell of lymphatic vessel"": 4, ""enteroendocrine cell"": 4, ""epithelial cell"": 192, ""fibroblast"": 300, ""fibroblast of gingiva"": 8, ""foveolar cell of stomach"": 296, ""gamma-delta T cell"": 3528, ""gastrointestinal tract (lamina propria) macrophage"": 56, ""group 3 innate lymphoid cell"": 24, ""mast cell"": 45, ""memory B cell"": 3008, ""monocyte"": 315, ""mucosal invariant T cell"": 72, ""mucous neck cell of gastric gland"": 192, ""myofibroblast cell"": 4, ""naive B cell"": 1040, ""naive thymus-derived CD4-positive, alpha-beta T cell"": 212, ""naive thymus-derived CD8-positive, alpha-beta T cell"": 36, ""parietal cell"": 60, ""peptic cell"": 8, ""plasmablast"": 32, ""precursor B cell"": 20, ""regulatory T cell"": 388, ""type EC enteroendocrine cell"": 4, ""type G enteroendocrine cell"": 4, ""type X enteroendocrine cell"": 12, ""vein endothelial cell"": 12}"
Homo sapiens,stomach,10x 5' v2,"{""CD16-negative, CD56-bright natural killer cell, human"": 280, ""CD16-positive, CD56-dim natural killer cell, human"": 20, ""CD4-positive, alpha-beta memory T cell"": 2336, ""CD8-positive, alpha-beta memory T cell"": 1016, ""IgA plasma cell"": 1268, ""IgG plasma cell"": 44, ""IgM plasma cell"": 40, ""Langerhans cell"": 5, ""T follicular helper cell"": 2372, ""T-helper 17 cell"": 212, ""TREM2-positive macrophage"": 155, ""afferent neuron"": 100, ""angiogenic pericyte"": 32, ""capillary endothelial cell"": 1424, ""conventional dendritic cell"": 395, ""cycling T cell"": 88, ""dendritic cell, human"": 130, ""effector memory CD8-positive, alpha-beta T cell"": 752, ""endothelial cell"": 608, ""endothelial cell of artery"": 304, ""endothelial cell of lymphatic vessel"": 116, ""enteric neuron"": 488, ""enterocyte"": 32, ""enteroendocrine cell"": 160, ""enteroglial cell"": 520, ""epithelial cell"": 4196, ""erythrocyte"": 1420, ""fibroblast"": 9632, ""fibroblast of gingiva"": 156, ""fibroblastic reticular cell"": 12, ""follicular dendritic cell"": 4, ""foveolar cell of stomach"": 4432, ""gamma-delta T cell"": 88, ""gastrointestinal tract (lamina propria) macrophage"": 2316, ""germinal center B cell"": 72, ""group 3 innate lymphoid cell"": 324, ""inhibitory motor neuron"": 64, ""interneuron"": 36, ""intestine goblet cell"": 48, ""macrophage"": 2005, ""mast cell"": 140, ""memory B cell"": 2936, ""mesodermal cell"": 16700, ""mesothelial cell"": 1660, ""monocyte"": 400, ""motor neuron"": 152, ""mucosal invariant T cell"": 104, ""mucous neck cell of gastric gland"": 2380, ""myofibroblast cell"": 484, ""naive B cell"": 9316, ""naive thymus-derived CD4-positive, alpha-beta T cell"": 6684, ""naive thymus-derived CD8-positive, alpha-beta T cell"": 2016, ""neuroblast (sensu Vertebrata)"": 236, ""neutrophil progenitor cell"": 30, ""parietal cell"": 132, ""peptic cell"": 68, ""pericyte"": 936, ""plasmablast"": 84, ""plasmacytoid dendritic cell, human"": 5, ""precursor B cell"": 32, ""pro-B cell"": 24, ""regulatory T cell"": 2316, ""smooth muscle cell"": 1212, ""type EC enteroendocrine cell"": 36, ""type G enteroendocrine cell"": 252, ""type X enteroendocrine cell"": 8, ""vascular associated smooth muscle cell"": 36, ""vein endothelial cell"": 780}"
Homo sapiens,stomach,10x gene expression flex,"{""CD4-positive, alpha-beta memory T cell"": 1, ""activated CD8-positive, alpha-beta T cell"": 9, ""basal cell of epithelium of lobular bronchiole"": 1, ""conventional dendritic cell"": 2, ""macrophage"": 37, ""malignant cell"": 1152, ""mucous cell of stomach"": 123, ""muscle fibroblast"": 19, ""parietal cell"": 29, ""pericyte"": 1, ""plasma cell"": 3, ""plasmacytoid dendritic cell"": 5, ""plasmacytoid dendritic cell, human"": 1, ""salivary gland glandular cell"": 102}"
Homo sapiens,stomach,microwell-seq,"{""B cell"": 28, ""T cell"": 218, ""acinar cell"": 20, ""alternatively activated macrophage"": 1, ""basal cell"": 1, ""cell of skeletal muscle"": 6, ""chondrocyte"": 1, ""cord blood hematopoietic stem cell"": 19, ""dendritic cell"": 162, ""embryonic stem cell"": 4, ""endocrine cell"": 674, ""endothelial cell"": 500, ""enterocyte"": 170, ""epithelial cell"": 411, ""erythroid lineage cell"": 321, ""erythroid progenitor cell"": 23, ""fibroblast"": 194, ""goblet cell"": 4704, ""macrophage"": 586, ""mast cell"": 68, ""mesenchymal stem cell"": 701, ""mesothelial cell"": 4, ""monocyte"": 31, ""myeloid cell"": 3, ""neuron"": 364, ""neutrophil"": 26, ""peptic cell"": 4973, ""plasma cell"": 416, ""primordial germ cell"": 8, ""professional antigen presenting cell"": 11, ""smooth muscle cell"": 132, ""stromal cell"": 7797}"
Homo sapiens,stomach,sci-RNA-seq3,"{""ciliated epithelial cell"": 378, ""endothelial cell of lymphatic vessel"": 103, ""endothelial cell of vascular tree"": 397, ""enteric neuron"": 85, ""erythroblast"": 145, ""glial cell"": 120, ""goblet cell"": 4524, ""innate lymphoid cell"": 552, ""mesothelial cell"": 182, ""myeloid cell"": 160, ""neuroendocrine cell"": 382, ""squamous epithelial cell"": 2463, ""stromal cell"": 1746, ""tuft cell"": 990, ""unknown"": 3028}"
Homo sapiens,stomach smooth muscle,10x 3' v3,"{""B cell"": 4530, ""CD4-positive, alpha-beta T cell"": 15960, ""CD8-positive, alpha-beta T cell"": 1911, ""T cell"": 69, ""endothelial cell of lymphatic vessel"": 807, ""fibroblast"": 13950, ""interstitial cell of Cajal"": 3, ""macrophage"": 459, ""mast cell"": 132, ""mature NK T cell"": 27, ""monocyte"": 990, ""mononuclear phagocyte"": 6138, ""natural killer cell"": 225, ""neutrophil"": 1683, ""plasma cell"": 105, ""regulatory T cell"": 639, ""smooth muscle cell"": 42, ""tissue-resident macrophage"": 1821}"
Homo sapiens,striatum,10x 3' v2,"{""cell"": 102, ""erythrocyte"": 82, ""glioblast"": 3188, ""macrophage"": 58, ""neuroblast (sensu Nematoda and Protostomia)"": 4923, ""neuroblast (sensu Vertebrata)"": 2796, ""neuron"": 31842, ""oligodendrocyte"": 24, ""radial glial cell"": 27909}"
Homo sapiens,striatum,10x 3' v3,"{""cell"": 187, ""erythrocyte"": 444, ""glioblast"": 276, ""macrophage"": 186, ""neural crest cell"": 10, ""neuroblast (sensu Nematoda and Protostomia)"": 13116, ""neuroblast (sensu Vertebrata)"": 10308, ""neuron"": 96105, ""oligodendrocyte"": 32, ""radial glial cell"": 94008}"
Homo sapiens,subcutaneous abdominal adipose tissue,10x 3' v3,"{""Schwann cell"": 28, ""adipocyte"": 6003, ""endothelial cell"": 3849, ""endothelial cell of lymphatic vessel"": 263, ""fibro/adipogenic progenitor cell"": 7548, ""hematopoietic cell"": 2, ""lymphocyte"": 603, ""macrophage"": 3423, ""mast cell"": 141, ""mesothelial cell"": 2151, ""myeloid cell"": 764, ""neuron associated cell"": 144, ""pericyte"": 3357, ""smooth muscle cell"": 649, ""subcutaneous adipocyte"": 14396, ""unknown"": 222}"
Homo sapiens,subcutaneous adipose tissue,10x 3' v3,"{""B cell"": 842, ""CD4-positive, alpha-beta T cell"": 2448, ""CD8-positive, alpha-beta T cell"": 2793, ""T cell"": 6689, ""adipocyte"": 40997, ""dendritic cell"": 1055, ""endothelial cell"": 29596, ""endothelial cell of lymphatic vessel"": 1444, ""erythrocyte"": 189, ""fibroblast"": 29697, ""hematopoietic precursor cell"": 3, ""immature NK T cell"": 2646, ""intermediate monocyte"": 27, ""macrophage"": 37400, ""mast cell"": 2764, ""mature NK T cell"": 387, ""mesenchymal stem cell of adipose tissue"": 30144, ""monocyte"": 2382, ""mural cell"": 1014, ""myofibroblast cell"": 2178, ""natural killer cell"": 759, ""neutrophil"": 3506, ""non-classical monocyte"": 3, ""pericyte"": 1341, ""plasma cell"": 63, ""preadipocyte"": 33760, ""smooth muscle cell"": 4211, ""subcutaneous adipocyte"": 82629}"
Homo sapiens,subcutaneous adipose tissue,Drop-seq,"{""B cell"": 112, ""T cell"": 3380, ""dendritic cell"": 2940, ""endothelial cell"": 1368, ""endothelial cell of lymphatic vessel"": 432, ""immature NK T cell"": 1486, ""macrophage"": 3318, ""mast cell"": 178, ""monocyte"": 1492, ""neutrophil"": 4, ""pericyte"": 126, ""preadipocyte"": 41912, ""smooth muscle cell"": 176, ""stromal cell of endometrium"": 3}"
Homo sapiens,subcutaneous adipose tissue,Smart-seq2,"{""B cell"": 27, ""CD4-positive, alpha-beta T cell"": 132, ""CD8-positive, alpha-beta T cell"": 186, ""T cell"": 15, ""endothelial cell"": 327, ""fibroblast"": 525, ""leukocyte"": 177, ""macrophage"": 585, ""mast cell"": 6, ""mesenchymal stem cell of adipose tissue"": 63, ""myeloid dendritic cell"": 3, ""myofibroblast cell"": 3, ""natural killer cell"": 309, ""neutrophil"": 24, ""plasma cell"": 3}"
Homo sapiens,sublingual gland,10x 3' v3,"{""B cell"": 2328, ""CD4-positive, alpha-beta T cell"": 1071, ""CD8-positive, alpha-beta T cell"": 1431, ""Schwann cell"": 62, ""T cell"": 117, ""acinar cell of salivary gland"": 6681, ""basal cell"": 2940, ""duct epithelial cell"": 5181, ""endothelial cell"": 1362, ""endothelial cell of artery"": 144, ""endothelial cell of lymphatic vessel"": 1125, ""endothelial cell of vascular tree"": 395, ""epithelial cell"": 2354, ""fibroblast"": 6284, ""ionocyte"": 369, ""leukocyte"": 18, ""lymphocyte"": 1383, ""macrophage"": 2550, ""mast cell"": 27, ""mature NK T cell"": 12, ""monocyte"": 27, ""mural cell"": 96, ""myeloid cell"": 459, ""myoepithelial cell"": 285, ""natural killer cell"": 33, ""neutrophil"": 102, ""plasma cell"": 963, ""salivary gland cell"": 3, ""vascular associated smooth muscle cell"": 387}"
Homo sapiens,sublingual gland,Smart-seq2,"{""B cell"": 9, ""CD4-positive, alpha-beta T cell"": 12, ""CD8-positive, alpha-beta T cell"": 21, ""acinar cell of salivary gland"": 279, ""adventitial cell"": 36, ""basal cell"": 69, ""duct epithelial cell"": 87, ""endothelial cell"": 39, ""endothelial cell of lymphatic vessel"": 3, ""fibroblast"": 168, ""ionocyte"": 9, ""macrophage"": 339, ""mast cell"": 3, ""mature NK T cell"": 3, ""monocyte"": 3, ""myoepithelial cell"": 30, ""natural killer cell"": 3, ""pericyte"": 6, ""plasma cell"": 465, ""salivary gland cell"": 3, ""tissue-resident macrophage"": 6, ""vascular associated smooth muscle cell"": 45}"
Homo sapiens,submandibular gland,10x 3' v3,"{""B cell"": 372, ""CD4-positive helper T cell"": 270, ""CD4-positive, alpha-beta T cell"": 363, ""CD8-positive, alpha-beta T cell"": 1926, ""Schwann cell"": 340, ""T cell"": 600, ""acinar cell of salivary gland"": 25275, ""adult skeletal muscle myoblast"": 9, ""basal cell"": 595, ""blood vessel endothelial cell"": 1386, ""dendritic cell"": 106, ""duct epithelial cell"": 2472, ""endothelial cell"": 3205, ""endothelial cell of artery"": 171, ""endothelial cell of lymphatic vessel"": 282, ""endothelial cell of vascular tree"": 1013, ""epithelial cell"": 10657, ""erythrocyte"": 132, ""fibroblast"": 4365, ""innate lymphoid cell"": 8, ""intercalated cell of salivary gland"": 518, ""intermediate monocyte"": 3, ""ionocyte"": 425, ""keratinocyte"": 571, ""lymphocyte"": 1628, ""macrophage"": 1587, ""mast cell"": 54, ""mature NK T cell"": 18, ""monocyte"": 12, ""mucus secreting cell"": 265, ""mural cell"": 327, ""myeloid cell"": 239, ""myoepithelial cell"": 652, ""myofibroblast cell"": 189, ""natural killer cell"": 140, ""neutrophil"": 79, ""non-classical monocyte"": 3, ""plasma cell"": 825, ""salivary gland glandular cell"": 2644, ""seromucus secreting cell"": 5088, ""serous secreting cell"": 5097, ""striated cell of salivary gland"": 968, ""vascular associated smooth muscle cell"": 636}"
Homo sapiens,submucosal esophageal gland,10x 3' v2,"{""CD4-positive helper T cell"": 162, ""IgA plasma cell"": 387, ""IgG plasma cell"": 60, ""activated CD8-positive, alpha-beta T cell"": 924, ""capillary endothelial cell"": 150, ""dendritic cell"": 75, ""endothelial cell of artery"": 135, ""enteroendocrine cell"": 4, ""epithelial cell of esophagus"": 196, ""fibroblast"": 4329, ""foveolar cell of stomach"": 8, ""gamma-delta T cell"": 300, ""glandular cell of esophagus"": 1892, ""macrophage"": 333, ""mast cell"": 18, ""memory B cell"": 12, ""memory T cell"": 138, ""monocyte"": 66, ""natural T-regulatory cell"": 669, ""natural killer cell"": 36, ""stem cell"": 4, ""unknown"": 135, ""vein endothelial cell"": 933}"
Homo sapiens,substantia nigra pars compacta,10x 3' v3,"{""astrocyte"": 33261, ""dopaminergic neuron"": 39146, ""endothelial cell"": 14903, ""ependymal cell"": 245, ""inhibitory interneuron"": 36720, ""macrophage"": 1230, ""microglial cell"": 31811, ""neuron"": 222334, ""oligodendrocyte"": 178815, ""oligodendrocyte precursor cell"": 13691}"
Homo sapiens,substantia propria of cornea,10x 3' v3,"{""epithelial cell"": 1083, ""fibroblast"": 221, ""keratocyte"": 12376, ""leukocyte"": 2, ""macrophage"": 36, ""mast cell"": 4}"
Homo sapiens,superior frontal gyrus,10x 3' v2,"{""GABAergic neuron"": 15470, ""endothelial cell"": 1397, ""glutamatergic neuron"": 36134, ""mature astrocyte"": 13995, ""mature microglial cell"": 7892, ""oligodendrocyte"": 34132, ""oligodendrocyte precursor cell"": 3468}"
Homo sapiens,telencephalon,10x 3' v2,"{""Cajal-Retzius cell"": 236, ""L6b glutamatergic cortical neuron"": 22760, ""astrocyte"": 12942, ""cell"": 12, ""cerebral cortex pyramidal neuron"": 100880, ""endothelial cell"": 728, ""erythrocyte"": 30, ""extratelencephalic-projecting glutamatergic cortical neuron"": 38822, ""glioblast"": 376, ""glutamatergic neuron"": 63470, ""interneuron"": 31624, ""macrophage"": 32, ""mature astrocyte"": 1948, ""neural cell"": 10654, ""neural progenitor cell"": 9614, ""neuroblast (sensu Nematoda and Protostomia)"": 996, ""neuroblast (sensu Vertebrata)"": 47920, ""neuron"": 7435, ""pyramidal neuron"": 68948, ""radial glial cell"": 216666, ""sst GABAergic cortical interneuron"": 6636, ""unknown"": 40502}"
Homo sapiens,telencephalon,10x 3' v3,"{""Cajal-Retzius cell"": 6084, ""GABAergic neuron"": 10492, ""astrocyte"": 7670, ""cerebral cortex pyramidal neuron"": 160370, ""choroid plexus epithelial cell"": 2020, ""erythrocyte"": 22, ""extratelencephalic-projecting glutamatergic cortical neuron"": 101396, ""fibroblast"": 20, ""fibroblast of choroid plexus"": 632, ""forebrain neuroblast"": 10101, ""glioblast"": 8353, ""glutamatergic neuron"": 14522, ""interneuron"": 16402, ""mesenchymal cell"": 212, ""microglial cell"": 353, ""neural crest cell"": 1970, ""neural progenitor cell"": 38754, ""neuroblast (sensu Vertebrata)"": 167452, ""neuron"": 26092, ""neuron associated cell"": 253, ""neuroplacodal cell"": 3772, ""oligodendrocyte precursor cell"": 358, ""premigratory neural crest cell"": 644, ""progenitor cell"": 184, ""pyramidal neuron"": 138824, ""radial glial cell"": 250517, ""thalamic excitatory neuron"": 312, ""unknown"": 8333}"
Homo sapiens,telencephalon,10x multiome,"{""Cajal-Retzius cell"": 33, ""GABAergic neuron"": 538, ""L2/3 intratelencephalic projecting glutamatergic neuron"": 6, ""L4 intratelencephalic projecting glutamatergic neuron"": 123, ""L5 intratelencephalic projecting glutamatergic neuron"": 1, ""L6 intratelencephalic projecting glutamatergic neuron"": 3, ""L6b glutamatergic cortical neuron"": 185, ""Purkinje cell"": 642, ""Schwann cell"": 14, ""astrocyte"": 30, ""brain vascular cell"": 24, ""committed oligodendrocyte precursor"": 14, ""corticothalamic-projecting glutamatergic cortical neuron"": 67, ""dopaminergic neuron"": 4, ""endothelial cell"": 1900, ""forebrain radial glial cell"": 2403, ""glioblast"": 1404, ""glutamatergic neuron"": 20164, ""glycinergic neuron"": 444, ""immature T cell"": 42, ""immature astrocyte"": 14, ""interneuron"": 6392, ""intratelencephalic-projecting glutamatergic cortical neuron"": 25, ""lamp5 GABAergic cortical interneuron"": 1, ""leukocyte"": 254, ""medial ganglionic eminence derived GABAergic cortical interneuron"": 49, ""microglial cell"": 1703, ""neural progenitor cell"": 1384, ""neuroblast (sensu Nematoda and Protostomia)"": 46, ""neuroblast (sensu Vertebrata)"": 26, ""neuron"": 72, ""oligodendrocyte"": 229, ""oligodendrocyte precursor cell"": 494, ""pericyte"": 1516, ""perivascular macrophage"": 48, ""progenitor cell"": 514, ""pvalb GABAergic cortical interneuron"": 1, ""radial glial cell"": 16766, ""sensory neuron of dorsal root ganglion"": 42, ""serotonergic neuron"": 168, ""sncg GABAergic cortical interneuron"": 1, ""sst GABAergic cortical interneuron"": 39, ""unknown"": 110, ""vascular associated smooth muscle cell"": 64, ""vascular leptomeningeal cell"": 116}"
Homo sapiens,telencephalon,sci-RNA-seq3,"{""GABAergic neuron"": 436970, ""astrocyte"": 61162, ""endothelial cell of vascular tree"": 11791, ""glutamatergic neuron"": 1568955, ""megakaryocyte"": 49, ""microglial cell"": 5606, ""neuron"": 76102, ""oligodendrocyte"": 21984}"
Homo sapiens,temporal cortex,10x 3' v2,"{""B cell"": 8, ""Cajal-Retzius cell"": 66, ""T cell"": 47, ""astrocyte"": 6332, ""blood vessel endothelial cell"": 549, ""cerebral cortex GABAergic interneuron"": 7690, ""cerebral cortex endothelial cell"": 37, ""erythrocyte"": 10, ""forebrain radial glial cell"": 7253, ""glutamatergic neuron"": 19736, ""microglial cell"": 4392, ""monocyte"": 17, ""neural cell"": 52409, ""oligodendrocyte"": 1427, ""oligodendrocyte precursor cell"": 3413, ""progenitor cell"": 5985, ""unknown"": 21451}"
Homo sapiens,temporal lobe,10x 3' v3,"{""B cell"": 102, ""astrocyte"": 8, ""dendritic cell"": 803, ""endothelial cell"": 65, ""macrophage"": 16889, ""malignant cell"": 33499, ""mast cell"": 26, ""mature T cell"": 10079, ""microglial cell"": 6220, ""monocyte"": 1590, ""mural cell"": 88, ""natural killer cell"": 22, ""neuron"": 529, ""oligodendrocyte"": 4399, ""oligodendrocyte precursor cell"": 2932, ""plasma cell"": 90, ""radial glial cell"": 5}"
Homo sapiens,temporal lobe,10x multiome,"{""L2/3 intratelencephalic projecting glutamatergic neuron"": 148, ""VIP GABAergic cortical interneuron"": 109, ""astrocyte"": 240, ""cerebral cortex GABAergic interneuron"": 62, ""committed oligodendrocyte precursor"": 46, ""endothelial cell"": 45, ""glutamatergic neuron"": 146, ""lamp5 GABAergic cortical interneuron"": 40, ""microglial cell"": 78, ""oligodendrocyte"": 2952, ""oligodendrocyte precursor cell"": 383, ""pvalb GABAergic cortical interneuron"": 113, ""sst GABAergic cortical interneuron"": 96, ""unknown"": 27, ""vascular leptomeningeal cell"": 2}"
Homo sapiens,temporal lobe,CEL-seq2,"{""B cell"": 4, ""dendritic cell"": 8, ""macrophage"": 532, ""malignant cell"": 4, ""mature T cell"": 128, ""microglial cell"": 3388, ""monocyte"": 30, ""natural killer cell"": 6, ""oligodendrocyte"": 14}"
Homo sapiens,temporal lobe,Drop-seq,"{""GABAergic neuron"": 3879, ""glial cell"": 489, ""glutamatergic neuron"": 9676}"
Homo sapiens,temporal lobe,microwell-seq,"{""B cell"": 2, ""T cell"": 20, ""astrocyte"": 684, ""dendritic cell"": 11, ""endothelial cell"": 29, ""epithelial cell"": 1, ""fibroblast"": 1, ""macrophage"": 3328, ""mesenchymal stem cell"": 1, ""monocyte"": 28, ""neuron"": 5, ""neutrophil"": 13, ""oligodendrocyte"": 5230, ""professional antigen presenting cell"": 19, ""smooth muscle cell"": 169, ""stromal cell"": 3}"
Homo sapiens,temporoparietal junction,Smart-seq2,"{""macrophage"": 8, ""malignant cell"": 272, ""mature T cell"": 108, ""microglial cell"": 8, ""monocyte"": 2, ""natural killer cell"": 2}"
Homo sapiens,temporoparietal junction,microwell-seq,"{""endothelial cell"": 1, ""macrophage"": 133, ""malignant cell"": 659, ""microglial cell"": 117, ""mural cell"": 4, ""oligodendrocyte"": 2, ""radial glial cell"": 27}"
Homo sapiens,tendon of quadriceps femoris,10x 3' v3,"{""B cell"": 33, ""T cell"": 625, ""adipocyte"": 653, ""blood vessel smooth muscle cell"": 176, ""capillary endothelial cell"": 525, ""chondrocyte"": 2589, ""dendritic cell"": 190, ""endothelial cell of arteriole"": 539, ""endothelial cell of lymphatic vessel"": 396, ""endothelial cell of vascular tree"": 1639, ""endothelial cell of venule"": 602, ""fibroblast"": 44948, ""granulocyte"": 66, ""leukocyte"": 73, ""macrophage"": 4215, ""mast cell"": 166, ""monocyte"": 217, ""mononuclear phagocyte"": 180, ""muscle cell"": 351, ""natural killer cell"": 140, ""neural cell"": 695, ""osteoblast"": 92, ""osteoclast"": 53, ""pericyte"": 703, ""plasmacytoid dendritic cell"": 72, ""skeletal muscle fiber"": 1543, ""skeletal muscle satellite cell"": 1952, ""smooth muscle cell"": 1058, ""stromal cell"": 141}"
Homo sapiens,tendon of semitendinosus,10x 3' v3,"{""adipocyte"": 119, ""endothelial cell of lymphatic vessel"": 172, ""endothelial cell of vascular tree"": 762, ""fast muscle cell"": 1774, ""fibroblast"": 3468, ""leukocyte"": 108, ""mural cell"": 529, ""neural cell"": 50, ""skeletal muscle fiber"": 1684, ""skeletal muscle satellite cell"": 567, ""slow muscle cell"": 1300}"
Homo sapiens,terminal bronchus,10x 3' v2,"{""B cell"": 24, ""CD4-positive, alpha-beta T cell"": 284, ""CD8-positive, alpha-beta T cell"": 9, ""Schwann cell"": 1, ""alternatively activated macrophage"": 132, ""blood vessel smooth muscle cell"": 308, ""bronchiolar smooth muscle cell"": 37, ""bronchus fibroblast of lung"": 54, ""chondrocyte"": 17, ""conventional dendritic cell"": 10, ""deuterosomal cell"": 93, ""endothelial cell of artery"": 108, ""endothelial cell of lymphatic vessel"": 44, ""fibroblast"": 466, ""fibroblast of lung"": 3, ""lung microvascular endothelial cell"": 63, ""lung resident memory CD8-positive, alpha-beta T cell"": 1, ""macrophage"": 281, ""mast cell"": 31, ""mature NK T cell"": 217, ""monocyte"": 246, ""multiciliated columnar cell of tracheobronchial tree"": 184, ""natural killer cell"": 299, ""neutrophil"": 1, ""pericyte"": 25, ""plasma cell"": 17, ""pulmonary alveolar type 1 cell"": 12, ""pulmonary alveolar type 2 cell"": 1080, ""pulmonary capillary endothelial cell"": 852, ""respiratory basal cell"": 1, ""respiratory tract goblet cell"": 1, ""respiratory tract suprabasal cell"": 55, ""serous cell of epithelium of lobular bronchiole"": 125, ""tracheobronchial serous cell"": 228, ""unknown"": 5, ""vascular associated smooth muscle cell"": 6, ""vein endothelial cell of respiratory system"": 157}"
Homo sapiens,terminal bronchus,10x 3' v3,"{""B cell"": 842, ""CD4-positive, alpha-beta T cell"": 2146, ""CD8-positive, alpha-beta T cell"": 468, ""Schwann cell"": 7, ""T cell"": 300, ""alternatively activated macrophage"": 741, ""blood vessel smooth muscle cell"": 327, ""bronchiolar smooth muscle cell"": 39, ""bronchus fibroblast of lung"": 179, ""conventional dendritic cell"": 531, ""deuterosomal cell"": 53, ""endothelial cell of artery"": 31, ""endothelial cell of lymphatic vessel"": 94, ""fibroblast"": 72, ""fibroblast of lung"": 56, ""lung microvascular endothelial cell"": 1230, ""lung resident memory CD8-positive, alpha-beta T cell"": 22, ""macrophage"": 1594, ""mast cell"": 264, ""mature NK T cell"": 952, ""monocyte"": 1732, ""multiciliated columnar cell of tracheobronchial tree"": 1380, ""natural killer cell"": 628, ""neutrophil"": 2622, ""pericyte"": 121, ""plasma cell"": 44, ""plasmacytoid dendritic cell"": 21, ""pulmonary alveolar type 1 cell"": 24, ""pulmonary alveolar type 2 cell"": 1407, ""pulmonary capillary endothelial cell"": 656, ""pulmonary ionocyte"": 5, ""pulmonary neuroendocrine cell"": 35, ""respiratory basal cell"": 219, ""respiratory tract goblet cell"": 97, ""respiratory tract suprabasal cell"": 31, ""serous cell of epithelium of lobular bronchiole"": 224, ""serous secreting cell of bronchus submucosal gland"": 8, ""tracheobronchial serous cell"": 329, ""unknown"": 116, ""vascular associated smooth muscle cell"": 38, ""vein endothelial cell of respiratory system"": 373}"
Homo sapiens,testis,10x 3' v3,"{""B cell"": 3, ""CD4-positive, alpha-beta T cell"": 6, ""CD8-positive, alpha-beta T cell"": 9, ""Leydig cell"": 30, ""endothelial cell"": 159, ""macrophage"": 3, ""male germ cell"": 348, ""mast cell"": 3, ""monocyte"": 3, ""peritubular myoid cell"": 201, ""spermatid"": 12027, ""spermatocyte"": 9210, ""spermatogonium"": 192, ""stromal cell"": 183, ""tissue-resident macrophage"": 162}"
Homo sapiens,testis,microwell-seq,"{""B cell"": 1, ""Sertoli cell"": 1186, ""T cell"": 2, ""acinar cell"": 2, ""cell of skeletal muscle"": 11, ""chondrocyte"": 1, ""cord blood hematopoietic stem cell"": 2, ""dendritic cell"": 5, ""endothelial cell"": 191, ""epithelial cell"": 386, ""epithelial cell of proximal tubule"": 21, ""erythroid lineage cell"": 28, ""erythroid progenitor cell"": 5, ""fibroblast"": 7688, ""kidney loop of Henle epithelial cell"": 1, ""macrophage"": 20, ""mesenchymal stem cell"": 1677, ""monocyte"": 12, ""neuron"": 14, ""neutrophil"": 12, ""primordial germ cell"": 1912, ""professional antigen presenting cell"": 2, ""smooth muscle cell"": 16, ""stromal cell"": 16}"
Homo sapiens,thalamic complex,10x 3' v3,"{""Bergmann glial cell"": 3, ""astrocyte"": 40944, ""central nervous system macrophage"": 24579, ""choroid plexus epithelial cell"": 117, ""endothelial cell"": 1962, ""ependymal cell"": 1401, ""fibroblast"": 7698, ""leukocyte"": 1464, ""neuron"": 637239, ""oligodendrocyte"": 278208, ""oligodendrocyte precursor cell"": 32085, ""pericyte"": 3513, ""vascular associated smooth muscle cell"": 747}"
Homo sapiens,thoracic aorta,10x 3' v3,"{""B cell"": 30, ""CD4-positive, alpha-beta T cell"": 210, ""CD8-positive, alpha-beta T cell"": 597, ""basophil"": 117, ""capillary endothelial cell"": 519, ""classical monocyte"": 18, ""endothelial cell"": 9, ""endothelial cell of artery"": 60, ""endothelial cell of lymphatic vessel"": 60, ""fibroblast"": 2070, ""intermediate monocyte"": 3, ""macrophage"": 1683, ""mature NK T cell"": 357, ""monocyte"": 393, ""natural killer cell"": 138, ""neutrophil"": 1209, ""pericyte"": 105, ""plasma cell"": 12, ""smooth muscle cell"": 96, ""vein endothelial cell"": 72}"
Homo sapiens,thoracic aorta,Smart-seq2,"{""CD4-positive, alpha-beta T cell"": 90, ""CD8-positive, alpha-beta T cell"": 63, ""capillary endothelial cell"": 3, ""endothelial cell"": 99, ""endothelial cell of artery"": 3, ""fibroblast"": 186, ""macrophage"": 75, ""mast cell"": 24, ""myeloid dendritic cell"": 3, ""natural killer cell"": 21, ""pericyte"": 12, ""plasma cell"": 3, ""smooth muscle cell"": 66}"
Homo sapiens,thoracic lymph node,10x 3' v3,"{""B cell"": 60, ""CD16-negative, CD56-bright natural killer cell, human"": 1533, ""CD16-positive, CD56-dim natural killer cell, human"": 186, ""CD4-positive helper T cell"": 748, ""CD4-positive, CD25-positive, alpha-beta regulatory T cell"": 3950, ""CD4-positive, alpha-beta memory T cell"": 6877, ""CD8-positive, alpha-beta memory T cell"": 1633, ""CD8-positive, alpha-beta memory T cell, CD45RO-positive"": 1320, ""T cell"": 120, ""T follicular helper cell"": 14751, ""activated CD4-positive, alpha-beta T cell"": 55, ""alpha-beta T cell"": 854, ""alveolar macrophage"": 34, ""central memory CD4-positive, alpha-beta T cell"": 20601, ""central memory CD8-positive, alpha-beta T cell"": 2007, ""classical monocyte"": 58, ""conventional dendritic cell"": 125, ""dendritic cell, human"": 60, ""effector memory CD4-positive, alpha-beta T cell"": 9730, ""effector memory CD4-positive, alpha-beta T cell, terminally differentiated"": 14, ""effector memory CD8-positive, alpha-beta T cell"": 1320, ""effector memory CD8-positive, alpha-beta T cell, terminally differentiated"": 138, ""gamma-delta T cell"": 404, ""germinal center B cell"": 36, ""germinal center T cell"": 20, ""group 1 innate lymphoid cell"": 1, ""group 3 innate lymphoid cell"": 539, ""immature innate lymphoid cell"": 198, ""innate lymphoid cell"": 138, ""lymphocyte"": 418, ""macrophage"": 100, ""mast cell"": 221, ""memory B cell"": 15124, ""mucosal invariant T cell"": 197, ""naive B cell"": 1668, ""naive thymus-derived CD4-positive, alpha-beta T cell"": 18470, ""naive thymus-derived CD8-positive, alpha-beta T cell"": 6178, ""non-classical monocyte"": 26, ""plasma cell"": 1727, ""plasmablast"": 2423, ""plasmacytoid dendritic cell"": 94, ""progenitor cell"": 14, ""regulatory T cell"": 7028, ""unknown"": 342}"
Homo sapiens,thoracic lymph node,10x 5' v1,"{""B cell"": 429, ""CD16-negative, CD56-bright natural killer cell, human"": 716, ""CD16-positive, CD56-dim natural killer cell, human"": 39, ""CD4-positive helper T cell"": 594, ""CD8-positive, alpha-beta memory T cell"": 208, ""CD8-positive, alpha-beta memory T cell, CD45RO-positive"": 1374, ""T cell"": 208, ""T follicular helper cell"": 4279, ""activated CD4-positive, alpha-beta T cell"": 105, ""alpha-beta T cell"": 1116, ""alveolar macrophage"": 138, ""central memory CD4-positive, alpha-beta T cell"": 5262, ""central memory CD8-positive, alpha-beta T cell"": 782, ""classical monocyte"": 212, ""conventional dendritic cell"": 170, ""dendritic cell, human"": 179, ""effector memory CD4-positive, alpha-beta T cell"": 3640, ""effector memory CD8-positive, alpha-beta T cell"": 1108, ""effector memory CD8-positive, alpha-beta T cell, terminally differentiated"": 90, ""gamma-delta T cell"": 70, ""germinal center B cell"": 579, ""group 3 innate lymphoid cell"": 174, ""innate lymphoid cell"": 90, ""lymphocyte"": 447, ""macrophage"": 320, ""mast cell"": 2, ""memory B cell"": 13316, ""mucosal invariant T cell"": 187, ""naive B cell"": 6816, ""naive thymus-derived CD4-positive, alpha-beta T cell"": 8446, ""naive thymus-derived CD8-positive, alpha-beta T cell"": 1748, ""non-classical monocyte"": 47, ""plasma cell"": 457, ""plasmablast"": 67, ""plasmacytoid dendritic cell"": 87, ""progenitor cell"": 2, ""regulatory T cell"": 4237, ""unknown"": 102}"
Homo sapiens,thoracic lymph node,10x 5' v2,"{""B cell"": 540, ""CD16-negative, CD56-bright natural killer cell, human"": 2611, ""CD16-positive, CD56-dim natural killer cell, human"": 1084, ""CD4-positive helper T cell"": 380, ""CD4-positive, CD25-positive, alpha-beta regulatory T cell"": 23378, ""CD4-positive, alpha-beta memory T cell"": 21342, ""CD8-positive, alpha-beta memory T cell"": 8321, ""CD8-positive, alpha-beta memory T cell, CD45RO-positive"": 616, ""T cell"": 359, ""T follicular helper cell"": 2784, ""activated CD4-positive, alpha-beta T cell"": 78, ""alpha-beta T cell"": 854, ""alveolar macrophage"": 22, ""central memory CD4-positive, alpha-beta T cell"": 76988, ""central memory CD8-positive, alpha-beta T cell"": 3194, ""classical monocyte"": 880, ""conventional dendritic cell"": 1307, ""dendritic cell, human"": 33, ""effector memory CD4-positive, alpha-beta T cell"": 20557, ""effector memory CD4-positive, alpha-beta T cell, terminally differentiated"": 446, ""effector memory CD8-positive, alpha-beta T cell"": 2914, ""effector memory CD8-positive, alpha-beta T cell, terminally differentiated"": 1120, ""erythroid lineage cell"": 1, ""gamma-delta T cell"": 931, ""germinal center B cell"": 915, ""germinal center T cell"": 91, ""group 1 innate lymphoid cell"": 31, ""group 3 innate lymphoid cell"": 1561, ""immature innate lymphoid cell"": 896, ""innate lymphoid cell"": 68, ""lymphocyte"": 268, ""macrophage"": 1789, ""mast cell"": 286, ""memory B cell"": 84302, ""mucosal invariant T cell"": 543, ""naive B cell"": 60490, ""naive thymus-derived CD4-positive, alpha-beta T cell"": 64826, ""naive thymus-derived CD8-positive, alpha-beta T cell"": 23539, ""non-classical monocyte"": 381, ""plasma cell"": 2580, ""plasmablast"": 5312, ""plasmacytoid dendritic cell"": 260, ""precursor B cell"": 6, ""pro-B cell"": 2, ""progenitor cell"": 102, ""regulatory T cell"": 6269, ""unknown"": 210}"
Homo sapiens,thymus,10x 3' v2,"{""B cell"": 68, ""B-1 B cell"": 591, ""B-2 B cell"": 186, ""CD4-positive, alpha-beta T cell"": 18439, ""CD4-positive, alpha-beta memory T cell"": 906, ""CD8-alpha-alpha-positive, alpha-beta intraepithelial T cell"": 5378, ""CD8-positive, alpha-beta T cell"": 14621, ""CD8-positive, alpha-beta memory T cell"": 790, ""CD8-positive, alpha-beta regulatory T cell"": 214, ""Langerhans cell"": 27, ""Schwann cell"": 443, ""T cell"": 14389, ""T-helper 17 cell"": 248, ""alpha-beta T cell"": 7344, ""capillary endothelial cell"": 28120, ""cell of skeletal muscle"": 4, ""chondrocyte"": 308, ""ciliated epithelial cell"": 328, ""common dendritic progenitor"": 12, ""common myeloid progenitor"": 181, ""conventional dendritic cell"": 1315, ""cortical thymic epithelial cell"": 7803, ""corticomedullary thymic epithelial cell"": 6412, ""dendritic cell"": 2823, ""double negative thymocyte"": 135227, ""double-positive, alpha-beta thymocyte"": 244271, ""early T lineage precursor"": 282, ""early lymphoid progenitor"": 531, ""endothelial cell"": 701, ""endothelial cell of artery"": 11380, ""endothelial cell of lymphatic vessel"": 818, ""enteroendocrine cell"": 12, ""epithelial cell"": 26, ""epithelial cell of nephron"": 2, ""epithelial cell of thymus"": 44, ""erythrocyte"": 1673, ""erythroid lineage cell"": 15, ""eurydendroid cell"": 52, ""fibroblast"": 22056, ""fraction A pre-pro B cell"": 226, ""gamma-delta T cell"": 2250, ""glial cell"": 736, ""granulocyte"": 72, ""granulocyte monocyte progenitor cell"": 897, ""group 2 innate lymphoid cell"": 40, ""group 3 innate lymphoid cell"": 675, ""hematopoietic multipotent progenitor cell"": 14, ""hematopoietic precursor cell"": 1180, ""hematopoietic stem cell"": 91, ""immature B cell"": 216, ""immature alpha-beta T cell"": 19498, ""innate lymphoid cell"": 32, ""interstitial cell of Cajal"": 4, ""keratinocyte"": 450, ""large pre-B-II cell"": 77, ""late pro-B cell"": 222, ""lymphocyte"": 25, ""macrophage"": 2146, ""mast cell"": 411, ""mature B cell"": 360, ""mature T cell"": 1, ""medullary thymic epithelial cell"": 163, ""medullary thymic epithelial cell type 1"": 3180, ""medullary thymic epithelial cell type 2"": 460, ""medullary thymic epithelial cell type 3"": 1114, ""megakaryocyte"": 122, ""megakaryocyte-erythroid progenitor cell"": 91, ""memory B cell"": 1383, ""mesothelial cell"": 236, ""monocyte"": 1053, ""myelocyte"": 43, ""myo-medullary thymic epithelial cell"": 1184, ""myofibroblast cell"": 1112, ""naive B cell"": 1259, ""naive thymus-derived CD4-positive, alpha-beta T cell"": 8528, ""naive thymus-derived CD8-positive, alpha-beta T cell"": 6820, ""natural killer cell"": 2669, ""neuro-medullary thymic epithelial cell"": 842, ""neuron"": 552, ""neutrophil"": 37, ""osteoclast"": 3, ""pericyte"": 10000, ""plasma cell"": 173, ""plasmacytoid dendritic cell"": 1379, ""pre-conventional dendritic cell"": 59, ""precursor B cell"": 258, ""pro-B cell"": 285, ""pro-T cell"": 12182, ""progenitor cell"": 137, ""promonocyte"": 206, ""promyelocyte"": 26, ""regulatory T cell"": 16144, ""skeletal muscle satellite cell"": 342, ""small pre-B-II cell"": 206, ""smooth muscle cell"": 8133, ""stromal cell"": 110, ""thymic fibroblast type 1"": 19628, ""thymic fibroblast type 2"": 9784, ""thymocyte"": 57922, ""unknown"": 19066, ""vascular associated smooth muscle cell"": 1455, ""vein endothelial cell"": 10572}"
Homo sapiens,thymus,10x 3' v3,"{""B cell"": 11418, ""CD4-positive, alpha-beta T cell"": 16142, ""CD4-positive, alpha-beta memory T cell"": 42, ""CD4-positive, alpha-beta thymocyte"": 5043, ""CD8-alpha-alpha-positive, alpha-beta intraepithelial T cell"": 81, ""CD8-positive, alpha-beta T cell"": 5312, ""CD8-positive, alpha-beta thymocyte"": 1206, ""T cell"": 42, ""T-helper 17 cell"": 42, ""alpha-beta T cell"": 222, ""capillary endothelial cell"": 5285, ""ciliated epithelial cell"": 832, ""conventional dendritic cell"": 12, ""cortical thymic epithelial cell"": 20362, ""corticomedullary thymic epithelial cell"": 82, ""dendritic cell"": 477, ""double negative thymocyte"": 9975, ""double-positive, alpha-beta thymocyte"": 7019, ""early T lineage precursor"": 176, ""endothelial cell"": 120, ""endothelial cell of artery"": 1527, ""endothelial cell of lymphatic vessel"": 538, ""epithelial cell of thymus"": 226, ""erythrocyte"": 402, ""fast muscle cell"": 3, ""fibroblast"": 277, ""gamma-delta T cell"": 2217, ""group 3 innate lymphoid cell"": 225, ""hematopoietic precursor cell"": 270, ""hematopoietic stem cell"": 1, ""immature alpha-beta T cell"": 124, ""macrophage"": 2137, ""mast cell"": 152, ""medullary thymic epithelial cell"": 879, ""medullary thymic epithelial cell type 1"": 988, ""medullary thymic epithelial cell type 2"": 70, ""medullary thymic epithelial cell type 3"": 246, ""megakaryocyte"": 5, ""megakaryocyte-erythroid progenitor cell"": 1, ""mesothelial cell"": 234, ""monocyte"": 9, ""myelocyte"": 8, ""myo-medullary thymic epithelial cell"": 746, ""naive B cell"": 4, ""naive thymus-derived CD4-positive, alpha-beta T cell"": 4782, ""naive thymus-derived CD8-positive, alpha-beta T cell"": 987, ""natural killer cell"": 1858, ""neuro-medullary thymic epithelial cell"": 2671, ""neutrophil"": 374, ""pericyte"": 22, ""plasma cell"": 1569, ""plasmacytoid dendritic cell"": 19, ""precursor B cell"": 25, ""progenitor cell"": 57, ""regulatory T cell"": 10, ""smooth muscle cell"": 3779, ""thymic fibroblast type 1"": 5857, ""thymic fibroblast type 2"": 9764, ""thymocyte"": 759, ""unknown"": 149, ""vascular associated smooth muscle cell"": 184, ""vein endothelial cell"": 3271}"
Homo sapiens,thymus,10x 5' v1,"{""B cell"": 108, ""B-1 B cell"": 408, ""B-2 B cell"": 183, ""CD16-positive, CD56-dim natural killer cell, human"": 4, ""CD4-positive helper T cell"": 8, ""CD4-positive, alpha-beta T cell"": 24783, ""CD4-positive, alpha-beta memory T cell"": 1931, ""CD8-alpha-alpha-positive, alpha-beta intraepithelial T cell"": 18464, ""CD8-positive, alpha-beta T cell"": 19640, ""CD8-positive, alpha-beta memory T cell"": 1002, ""CD8-positive, alpha-beta memory T cell, CD45RO-positive"": 50, ""CD8-positive, alpha-beta regulatory T cell"": 268, ""Langerhans cell"": 3, ""Schwann cell"": 8, ""T cell"": 28232, ""T follicular helper cell"": 4, ""T-helper 17 cell"": 208, ""alpha-beta T cell"": 10831, ""capillary endothelial cell"": 160, ""ciliated epithelial cell"": 8, ""classical monocyte"": 2, ""common dendritic progenitor"": 18, ""common myeloid progenitor"": 28, ""conventional dendritic cell"": 1410, ""cortical thymic epithelial cell"": 2237, ""corticomedullary thymic epithelial cell"": 912, ""dendritic cell"": 2943, ""double negative thymocyte"": 77631, ""double-positive, alpha-beta thymocyte"": 248034, ""early T lineage precursor"": 205, ""early lymphoid progenitor"": 242, ""effector memory CD4-positive, alpha-beta T cell"": 28, ""effector memory CD8-positive, alpha-beta T cell, terminally differentiated"": 50, ""endothelial cell"": 5752, ""endothelial cell of artery"": 70, ""endothelial cell of lymphatic vessel"": 122, ""epithelial cell"": 6, ""epithelial cell of thymus"": 358, ""erythrocyte"": 963, ""fibroblast"": 14575, ""fraction A pre-pro B cell"": 96, ""gamma-delta T cell"": 2439, ""germinal center B cell"": 2, ""glial cell"": 8, ""granulocyte"": 24, ""granulocyte monocyte progenitor cell"": 43, ""group 2 innate lymphoid cell"": 24, ""group 3 innate lymphoid cell"": 420, ""hematopoietic multipotent progenitor cell"": 22, ""hematopoietic stem cell"": 61, ""immature B cell"": 21, ""immature alpha-beta T cell"": 18712, ""innate lymphoid cell"": 28, ""keratinocyte"": 68, ""large pre-B-II cell"": 50, ""late pro-B cell"": 109, ""lymphocyte"": 96, ""macrophage"": 1871, ""mast cell"": 287, ""mature B cell"": 108, ""medullary thymic epithelial cell"": 15281, ""medullary thymic epithelial cell type 1"": 2118, ""medullary thymic epithelial cell type 2"": 650, ""medullary thymic epithelial cell type 3"": 348, ""megakaryocyte"": 31, ""megakaryocyte-erythroid progenitor cell"": 43, ""memory B cell"": 2812, ""mesothelial cell"": 4, ""monocyte"": 408, ""mucosal invariant T cell"": 12, ""myelocyte"": 6, ""myo-medullary thymic epithelial cell"": 54, ""myofibroblast cell"": 426, ""naive B cell"": 2291, ""naive thymus-derived CD4-positive, alpha-beta T cell"": 11114, ""naive thymus-derived CD8-positive, alpha-beta T cell"": 9116, ""natural killer cell"": 4537, ""neuro-medullary thymic epithelial cell"": 36, ""neuron"": 8, ""neutrophil"": 31, ""osteoclast"": 12, ""pericyte"": 153, ""plasma cell"": 469, ""plasmacytoid dendritic cell"": 844, ""pre-conventional dendritic cell"": 3, ""precursor B cell"": 122, ""pro-B cell"": 78, ""progenitor cell"": 67, ""promonocyte"": 160, ""promyelocyte"": 6, ""regulatory T cell"": 24619, ""skeletal muscle satellite cell"": 4, ""small pre-B-II cell"": 196, ""smooth muscle cell"": 68, ""stromal cell"": 4, ""thymic fibroblast type 1"": 2008, ""thymic fibroblast type 2"": 716, ""thymocyte"": 6677, ""unknown"": 39373, ""vascular associated smooth muscle cell"": 3265, ""vein endothelial cell"": 134}"
Homo sapiens,thymus,10x 5' v2,"{""B cell"": 1954, ""CD4-positive, alpha-beta T cell"": 33640, ""CD4-positive, alpha-beta thymocyte"": 8646, ""CD8-positive, alpha-beta T cell"": 20600, ""CD8-positive, alpha-beta memory T cell"": 62, ""CD8-positive, alpha-beta regulatory T cell"": 808, ""CD8-positive, alpha-beta thymocyte"": 678, ""Schwann cell"": 5, ""T cell"": 13330, ""capillary endothelial cell"": 2315, ""ciliated epithelial cell"": 78, ""common myeloid progenitor"": 86, ""conventional dendritic cell"": 1259, ""cortical thymic epithelial cell"": 7315, ""corticomedullary thymic epithelial cell"": 5286, ""double negative thymocyte"": 21788, ""double-positive, alpha-beta thymocyte"": 204242, ""early T lineage precursor"": 96, ""endothelial cell of artery"": 892, ""endothelial cell of lymphatic vessel"": 590, ""erythrocyte"": 96, ""fibroblast"": 772, ""gamma-delta T cell"": 1702, ""granulocyte monocyte progenitor cell"": 16, ""hematopoietic precursor cell"": 6, ""immature alpha-beta T cell"": 41786, ""large pre-B-II cell"": 2, ""late pro-B cell"": 8, ""macrophage"": 669, ""mast cell"": 13, ""medullary thymic epithelial cell"": 33, ""medullary thymic epithelial cell type 1"": 3052, ""medullary thymic epithelial cell type 2"": 698, ""medullary thymic epithelial cell type 3"": 289, ""memory B cell"": 1390, ""mesothelial cell"": 295, ""monocyte"": 62, ""myelocyte"": 112, ""myo-medullary thymic epithelial cell"": 353, ""naive B cell"": 988, ""naive thymus-derived CD4-positive, alpha-beta T cell"": 2787, ""naive thymus-derived CD8-positive, alpha-beta T cell"": 315, ""natural killer cell"": 2547, ""neuro-medullary thymic epithelial cell"": 112, ""neutrophil"": 79, ""pericyte"": 513, ""plasma cell"": 3060, ""plasmacytoid dendritic cell"": 194, ""pro-B cell"": 16, ""promonocyte"": 13, ""regulatory T cell"": 14026, ""small pre-B-II cell"": 132, ""smooth muscle cell"": 4111, ""thymic fibroblast type 1"": 5113, ""thymic fibroblast type 2"": 4379, ""thymocyte"": 597, ""unknown"": 29936, ""vascular associated smooth muscle cell"": 6, ""vein endothelial cell"": 2691}"
Homo sapiens,thymus,Smart-seq2,"{""B cell"": 78, ""CD4-positive, alpha-beta T cell"": 216, ""CD8-positive, alpha-beta T cell"": 3, ""CD8-positive, alpha-beta thymocyte"": 132, ""T follicular helper cell"": 18, ""capillary endothelial cell"": 516, ""endothelial cell"": 3, ""endothelial cell of artery"": 90, ""endothelial cell of lymphatic vessel"": 93, ""erythrocyte"": 45, ""fast muscle cell"": 60, ""fibroblast"": 801, ""innate lymphoid cell"": 6, ""macrophage"": 66, ""mast cell"": 6, ""medullary thymic epithelial cell"": 15, ""monocyte"": 75, ""natural killer cell"": 6, ""neutrophil"": 15, ""plasma cell"": 225, ""thymocyte"": 90, ""vascular associated smooth muscle cell"": 714, ""vein endothelial cell"": 882}"
Homo sapiens,thymus,microwell-seq,"{""B cell"": 2, ""T cell"": 4287, ""cord blood hematopoietic stem cell"": 39, ""dendritic cell"": 55, ""epithelial cell"": 1, ""erythroid lineage cell"": 41, ""erythroid progenitor cell"": 21, ""macrophage"": 8, ""monocyte"": 7, ""neutrophil"": 34, ""professional antigen presenting cell"": 21}"
Homo sapiens,thymus,sci-RNA-seq3,"{""endothelial cell of vascular tree"": 117, ""epithelial cell of thymus"": 314, ""professional antigen presenting cell"": 578, ""stromal cell"": 146, ""thymocyte"": 9806}"
Homo sapiens,thyroid gland,10x 3' v3,"{""M cell of gut"": 3, ""basal cell"": 593, ""club cell"": 2, ""colon epithelial cell"": 23, ""endothelial cell"": 2, ""epithelial cell"": 711, ""goblet cell"": 15, ""hepatoblast"": 4, ""mesothelial cell"": 2, ""pericyte"": 1, ""pulmonary alveolar type 1 cell"": 1, ""stem cell"": 49, ""stromal cell"": 2, ""thymocyte"": 1591}"
Homo sapiens,thyroid gland,microwell-seq,"{""B cell"": 899, ""T cell"": 2509, ""alternatively activated macrophage"": 3, ""cord blood hematopoietic stem cell"": 6, ""dendritic cell"": 309, ""endocrine cell"": 1, ""endothelial cell"": 460, ""enterocyte"": 2, ""epithelial cell"": 5, ""erythroid progenitor cell"": 1, ""fibroblast"": 187, ""kidney loop of Henle epithelial cell"": 1, ""macrophage"": 170, ""mast cell"": 8, ""monocyte"": 31, ""neutrophil"": 14, ""plasma cell"": 433, ""primordial germ cell"": 1, ""professional antigen presenting cell"": 1, ""smooth muscle cell"": 211, ""stromal cell"": 98, ""thyroid follicular cell"": 7297}"
Homo sapiens,tongue,Smart-seq2,"{""basal cell"": 468, ""fibroblast"": 3, ""salivary gland cell"": 6, ""stratified squamous epithelial cell"": 9, ""taste receptor cell"": 3}"
Homo sapiens,tonsil,10x 3' v2,"{""CD4-positive helper T cell"": 160, ""CD8-positive, alpha-beta cytotoxic T cell"": 70, ""T cell"": 30, ""T follicular helper cell"": 484, ""T follicular regulatory cell"": 64, ""central memory CD4-positive, alpha-beta T cell"": 390, ""central memory CD8-positive, alpha-beta T cell"": 140, ""centroblast"": 220, ""centrocyte"": 112, ""conventional dendritic cell"": 2, ""follicular dendritic cell"": 4, ""innate lymphoid cell"": 8, ""macrophage"": 46, ""mature B cell"": 108, ""memory B cell"": 484, ""naive B cell"": 392, ""natural killer cell"": 12, ""plasmablast"": 187, ""plasmacytoid dendritic cell"": 22, ""regulatory T cell"": 106, ""tonsil germinal center B cell"": 1400}"
Homo sapiens,tonsil,10x 5' v1,"{""CD4-positive helper T cell"": 1483, ""CD8-positive, alpha-beta cytotoxic T cell"": 2092, ""T cell"": 505, ""T follicular helper cell"": 6132, ""T follicular regulatory cell"": 767, ""central memory CD4-positive, alpha-beta T cell"": 2492, ""central memory CD8-positive, alpha-beta T cell"": 929, ""centroblast"": 3443, ""centrocyte"": 1085, ""conventional dendritic cell"": 54, ""follicular dendritic cell"": 31, ""innate lymphoid cell"": 158, ""macrophage"": 261, ""mature B cell"": 2143, ""memory B cell"": 21874, ""myeloid cell"": 84, ""naive B cell"": 11975, ""natural killer cell"": 102, ""plasmablast"": 8591, ""plasmacytoid dendritic cell"": 207, ""regulatory T cell"": 1092, ""tonsil germinal center B cell"": 19105}"
Homo sapiens,trachea,10x 3' v2,"{""CD14-positive monocyte"": 306, ""IgA plasma cell"": 79, ""IgG plasma cell"": 73, ""adventitial cell"": 2114, ""airway submucosal gland duct basal cell"": 68, ""alveolar macrophage"": 478, ""basal cell"": 1030, ""blood vessel endothelial cell"": 1366, ""blood vessel smooth muscle cell"": 32, ""bronchus fibroblast of lung"": 74, ""ciliated cell"": 1268, ""club cell"": 122, ""conventional dendritic cell"": 106, ""dendritic cell"": 8, ""deuterosomal cell"": 10, ""effector CD4-positive, alpha-beta T cell"": 480, ""effector memory CD8-positive, alpha-beta T cell"": 512, ""endothelial cell of artery"": 40, ""endothelial cell of lymphatic vessel"": 185, ""epithelial cell"": 4, ""erythrocyte"": 1, ""fibroblast"": 24, ""fibroblast of lung"": 482, ""gamma-delta T cell"": 138, ""goblet cell"": 308, ""innate lymphoid cell"": 64, ""lung interstitial macrophage"": 58, ""lung macrophage"": 638, ""lung pericyte"": 216, ""lung resident memory CD4-positive, alpha-beta T cell"": 304, ""lung resident memory CD8-positive, alpha-beta T cell"": 178, ""lung secretory cell"": 10, ""mast cell"": 54, ""memory B cell"": 65, ""mesothelial cell"": 24, ""metallothionein-positive alveolar macrophage"": 16, ""monocyte"": 244, ""mucosal invariant T cell"": 28, ""myofibroblast cell"": 184, ""naive B cell"": 4, ""naive thymus-derived CD4-positive, alpha-beta T cell"": 116, ""natural killer cell"": 866, ""neuroendocrine cell"": 2, ""non-myelinating Schwann cell"": 10, ""plasmablast"": 2, ""plasmacytoid dendritic cell"": 56, ""pulmonary artery endothelial cell"": 280, ""regulatory T cell"": 36, ""respiratory tract suprabasal cell"": 272, ""serous secreting cell of bronchus submucosal gland"": 14, ""smooth muscle cell"": 18, ""smooth muscle cell of the pulmonary artery"": 234, ""vein endothelial cell"": 304}"
Homo sapiens,trachea,10x 3' v3,"{""B cell"": 1842, ""CD14-positive monocyte"": 16, ""CD4-positive, alpha-beta T cell"": 834, ""CD8-positive, alpha-beta T cell"": 3603, ""IgA plasma cell"": 28, ""IgG plasma cell"": 14, ""T cell"": 57, ""adventitial cell"": 884, ""airway submucosal gland duct basal cell"": 214, ""alveolar macrophage"": 8, ""basal cell"": 30711, ""blood vessel endothelial cell"": 16, ""blood vessel smooth muscle cell"": 36, ""bronchus fibroblast of lung"": 208, ""chondrocyte"": 394, ""ciliated cell"": 14, ""club cell"": 18, ""connective tissue cell"": 456, ""conventional dendritic cell"": 18, ""dendritic cell"": 2, ""effector CD4-positive, alpha-beta T cell"": 108, ""effector memory CD8-positive, alpha-beta T cell"": 170, ""endothelial cell"": 1647, ""endothelial cell of artery"": 2, ""endothelial cell of lymphatic vessel"": 28, ""epithelial cell"": 2, ""fibroblast"": 5103, ""fibroblast of lung"": 242, ""gamma-delta T cell"": 2, ""goblet cell"": 26, ""granulocyte"": 114, ""innate lymphoid cell"": 18, ""intermediate monocyte"": 48, ""ionocyte"": 48, ""lung interstitial macrophage"": 2, ""lung macrophage"": 188, ""lung perichondrial fibroblast"": 202, ""lung pericyte"": 116, ""lung resident memory CD4-positive, alpha-beta T cell"": 30, ""lung resident memory CD8-positive, alpha-beta T cell"": 170, ""lung secretory cell"": 2188, ""macrophage"": 2076, ""mast cell"": 413, ""mature NK T cell"": 111, ""memory B cell"": 24, ""monocyte"": 253, ""mucosal invariant T cell"": 8, ""mucus secreting cell"": 807, ""multiciliated columnar cell of tracheobronchial tree"": 1911, ""myelinating Schwann cell"": 2, ""myeloid dendritic cell"": 3, ""myoepithelial cell"": 244, ""myofibroblast cell"": 90, ""naive B cell"": 8, ""naive thymus-derived CD4-positive, alpha-beta T cell"": 96, ""natural killer cell"": 216, ""neuroendocrine cell"": 4, ""neutrophil"": 13515, ""non-classical monocyte"": 15, ""non-myelinating Schwann cell"": 40, ""plasma cell"": 810, ""plasmablast"": 2, ""plasmacytoid dendritic cell"": 13, ""pulmonary artery endothelial cell"": 2, ""regulatory T cell"": 101, ""respiratory tract suprabasal cell"": 120, ""serous cell of epithelium of trachea"": 978, ""serous secreting cell of bronchus submucosal gland"": 524, ""smooth muscle cell"": 738, ""smooth muscle cell of the pulmonary artery"": 66, ""tracheal goblet cell"": 474, ""vein endothelial cell"": 60}"
Homo sapiens,trachea,10x 5' transcription profiling,"{""CD14-positive monocyte"": 688, ""IgA plasma cell"": 74, ""IgG plasma cell"": 115, ""adventitial cell"": 3480, ""airway submucosal gland duct basal cell"": 1146, ""alveolar macrophage"": 1358, ""basal cell"": 6314, ""blood vessel endothelial cell"": 226, ""blood vessel smooth muscle cell"": 790, ""bronchus fibroblast of lung"": 276, ""chondrocyte"": 41, ""ciliated cell"": 756, ""club cell"": 110, ""conventional dendritic cell"": 137, ""dendritic cell"": 62, ""deuterosomal cell"": 18, ""effector CD4-positive, alpha-beta T cell"": 708, ""effector memory CD8-positive, alpha-beta T cell"": 566, ""endothelial cell of artery"": 142, ""endothelial cell of lymphatic vessel"": 75, ""epithelial cell"": 34, ""erythrocyte"": 14, ""fibroblast"": 70, ""fibroblast of lung"": 46, ""gamma-delta T cell"": 102, ""goblet cell"": 808, ""innate lymphoid cell"": 80, ""lung interstitial macrophage"": 42, ""lung macrophage"": 956, ""lung pericyte"": 538, ""lung resident memory CD4-positive, alpha-beta T cell"": 234, ""lung resident memory CD8-positive, alpha-beta T cell"": 342, ""lung secretory cell"": 1568, ""mast cell"": 91, ""megakaryocyte"": 1, ""memory B cell"": 206, ""mesothelial cell"": 2, ""metallothionein-positive alveolar macrophage"": 44, ""monocyte"": 492, ""mucosal invariant T cell"": 320, ""myelinating Schwann cell"": 10, ""myofibroblast cell"": 44, ""naive B cell"": 50, ""naive thymus-derived CD4-positive, alpha-beta T cell"": 226, ""natural killer cell"": 1958, ""neuroendocrine cell"": 4, ""non-myelinating Schwann cell"": 40, ""plasmablast"": 2, ""plasmacytoid dendritic cell"": 139, ""pulmonary artery endothelial cell"": 66, ""regulatory T cell"": 42, ""respiratory tract suprabasal cell"": 1862, ""serous secreting cell of bronchus submucosal gland"": 2798, ""smooth muscle cell"": 86, ""smooth muscle cell of the pulmonary artery"": 88, ""vein endothelial cell"": 3732}"
Homo sapiens,trachea,10x 5' v1,"{""B cell"": 68, ""CD16-negative, CD56-bright natural killer cell, human"": 74, ""CD16-positive, CD56-dim natural killer cell, human"": 90, ""CD4-positive, alpha-beta T cell"": 33, ""CD4-positive, alpha-beta memory T cell"": 74, ""CD8-positive, alpha-beta memory T cell"": 666, ""Langerhans cell"": 36, ""T cell"": 8, ""T follicular helper cell"": 9, ""alternatively activated macrophage"": 56, ""basal cell of epithelium of trachea"": 2369, ""brush cell of trachea"": 9, ""ciliated cell"": 5360, ""club cell"": 5122, ""conventional dendritic cell"": 106, ""dendritic cell"": 212, ""duct epithelial cell"": 29, ""gamma-delta T cell"": 40, ""innate lymphoid cell"": 18, ""macrophage"": 1337, ""mast cell"": 49, ""mature NK T cell"": 28, ""melanocyte"": 3, ""memory B cell"": 1030, ""monocyte"": 903, ""mucosal invariant T cell"": 20, ""multiciliated epithelial cell"": 139, ""naive B cell"": 242, ""naive T cell"": 495, ""neutrophil"": 138, ""plasma cell"": 37, ""plasmacytoid dendritic cell, human"": 11, ""pulmonary ionocyte"": 114, ""regulatory T cell"": 23, ""secretory cell"": 623, ""squamous epithelial cell"": 86, ""tracheal goblet cell"": 1236, ""unknown"": 94}"
Homo sapiens,trachea,Smart-seq2,"{""B cell"": 39, ""CD8-positive, alpha-beta T cell"": 3, ""basal cell"": 732, ""endothelial cell"": 111, ""fibroblast"": 387, ""granulocyte"": 3, ""ionocyte"": 6, ""macrophage"": 60, ""mucus secreting cell"": 3, ""multiciliated columnar cell of tracheobronchial tree"": 228, ""neutrophil"": 537, ""plasma cell"": 66, ""smooth muscle cell"": 39, ""tracheal goblet cell"": 222}"
Homo sapiens,trachea,microwell-seq,"{""B cell"": 9, ""T cell"": 9, ""basal cell"": 2152, ""chondrocyte"": 405, ""dendritic cell"": 26, ""endocrine cell"": 2, ""endothelial cell"": 1936, ""enterocyte"": 1, ""epithelial cell"": 13, ""fibroblast"": 892, ""goblet cell"": 1, ""kidney loop of Henle epithelial cell"": 2, ""macrophage"": 408, ""mast cell"": 4, ""monocyte"": 2, ""plasma cell"": 157, ""smooth muscle cell"": 192, ""stratified epithelial cell"": 3497, ""stromal cell"": 236, ""thyroid follicular cell"": 5}"
Homo sapiens,transition zone of prostate,10x 3' v2,"{""B cell"": 1646, ""CD141-positive myeloid dendritic cell"": 164, ""CD1c-positive myeloid dendritic cell"": 3360, ""CD4-positive, alpha-beta thymocyte"": 1136, ""CD8-positive, alpha-beta thymocyte"": 216, ""basal cell of prostate epithelium"": 63566, ""classical monocyte"": 288, ""dendritic cell"": 2698, ""effector CD4-positive, alpha-beta T cell"": 1614, ""effector CD8-positive, alpha-beta T cell"": 2922, ""epithelial cell of urethra"": 17360, ""fibroblast of connective tissue of glandular part of prostate"": 1426, ""fibroblast of connective tissue of nonglandular part of prostate"": 2586, ""fibroblast of connective tissue of prostate"": 2209, ""granulocyte"": 2564, ""leukocyte"": 1368, ""luminal cell of prostate epithelium"": 5298, ""mature NK T cell"": 110, ""natural killer cell"": 154, ""neuroendocrine cell"": 106, ""non-classical monocyte"": 300, ""pericyte"": 1350, ""plasma cell"": 28, ""plasmacytoid dendritic cell"": 76, ""prostate gland microvascular endothelial cell"": 5169, ""prostate stromal cell"": 515, ""secretory cell"": 12574, ""smooth muscle cell of prostate"": 3272, ""vascular associated smooth muscle cell"": 1142}"
Homo sapiens,transition zone of prostate,10x 3' v3,"{""B cell"": 3746, ""CD141-positive myeloid dendritic cell"": 202, ""CD1c-positive myeloid dendritic cell"": 3756, ""CD4-positive, alpha-beta thymocyte"": 2884, ""CD8-positive, alpha-beta thymocyte"": 224, ""basal cell of prostate epithelium"": 10400, ""classical monocyte"": 376, ""dendritic cell"": 3192, ""effector CD4-positive, alpha-beta T cell"": 476, ""effector CD8-positive, alpha-beta T cell"": 2850, ""epithelial cell of urethra"": 1424, ""fibroblast of connective tissue of glandular part of prostate"": 1204, ""fibroblast of connective tissue of nonglandular part of prostate"": 4798, ""granulocyte"": 2116, ""luminal cell of prostate epithelium"": 2056, ""mature NK T cell"": 104, ""natural killer cell"": 252, ""non-classical monocyte"": 220, ""pericyte"": 2770, ""plasma cell"": 8, ""plasmacytoid dendritic cell"": 22, ""prostate gland microvascular endothelial cell"": 7588, ""secretory cell"": 2248, ""smooth muscle cell of prostate"": 2096, ""vascular associated smooth muscle cell"": 1412}"
Homo sapiens,transverse colon,10x 3' v2,"{""B cell"": 84, ""BEST4+ enterocyte"": 4, ""CD16-negative, CD56-bright natural killer cell, human"": 96, ""CD16-positive, CD56-dim natural killer cell, human"": 20, ""CD4-positive, alpha-beta T cell"": 333, ""CD4-positive, alpha-beta memory T cell"": 3752, ""CD8-positive, alpha-beta T cell"": 439, ""CD8-positive, alpha-beta memory T cell"": 348, ""IgA plasma cell"": 15057, ""IgG plasma cell"": 276, ""IgM plasma cell"": 228, ""Langerhans cell"": 5, ""T follicular helper cell"": 280, ""T-helper 1 cell"": 2938, ""T-helper 17 cell"": 4721, ""TREM2-positive macrophage"": 70, ""capillary endothelial cell"": 4, ""central memory CD4-positive, alpha-beta T cell"": 81, ""colon macrophage"": 103, ""colonocyte"": 28, ""conventional dendritic cell"": 451, ""cycling T cell"": 36, ""dendritic cell"": 23, ""dendritic cell, human"": 15, ""effector memory CD4-positive, alpha-beta T cell"": 1, ""effector memory CD8-positive, alpha-beta T cell"": 1577, ""erythrocyte"": 10, ""fibroblast"": 16, ""follicular B cell"": 92, ""gamma-delta T cell"": 574, ""gastrointestinal tract (lamina propria) macrophage"": 4, ""gastrointestinal tract (lamina propria) macrophage of large intestine"": 25, ""group 3 innate lymphoid cell"": 148, ""innate lymphoid cell"": 448, ""intestinal crypt stem cell"": 28, ""intestine goblet cell"": 20, ""macrophage"": 435, ""mast cell"": 3013, ""memory B cell"": 1529, ""memory T cell"": 45, ""monocyte"": 421, ""mucosal invariant T cell"": 104, ""naive B cell"": 238, ""naive thymus-derived CD4-positive, alpha-beta T cell"": 344, ""naive thymus-derived CD8-positive, alpha-beta T cell"": 16, ""natural killer cell"": 129, ""plasma cell"": 4690, ""plasmablast"": 8, ""regulatory T cell"": 1223, ""transit amplifying cell"": 77, ""tuft cell of small intestine"": 4}"
Homo sapiens,transverse colon,10x 3' v3,"{""B cell"": 72, ""BEST4+ colonocyte"": 50, ""BEST4+ enterocyte"": 310, ""T cell"": 3394, ""colon goblet cell"": 504, ""colonocyte"": 266, ""dendritic cell"": 30, ""early colonocyte"": 2414, ""endothelial cell"": 468, ""enterocyte of epithelium of large intestine"": 1000, ""enteroendocrine cell"": 25, ""enteroendocrine cell of colon"": 41, ""fallopian tube secretory epithelial cell"": 823, ""fibroblast"": 4720, ""goblet cell"": 475, ""intestinal crypt stem cell of colon"": 191, ""malignant cell"": 2626, ""mast cell"": 40, ""monocyte"": 2779, ""plasma cell"": 737, ""progenitor cell"": 30, ""secretory cell"": 362, ""stem cell"": 89, ""transit amplifying cell"": 1124, ""transit amplifying cell of colon"": 274, ""tuft cell of colon"": 371}"
Homo sapiens,transverse colon,10x 5' v1,"{""CD16-negative, CD56-bright natural killer cell, human"": 6, ""CD16-positive, CD56-dim natural killer cell, human"": 2, ""CD4-positive helper T cell"": 22, ""CD8-positive, alpha-beta memory T cell"": 42, ""CD8-positive, alpha-beta memory T cell, CD45RO-positive"": 12, ""T follicular helper cell"": 20, ""alpha-beta T cell"": 28, ""alveolar macrophage"": 2, ""classical monocyte"": 2, ""conventional dendritic cell"": 10, ""effector memory CD4-positive, alpha-beta T cell"": 6, ""effector memory CD8-positive, alpha-beta T cell, terminally differentiated"": 4, ""gamma-delta T cell"": 82, ""germinal center B cell"": 70, ""group 3 innate lymphoid cell"": 2, ""lymphocyte"": 2, ""macrophage"": 10, ""mast cell"": 3, ""memory B cell"": 26, ""naive B cell"": 20, ""plasma cell"": 120, ""regulatory T cell"": 30}"
Homo sapiens,transverse colon,10x 5' v2,"{""B cell"": 60, ""BEST4+ enterocyte"": 9077, ""CD16-negative, CD56-bright natural killer cell, human"": 188, ""CD16-positive, CD56-dim natural killer cell, human"": 52, ""CD4-positive, alpha-beta T cell"": 119, ""CD4-positive, alpha-beta memory T cell"": 1440, ""CD8-positive, alpha-beta T cell"": 41, ""CD8-positive, alpha-beta memory T cell"": 1344, ""IgA plasma cell"": 11705, ""IgG plasma cell"": 503, ""IgM plasma cell"": 364, ""Langerhans cell"": 55, ""M cell of gut"": 9, ""T follicular helper cell"": 470, ""T-helper 1 cell"": 14, ""T-helper 17 cell"": 459, ""TREM2-positive macrophage"": 35, ""activated CD4-positive, alpha-beta T cell"": 81, ""activated CD8-positive, alpha-beta T cell"": 329, ""capillary endothelial cell"": 713, ""central memory CD4-positive, alpha-beta T cell"": 91, ""colon epithelial cell"": 3572, ""colon macrophage"": 7, ""colonocyte"": 38336, ""conventional dendritic cell"": 625, ""cycling T cell"": 124, ""dendritic cell"": 3, ""dendritic cell, human"": 55, ""effector memory CD8-positive, alpha-beta T cell"": 691, ""endothelial cell of artery"": 818, ""endothelial cell of lymphatic vessel"": 478, ""enterocyte"": 2, ""enterocyte of epithelium of large intestine"": 3642, ""enteroendocrine cell"": 173, ""enteroglial cell"": 200, ""epithelial cell"": 888, ""erythrocyte"": 5, ""fibroblast"": 2224, ""fibroblast of gingiva"": 48, ""follicular B cell"": 77, ""gamma-delta T cell"": 4622, ""gastrointestinal tract (lamina propria) macrophage"": 492, ""gastrointestinal tract (lamina propria) macrophage of large intestine"": 20, ""germinal center B cell"": 349, ""glial cell"": 162, ""goblet cell"": 660, ""group 3 innate lymphoid cell"": 1056, ""innate lymphoid cell"": 65, ""intestinal crypt stem cell"": 512, ""intestinal tuft cell"": 148, ""intestine goblet cell"": 7442, ""macrophage"": 798, ""mast cell"": 1331, ""memory B cell"": 4050, ""memory T cell"": 3, ""mesothelial cell"": 101, ""monocyte"": 261, ""mucosal invariant T cell"": 23, ""myofibroblast cell"": 464, ""naive B cell"": 1553, ""naive thymus-derived CD4-positive, alpha-beta T cell"": 1004, ""naive thymus-derived CD8-positive, alpha-beta T cell"": 108, ""natural killer cell"": 29, ""neutrophil progenitor cell"": 5, ""pericyte"": 412, ""plasma cell"": 1749, ""plasmablast"": 20, ""plasmacytoid dendritic cell"": 10, ""precursor B cell"": 4, ""pro-B cell"": 8, ""regulatory T cell"": 912, ""reticular cell"": 3, ""stem cell"": 79, ""stromal cell"": 1629, ""transit amplifying cell"": 5864, ""tuft cell of colon"": 144, ""tuft cell of small intestine"": 1196, ""type EC enteroendocrine cell"": 22, ""type L enteroendocrine cell"": 6, ""vascular associated smooth muscle cell"": 504, ""vein endothelial cell"": 1548}"
Homo sapiens,transverse colon,TruDrop,"{""B cell"": 249, ""T cell"": 557, ""abnormal cell"": 698, ""endothelial cell"": 22, ""fibroblast"": 18, ""goblet cell"": 2966, ""gut absorptive cell"": 12805, ""intestinal crypt stem cell of colon"": 805, ""intestinal enteroendocrine cell"": 153, ""intestinal epithelial cell"": 609, ""mast cell"": 54, ""myeloid cell"": 36, ""neoplastic cell"": 1590, ""plasma cell"": 276, ""transit amplifying cell"": 1815, ""tuft cell"": 286}"
Homo sapiens,transverse colon,microwell-seq,"{""B cell"": 67, ""T cell"": 307, ""alternatively activated macrophage"": 3, ""dendritic cell"": 193, ""endocrine cell"": 1, ""endothelial cell"": 103, ""enterocyte"": 7812, ""epithelial cell"": 1807, ""erythroid lineage cell"": 1, ""fibroblast"": 11, ""macrophage"": 310, ""mast cell"": 118, ""mesenchymal stem cell"": 3, ""monocyte"": 16, ""myeloid cell"": 1, ""neuron"": 9, ""neutrophil"": 24, ""plasma cell"": 5726, ""primordial germ cell"": 1, ""smooth muscle cell"": 115, ""stromal cell"": 366}"
Homo sapiens,trophoblast,10x 3' v3,"{""extravillous trophoblast"": 11567, ""placental villous trophoblast"": 13856, ""syncytiotrophoblast cell"": 1430}"
Homo sapiens,tunica fibrosa of eyeball,10x 3' v2,"{""B cell"": 2, ""blood vessel endothelial cell"": 1, ""capillary endothelial cell"": 1, ""conjunctival epithelial cell"": 1037, ""endothelial cell"": 66, ""endothelial cell of lymphatic vessel"": 6, ""endothelial cell of venule"": 66, ""epithelial cell"": 32414, ""fibroblast"": 26, ""keratocyte"": 16, ""lymphocyte"": 64, ""macrophage"": 34, ""melanocyte"": 508, ""progenitor cell"": 1317}"
Homo sapiens,umbilical cord blood,10x 3' v3,"{""common dendritic progenitor"": 110, ""common lymphoid progenitor"": 619, ""erythroblast"": 17, ""erythroid progenitor cell"": 430, ""granulocyte"": 140, ""hematopoietic multipotent progenitor cell"": 2551, ""lymphoid lineage restricted progenitor cell"": 233, ""megakaryocyte-erythroid progenitor cell"": 240, ""myeloid lineage restricted progenitor cell"": 376, ""precursor B cell"": 459, ""pro-B cell"": 416, ""proerythroblast"": 158}"
Homo sapiens,umbilical cord blood,microwell-seq,"{""B cell"": 140, ""T cell"": 639, ""alternatively activated macrophage"": 1, ""chondrocyte"": 1, ""cord blood hematopoietic stem cell"": 8386, ""dendritic cell"": 276, ""endothelial cell"": 3, ""epithelial cell"": 12, ""erythroid lineage cell"": 157, ""erythroid progenitor cell"": 197, ""macrophage"": 2, ""mast cell"": 2, ""monocyte"": 5208, ""neutrophil"": 7341, ""primordial germ cell"": 3, ""professional antigen presenting cell"": 1130}"
Homo sapiens,upper layers of the cortex,10x 3' v3,"{""cell"": 40, ""erythrocyte"": 128, ""fibroblast"": 208, ""glioblast"": 7920, ""macrophage"": 102, ""neuroblast (sensu Nematoda and Protostomia)"": 3372, ""neuroblast (sensu Vertebrata)"": 9117, ""neuron"": 16008, ""oligodendrocyte"": 224, ""radial glial cell"": 5076}"
Homo sapiens,upper lobe of left lung,10x 3' v2,"{""B cell"": 1053, ""T cell"": 6861, ""blood vessel endothelial cell"": 47, ""endothelial cell of lymphatic vessel"": 5, ""epithelial cell"": 584, ""fibroblast"": 92, ""myeloid cell"": 1470, ""neutrophil"": 1}"
Homo sapiens,upper lobe of left lung,10x 3' v3,"{""B cell"": 4482, ""CD14-positive monocyte"": 2, ""CD4-positive, alpha-beta T cell"": 18026, ""CD8-positive, alpha-beta T cell"": 11440, ""IgA plasma cell"": 5, ""IgG plasma cell"": 3, ""T cell"": 250, ""adventitial cell"": 56, ""airway submucosal gland duct basal cell"": 72, ""alveolar macrophage"": 1544, ""basal cell"": 2845, ""blood vessel endothelial cell"": 166, ""bronchus fibroblast of lung"": 36, ""chondrocyte"": 3, ""ciliated cell"": 112, ""classical monocyte"": 14243, ""club cell"": 1847, ""conventional dendritic cell"": 1, ""dendritic cell, human"": 1710, ""deuterosomal cell"": 2, ""effector CD4-positive, alpha-beta T cell"": 14, ""endothelial cell of artery"": 8, ""endothelial cell of lymphatic vessel"": 77, ""erythrocyte"": 1081, ""fibroblast"": 2, ""fibroblast of lung"": 5881, ""gamma-delta T cell"": 971, ""goblet cell"": 152, ""leukocyte"": 326, ""lung endothelial cell"": 18710, ""lung goblet cell"": 515, ""lung interstitial macrophage"": 6, ""lung macrophage"": 85951, ""lung multiciliated epithelial cell"": 3648, ""lung perichondrial fibroblast"": 4, ""lung pericyte"": 1025, ""lung secretory cell"": 146, ""mast cell"": 6575, ""mature NK T cell"": 1551, ""megakaryocyte"": 1, ""memory B cell"": 9, ""mesothelial cell"": 579, ""metallothionein-positive alveolar macrophage"": 6, ""monocyte"": 630, ""myeloid dendritic cell, human"": 655, ""myofibroblast cell"": 14, ""naive thymus-derived CD4-positive, alpha-beta T cell"": 4, ""natural killer cell"": 9834, ""neutrophil"": 12205, ""non-classical monocyte"": 1845, ""pancreatic acinar cell"": 387, ""plasma cell"": 908, ""plasmacytoid dendritic cell"": 3, ""plasmacytoid dendritic cell, human"": 8, ""platelet"": 60, ""pulmonary alveolar type 1 cell"": 10752, ""pulmonary alveolar type 2 cell"": 3615, ""pulmonary artery endothelial cell"": 718, ""pulmonary capillary endothelial cell"": 19788, ""regulatory T cell"": 3039, ""respiratory tract suprabasal cell"": 32, ""smooth muscle cell"": 1292, ""smooth muscle cell of the pulmonary artery"": 28, ""stromal cell"": 912, ""unknown"": 21539, ""vein endothelial cell"": 420}"
Homo sapiens,upper lobe of left lung,10x 5' transcription profiling,"{""CD14-positive monocyte"": 2442, ""CD16-negative, CD56-bright natural killer cell, human"": 225, ""CD16-positive, CD56-dim natural killer cell, human"": 2320, ""IgA plasma cell"": 108, ""IgG plasma cell"": 99, ""T follicular helper cell"": 3, ""adventitial cell"": 664, ""airway submucosal gland duct basal cell"": 14, ""alveolar capillary type 2 endothelial cell"": 197, ""alveolar macrophage"": 15844, ""alveolar type 1 fibroblast cell"": 1, ""basal cell"": 435, ""blood vessel endothelial cell"": 4100, ""blood vessel smooth muscle cell"": 86, ""bronchus fibroblast of lung"": 52, ""capillary endothelial cell"": 1878, ""central memory CD4-positive, alpha-beta T cell"": 241, ""ciliated cell"": 470, ""classical monocyte"": 1442, ""club cell"": 721, ""conventional dendritic cell"": 668, ""dendritic cell"": 210, ""dendritic cell, human"": 34, ""deuterosomal cell"": 6, ""effector CD4-positive, alpha-beta T cell"": 1616, ""effector memory CD4-positive, alpha-beta T cell"": 1886, ""effector memory CD8-positive, alpha-beta T cell"": 4316, ""effector memory CD8-positive, alpha-beta T cell, terminally differentiated"": 280, ""endothelial cell of artery"": 353, ""endothelial cell of lymphatic vessel"": 447, ""erythrocyte"": 345, ""fibroblast"": 381, ""fibroblast of lung"": 672, ""gamma-delta T cell"": 112, ""goblet cell"": 21, ""innate lymphoid cell"": 94, ""lung interstitial macrophage"": 250, ""lung macrophage"": 4407, ""lung multiciliated epithelial cell"": 237, ""lung pericyte"": 336, ""lung resident memory CD4-positive, alpha-beta T cell"": 814, ""lung resident memory CD8-positive, alpha-beta T cell"": 984, ""macrophage"": 2162, ""mast cell"": 820, ""megakaryocyte"": 2, ""memory B cell"": 600, ""mesothelial cell"": 39, ""metallothionein-positive alveolar macrophage"": 202, ""monocyte"": 1784, ""mucosal invariant T cell"": 314, ""muscle cell"": 1, ""myelinating Schwann cell"": 2, ""myofibroblast cell"": 87, ""naive B cell"": 469, ""naive thymus-derived CD4-positive, alpha-beta T cell"": 1316, ""natural killer cell"": 4226, ""neuroendocrine cell"": 2, ""non-classical monocyte"": 821, ""pericyte"": 130, ""plasma cell"": 252, ""plasmablast"": 32, ""plasmacytoid dendritic cell"": 475, ""pulmonary alveolar type 1 cell"": 1029, ""pulmonary alveolar type 2 cell"": 4119, ""pulmonary artery endothelial cell"": 592, ""regulatory T cell"": 304, ""respiratory tract suprabasal cell"": 26, ""smooth muscle cell"": 2, ""smooth muscle cell of the pulmonary artery"": 682, ""vein endothelial cell"": 2643}"
Homo sapiens,upper lobe of right lung,10x 3' v2,"{""B cell"": 1829, ""T cell"": 7157, ""blood vessel endothelial cell"": 314, ""endothelial cell of lymphatic vessel"": 31, ""epithelial cell"": 431, ""fibroblast"": 653, ""myeloid cell"": 529}"
Homo sapiens,upper lobe of right lung,10x 3' v3,"{""B cell"": 3485, ""T cell"": 7842, ""blood vessel endothelial cell"": 241, ""endothelial cell of lymphatic vessel"": 48, ""epithelial cell"": 7745, ""fibroblast"": 371, ""lung macrophage"": 355, ""lung multiciliated epithelial cell"": 250, ""monocyte"": 555, ""myeloid cell"": 1482, ""natural killer cell"": 267, ""neutrophil"": 587, ""pulmonary alveolar type 1 cell"": 7029, ""pulmonary artery endothelial cell"": 393, ""pulmonary capillary endothelial cell"": 554, ""stromal cell"": 84, ""unknown"": 388, ""vein endothelial cell"": 521}"
Homo sapiens,upper outer quadrant of breast,10x 3' v2,"{""B cell"": 12, ""basal-myoepithelial cell of mammary gland"": 1375, ""endothelial cell of lymphatic vessel"": 66, ""luminal adaptive secretory precursor cell of mammary gland"": 4868, ""luminal hormone-sensing cell of mammary gland"": 3378}"
Homo sapiens,upper outer quadrant of breast,10x 3' v3,"{""B cell"": 203, ""basal-myoepithelial cell of mammary gland"": 5665, ""endocrine cell"": 64, ""endothelial cell of lymphatic vessel"": 67, ""luminal adaptive secretory precursor cell of mammary gland"": 15119, ""luminal hormone-sensing cell of mammary gland"": 879}"
Homo sapiens,upper outer quadrant of breast,10x multiome,"{""T cell"": 1935, ""adipocyte"": 2237, ""basal-myoepithelial cell of mammary gland"": 14432, ""endothelial cell"": 4197, ""fibroblast"": 5563, ""luminal adaptive secretory precursor cell of mammary gland"": 10795, ""luminal hormone-sensing cell of mammary gland"": 4737, ""macrophage"": 1201}"
Homo sapiens,ureter,10x 3' v3,"{""B cell"": 1166, ""CD8-positive, alpha-beta memory T cell"": 1675, ""T cell"": 3051, ""basal cell of urothelium"": 15305, ""central memory CD4-positive, alpha-beta T cell"": 891, ""classical monocyte"": 2941, ""cytotoxic T cell"": 3061, ""dendritic cell"": 558, ""double negative thymocyte"": 1697, ""effector CD8-positive, alpha-beta T cell"": 1237, ""endothelial cell"": 746, ""endothelial cell of artery"": 91, ""fibroblast"": 4917, ""intermediate cell of urothelium"": 18905, ""leukocyte"": 4530, ""macrophage"": 538, ""mast cell"": 500, ""mature NK T cell"": 1924, ""monocyte"": 101, ""mucosal invariant T cell"": 102, ""non-classical monocyte"": 284, ""regulatory T cell"": 443, ""smooth muscle cell"": 919, ""umbrella cell of urothelium"": 3749, ""urothelial cell"": 3023, ""vein endothelial cell"": 500}"
Homo sapiens,ureter,microwell-seq,"{""T cell"": 1, ""basal cell"": 1, ""dendritic cell"": 12, ""endothelial cell"": 2, ""epithelial cell"": 2306, ""fibroblast"": 19, ""macrophage"": 4, ""mast cell"": 1, ""plasma cell"": 34, ""smooth muscle cell"": 3, ""stromal cell"": 7}"
Homo sapiens,urinary bladder,10x 3' v3,"{""B cell"": 106, ""Schwann cell"": 64, ""T cell"": 962, ""basal cell of urothelium"": 5179, ""dendritic cell"": 239, ""endothelial cell"": 2505, ""endothelial cell of artery"": 446, ""endothelial cell of lymphatic vessel"": 225, ""fallopian tube secretory epithelial cell"": 428, ""fibroblast"": 11322, ""granulocyte"": 37, ""intermediate cell of urothelium"": 8108, ""macrophage"": 405, ""mast cell"": 68, ""mature NK T cell"": 79, ""monocyte"": 2828, ""plasma cell"": 36, ""smooth muscle cell"": 2028, ""umbrella cell of urothelium"": 1489, ""vascular associated smooth muscle cell"": 398, ""vein endothelial cell"": 484}"
Homo sapiens,uterine cervix,microwell-seq,"{""T cell"": 41, ""basal cell"": 162, ""dendritic cell"": 13, ""endothelial cell"": 399, ""epithelial cell"": 1, ""fibroblast"": 15, ""kidney loop of Henle epithelial cell"": 1, ""macrophage"": 83, ""mast cell"": 27, ""plasma cell"": 10, ""smooth muscle cell"": 7027, ""stratified epithelial cell"": 314, ""stromal cell"": 3}"
Homo sapiens,uterus,Smart-seq2,"{""B cell"": 21, ""CD4-positive, alpha-beta T cell"": 150, ""CD8-positive, alpha-beta T cell"": 132, ""T cell"": 18, ""adventitial cell"": 12, ""ciliated epithelial cell"": 9, ""endothelial cell"": 69, ""endothelial cell of lymphatic vessel"": 18, ""epithelial cell of uterus"": 294, ""epithelial fate stem cell"": 6, ""fibroblast"": 846, ""innate lymphoid cell"": 15, ""macrophage"": 315, ""myeloid dendritic cell"": 6, ""natural killer cell"": 81, ""pericyte"": 9, ""plasma cell"": 9, ""regulatory T cell"": 3, ""vascular associated smooth muscle cell"": 3}"
Homo sapiens,uterus,microwell-seq,"{""B cell"": 1, ""T cell"": 16, ""dendritic cell"": 3, ""endocrine cell"": 1, ""endothelial cell"": 5054, ""enterocyte"": 1, ""epithelial cell"": 9, ""fibroblast"": 31, ""kidney loop of Henle epithelial cell"": 139, ""macrophage"": 69, ""mast cell"": 23, ""mesenchymal stem cell"": 4, ""monocyte"": 1, ""myeloid cell"": 1, ""primordial germ cell"": 1, ""pulmonary alveolar type 2 cell"": 1, ""smooth muscle cell"": 1970, ""stratified epithelial cell"": 2, ""stromal cell"": 367}"
Homo sapiens,utricle of membranous labyrinth,10x 3' v3,"{""endothelial cell of vascular tree"": 153, ""hematopoietic cell"": 57, ""macrophage"": 33, ""mast cell"": 3, ""melanocyte"": 15, ""neutrophil"": 18, ""pericyte"": 225, ""stromal cell"": 561, ""supporting cell of vestibular epithelium"": 783, ""vascular associated smooth muscle cell"": 15, ""vestibular dark cell"": 111}"
Homo sapiens,uvea,10x 3' v2,"{""T cell"": 103, ""epithelial cell"": 168, ""fibroblast"": 3, ""malignant cell"": 529, ""mononuclear phagocyte"": 6}"
Homo sapiens,uvea,10x 3' v3,"{""B cell"": 61, ""Schwann cell"": 6272, ""T cell"": 283, ""blood vessel endothelial cell"": 881, ""ciliary muscle cell"": 19422, ""endothelial cell"": 27, ""fibroblast"": 10964, ""lymphocyte"": 290, ""macrophage"": 2913, ""mast cell"": 19, ""melanocyte"": 4835, ""mononuclear phagocyte"": 54, ""myelinating Schwann cell"": 67, ""neutrophil"": 11, ""non-pigmented ciliary epithelial cell"": 19, ""pericyte"": 234, ""pigmented ciliary epithelial cell"": 318, ""plasmacytoid dendritic cell"": 10, ""trabecular meshwork cell"": 7153}"
Homo sapiens,uvea,10x 5' v2,"{""B cell"": 733, ""T cell"": 6515, ""endothelial cell"": 206, ""epithelial cell"": 23460, ""fibroblast"": 326, ""malignant cell"": 17608, ""mast cell"": 1, ""megakaryocyte"": 1, ""mononuclear phagocyte"": 1556, ""plasmacytoid dendritic cell"": 70}"
Homo sapiens,vasculature,10x 3' v3,"{""B cell"": 12, ""CD4-positive, alpha-beta T cell"": 159, ""CD8-positive, alpha-beta T cell"": 129, ""capillary endothelial cell"": 372, ""endothelial cell"": 159, ""endothelial cell of artery"": 90, ""endothelial cell of lymphatic vessel"": 18, ""erythrocyte"": 30, ""fibroblast"": 2712, ""macrophage"": 1665, ""mast cell"": 81, ""mature NK T cell"": 15, ""monocyte"": 12, ""natural killer cell"": 12, ""neutrophil"": 102, ""pericyte"": 840, ""plasma cell"": 6, ""smooth muscle cell"": 1560, ""vein endothelial cell"": 48}"
Homo sapiens,vasculature,Smart-seq2,"{""B cell"": 6, ""CD4-positive, alpha-beta T cell"": 51, ""CD8-positive, alpha-beta T cell"": 36, ""capillary endothelial cell"": 3, ""endothelial cell"": 102, ""endothelial cell of artery"": 3, ""erythrocyte"": 3, ""fibroblast"": 201, ""macrophage"": 87, ""mast cell"": 3, ""natural killer cell"": 18, ""pericyte"": 114, ""plasma cell"": 3, ""smooth muscle cell"": 90, ""vein endothelial cell"": 3}"
Homo sapiens,vault of skull,microwell-seq,"{""T cell"": 2, ""cell of skeletal muscle"": 7, ""chondrocyte"": 220, ""cord blood hematopoietic stem cell"": 6, ""dendritic cell"": 11, ""endothelial cell"": 56, ""epithelial cell"": 13, ""erythroid lineage cell"": 43, ""erythroid progenitor cell"": 3, ""fibroblast"": 1, ""macrophage"": 27, ""mesenchymal stem cell"": 4610, ""monocyte"": 5, ""neuron"": 1, ""neutrophil"": 6, ""primordial germ cell"": 10, ""professional antigen presenting cell"": 11, ""renal intercalated cell"": 29, ""smooth muscle cell"": 3, ""stromal cell"": 65}"
Homo sapiens,vein,10x 5' transcription profiling,"{""B cell"": 12, ""CD4-positive, CD25-positive, alpha-beta regulatory T cell"": 78, ""CD4-positive, alpha-beta T cell"": 267, ""CD8-positive, alpha-beta T cell"": 1450, ""IgA plasma cell"": 10, ""IgG plasma cell"": 8, ""MHC-II-positive classical monocyte"": 25, ""activated type II NK T cell"": 175, ""classical monocyte"": 2, ""collagen secreting cell"": 298, ""conventional dendritic cell"": 20, ""effector memory CD4-positive, alpha-beta T cell"": 16, ""effector memory CD8-positive, alpha-beta T cell"": 145, ""endothelial cell"": 649, ""endothelial cell of lymphatic vessel"": 1, ""epithelial cell"": 2, ""epithelial cell of proximal tubule"": 115, ""fibroblast"": 199, ""gamma-delta T cell"": 75, ""innate lymphoid cell"": 8, ""macrophage"": 302, ""mast cell"": 26, ""mucosal invariant T cell"": 50, ""naive thymus-derived CD4-positive, alpha-beta T cell"": 5, ""naive thymus-derived CD8-positive, alpha-beta T cell"": 21, ""natural killer cell"": 82, ""non-classical monocyte"": 13, ""pericyte"": 6, ""unknown"": 333, ""unswitched memory B cell"": 2}"
Homo sapiens,venous blood,10x 3' v2,"{""CD4-positive, alpha-beta T cell"": 6476, ""CD4-positive, alpha-beta thymocyte"": 5858, ""CD8-positive, alpha-beta T cell"": 2671, ""CD8-positive, alpha-beta thymocyte"": 2620}"
Homo sapiens,ventral part of telencephalon,10x 3' v3,"{""unknown"": 38022}"
Homo sapiens,ventral part of telencephalon,BD Rhapsody Whole Transcriptome Analysis,"{""unknown"": 9012}"
Homo sapiens,vermiform appendix,10x 3' v2,"{""IgA plasma cell"": 14, ""IgG plasma cell"": 1, ""colon epithelial cell"": 14, ""endothelial cell of artery"": 63, ""enterocyte of epithelium of large intestine"": 6, ""goblet cell"": 1, ""intestine goblet cell"": 2, ""plasma cell"": 1, ""stem cell"": 25, ""transit amplifying cell"": 8163, ""vein endothelial cell"": 12}"
Homo sapiens,vermiform appendix,10x 5' v2,"{""B cell"": 25, ""BEST4+ enterocyte"": 221, ""CD16-negative, CD56-bright natural killer cell, human"": 12, ""CD16-positive, CD56-dim natural killer cell, human"": 24, ""CD4-positive, alpha-beta T cell"": 88, ""CD4-positive, alpha-beta memory T cell"": 116, ""CD8-positive, alpha-beta T cell"": 30, ""CD8-positive, alpha-beta memory T cell"": 88, ""IgA plasma cell"": 944, ""IgG plasma cell"": 122, ""IgM plasma cell"": 36, ""Langerhans cell"": 10, ""M cell of gut"": 7, ""T follicular helper cell"": 171, ""T-helper 1 cell"": 2, ""T-helper 17 cell"": 106, ""TREM2-positive macrophage"": 15, ""activated CD4-positive, alpha-beta T cell"": 155, ""activated CD8-positive, alpha-beta T cell"": 18, ""capillary endothelial cell"": 100, ""central memory CD4-positive, alpha-beta T cell"": 141, ""colon epithelial cell"": 58, ""colonocyte"": 908, ""conventional dendritic cell"": 59, ""cycling T cell"": 12, ""dendritic cell, human"": 30, ""effector memory CD8-positive, alpha-beta T cell"": 247, ""endothelial cell of artery"": 230, ""endothelial cell of lymphatic vessel"": 411, ""enterocyte"": 5, ""enterocyte of epithelium of large intestine"": 48, ""epithelial cell"": 12, ""fibroblast"": 540, ""follicular B cell"": 20, ""follicular dendritic cell"": 4, ""gamma-delta T cell"": 106, ""gastrointestinal tract (lamina propria) macrophage"": 68, ""gastrointestinal tract (lamina propria) macrophage of large intestine"": 13, ""germinal center B cell"": 19, ""glial cell"": 35, ""goblet cell"": 20, ""group 3 innate lymphoid cell"": 56, ""innate lymphoid cell"": 13, ""intestinal crypt stem cell"": 1228, ""intestinal tuft cell"": 12, ""intestine goblet cell"": 326, ""macrophage"": 126, ""mast cell"": 164, ""memory B cell"": 684, ""monocyte"": 64, ""mucosal invariant T cell"": 46, ""myofibroblast cell"": 30, ""naive B cell"": 477, ""naive thymus-derived CD4-positive, alpha-beta T cell"": 844, ""naive thymus-derived CD8-positive, alpha-beta T cell"": 128, ""natural killer cell"": 15, ""pericyte"": 82, ""plasma cell"": 263, ""plasmablast"": 24, ""plasmacytoid dendritic cell"": 6, ""regulatory T cell"": 270, ""reticular cell"": 1, ""stem cell"": 60, ""stromal cell"": 527, ""transit amplifying cell"": 2374, ""tuft cell of colon"": 11, ""tuft cell of small intestine"": 24, ""type EC enteroendocrine cell"": 2, ""vascular associated smooth muscle cell"": 32, ""vein endothelial cell"": 150}"
Homo sapiens,vermiform appendix,microwell-seq,"{""B cell"": 1564, ""T cell"": 391, ""cord blood hematopoietic stem cell"": 3, ""dendritic cell"": 31, ""endothelial cell"": 4, ""enterocyte"": 190, ""epithelial cell"": 6, ""macrophage"": 4, ""mast cell"": 13, ""monocyte"": 4, ""plasma cell"": 2264, ""smooth muscle cell"": 3, ""stromal cell"": 9}"
Homo sapiens,visceral abdominal adipose tissue,10x 3' v3,"{""Schwann cell"": 152, ""adipocyte"": 13163, ""adipocyte of omentum tissue"": 11475, ""endothelial cell"": 4693, ""endothelial cell of lymphatic vessel"": 1169, ""fibro/adipogenic progenitor cell"": 8473, ""hematopoietic cell"": 23, ""lymphocyte"": 1295, ""macrophage"": 3518, ""mast cell"": 58, ""mesothelial cell"": 1938, ""myeloid cell"": 238, ""neuron associated cell"": 1584, ""pericyte"": 1763, ""smooth muscle cell"": 2239, ""unknown"": 2882}"
Homo sapiens,visceral fat,10x 3' v3,"{""B cell"": 364, ""T cell"": 2817, ""adipocyte"": 15460, ""adipocyte of omentum tissue"": 103981, ""endothelial cell"": 4893, ""endothelial cell of lymphatic vessel"": 1706, ""macrophage"": 6666, ""mast cell"": 459, ""mesenchymal stem cell of adipose tissue"": 46132, ""mesothelial cell"": 30080, ""monocyte"": 932, ""mural cell"": 2063, ""myeloid lineage restricted progenitor cell"": 2280, ""unknown"": 502}"
Homo sapiens,visual cortex,10x multiome,"{""Cajal-Retzius cell"": 27, ""GABAergic neuron"": 115, ""L2/3 intratelencephalic projecting glutamatergic neuron"": 38, ""L4 intratelencephalic projecting glutamatergic neuron"": 55, ""L5 extratelencephalic projecting glutamatergic cortical neuron"": 133, ""L5 intratelencephalic projecting glutamatergic neuron"": 117, ""L6 intratelencephalic projecting glutamatergic neuron"": 1085, ""L6b glutamatergic cortical neuron"": 1044, ""VIP GABAergic cortical interneuron"": 141, ""astrocyte"": 19, ""brain vascular cell"": 26, ""caudal ganglionic eminence derived cortical interneuron"": 329, ""committed oligodendrocyte precursor"": 21, ""corticothalamic-projecting glutamatergic cortical neuron"": 1035, ""forebrain radial glial cell"": 2408, ""glutamatergic neuron"": 8831, ""immature astrocyte"": 383, ""intratelencephalic-projecting glutamatergic cortical neuron"": 4586, ""lamp5 GABAergic cortical interneuron"": 9, ""medial ganglionic eminence derived GABAergic cortical interneuron"": 545, ""microglial cell"": 80, ""near-projecting glutamatergic cortical neuron"": 136, ""neural progenitor cell"": 1959, ""oligodendrocyte"": 4, ""oligodendrocyte precursor cell"": 135, ""pvalb GABAergic cortical interneuron"": 107, ""sncg GABAergic cortical interneuron"": 85, ""sst GABAergic cortical interneuron"": 386, ""unknown"": 136}"
Homo sapiens,white matter of cerebellum,10x 3' v3,"{""GABAergic neuron"": 1744, ""astrocyte"": 1557, ""capillary endothelial cell"": 1072, ""central nervous system macrophage"": 110, ""cerebellar granule cell"": 8678, ""committed oligodendrocyte precursor"": 306, ""endothelial cell of artery"": 336, ""ependymal cell"": 27, ""glutamatergic neuron"": 996, ""leukocyte"": 146, ""microglial cell"": 2562, ""mural cell"": 1076, ""neuron"": 52, ""oligodendrocyte"": 10924, ""oligodendrocyte precursor cell"": 2036, ""vascular associated smooth muscle cell"": 158}"
Homo sapiens,white matter of frontal lobe,10x 3' v3,"{""astrocyte"": 1878, ""endothelial cell"": 85, ""glutamatergic neuron"": 1255, ""inhibitory interneuron"": 250, ""microglial cell"": 214, ""oligodendrocyte"": 4979, ""oligodendrocyte precursor cell"": 834, ""vascular leptomeningeal cell"": 57}"
Homo sapiens,white matter of occipital lobe,10x 3' v3,"{""astrocyte"": 1039, ""endothelial cell"": 13, ""glutamatergic neuron"": 29, ""inhibitory interneuron"": 8, ""microglial cell"": 115, ""oligodendrocyte"": 1597, ""oligodendrocyte precursor cell"": 465, ""vascular leptomeningeal cell"": 9}"
Homo sapiens,white matter of parietal lobe,10x 3' v3,"{""astrocyte"": 446, ""endothelial cell"": 13, ""glutamatergic neuron"": 1, ""inhibitory interneuron"": 9, ""microglial cell"": 451, ""oligodendrocyte"": 5639, ""oligodendrocyte precursor cell"": 304, ""vascular leptomeningeal cell"": 38}"
Homo sapiens,white matter of temporal lobe,10x 3' v3,"{""astrocyte"": 860, ""endothelial cell"": 14, ""glutamatergic neuron"": 16, ""inhibitory interneuron"": 12, ""microglial cell"": 277, ""oligodendrocyte"": 2831, ""oligodendrocyte precursor cell"": 281, ""vascular leptomeningeal cell"": 15}"
Homo sapiens,yolk sac,10x 3' v2,"{""B-2 B cell"": 3, ""CD8-alpha-alpha-positive, alpha-beta intraepithelial T cell"": 12, ""Kupffer cell"": 702, ""Langerhans cell"": 3, ""common dendritic progenitor"": 117, ""common myeloid progenitor"": 75, ""dendritic cell"": 951, ""double negative thymocyte"": 21, ""early lymphoid progenitor"": 475, ""endothelial cell"": 1220, ""enteroendocrine cell"": 2, ""epithelial cell"": 440, ""epithelial cell of nephron"": 14, ""erythrocyte"": 5796, ""eurydendroid cell"": 18, ""fibroblast"": 142, ""fraction A pre-pro B cell"": 70, ""granulocyte"": 168, ""granulocyte monocyte progenitor cell"": 122, ""group 2 innate lymphoid cell"": 12, ""group 3 innate lymphoid cell"": 152, ""hematopoietic multipotent progenitor cell"": 749, ""hematopoietic stem cell"": 282, ""hepatocyte"": 1016, ""innate lymphoid cell"": 4, ""keratinocyte"": 48, ""macrophage"": 26109, ""mast cell"": 162, ""megakaryocyte"": 770, ""megakaryocyte-erythroid progenitor cell"": 592, ""mesothelial cell"": 344, ""monocyte"": 363, ""myelocyte"": 3, ""myofibroblast cell"": 4, ""naive thymus-derived CD4-positive, alpha-beta T cell"": 12, ""natural killer cell"": 240, ""neutrophil"": 6, ""plasmacytoid dendritic cell"": 30, ""pre-conventional dendritic cell"": 3, ""promonocyte"": 128, ""promyelocyte"": 79, ""regulatory T cell"": 4, ""smooth muscle cell"": 2, ""stromal cell"": 654, ""unknown"": 334, ""vascular associated smooth muscle cell"": 5580}"
Homo sapiens,yolk sac,10x 5' v1,"{""B-2 B cell"": 9, ""CD8-alpha-alpha-positive, alpha-beta intraepithelial T cell"": 24, ""Kupffer cell"": 90, ""T cell"": 12, ""common dendritic progenitor"": 18, ""common myeloid progenitor"": 84, ""dendritic cell"": 708, ""double negative thymocyte"": 96, ""early lymphoid progenitor"": 1138, ""endothelial cell"": 1830, ""epithelial cell"": 168, ""epithelial cell of nephron"": 2, ""erythrocyte"": 61041, ""eurydendroid cell"": 24, ""fibroblast"": 586, ""fraction A pre-pro B cell"": 198, ""glial cell"": 8, ""granulocyte"": 471, ""granulocyte monocyte progenitor cell"": 116, ""group 2 innate lymphoid cell"": 8, ""group 3 innate lymphoid cell"": 220, ""hematopoietic multipotent progenitor cell"": 489, ""hematopoietic stem cell"": 431, ""hepatocyte"": 258, ""innate lymphoid cell"": 8, ""large pre-B-II cell"": 12, ""macrophage"": 36324, ""mast cell"": 318, ""megakaryocyte"": 502, ""megakaryocyte-erythroid progenitor cell"": 554, ""mesothelial cell"": 210, ""monocyte"": 654, ""myelocyte"": 3, ""natural killer cell"": 232, ""neuron"": 4, ""plasmacytoid dendritic cell"": 39, ""pre-conventional dendritic cell"": 6, ""promonocyte"": 228, ""promyelocyte"": 109, ""unknown"": 938, ""vascular associated smooth muscle cell"": 13522}"
Homo sapiens,zone of skin,10x 3' v2,"{""T cell"": 1281, ""endothelial cell of lymphatic vessel"": 294, ""endothelial cell of vascular tree"": 1467, ""erythrocyte"": 310, ""keratinocyte"": 1399, ""macrophage"": 2228, ""melanocyte"": 123, ""pericyte"": 1220, ""skin fibroblast"": 5948, ""stem cell of epidermis"": 1187}"
Macaca mulatta,Brodmann (1909) area 19,sci-RNA-seq3,"{""GABAergic neuron"": 24298, ""astrocyte"": 3815, ""basket cell"": 33, ""brain vascular cell"": 1293, ""cerebellar neuron"": 115, ""dopaminergic neuron"": 51, ""ependymal cell"": 50, ""glutamatergic neuron"": 96119, ""medium spiny neuron"": 1274, ""microglial cell"": 257, ""neuron"": 103, ""oligodendrocyte"": 5086, ""oligodendrocyte precursor cell"": 1711, ""serotonergic neuron"": 93}"
Macaca mulatta,amygdala,sci-RNA-seq3,"{""GABAergic neuron"": 10584, ""astrocyte"": 10048, ""basket cell"": 17, ""brain vascular cell"": 1294, ""cerebellar neuron"": 32, ""dopaminergic neuron"": 39, ""ependymal cell"": 129, ""glutamatergic neuron"": 47970, ""medium spiny neuron"": 499, ""microglial cell"": 2383, ""neuron"": 44, ""oligodendrocyte"": 10244, ""oligodendrocyte precursor cell"": 3766, ""serotonergic neuron"": 52}"
Macaca mulatta,anterior cingulate cortex,sci-RNA-seq3,"{""GABAergic neuron"": 27019, ""astrocyte"": 14987, ""basket cell"": 15, ""brain vascular cell"": 10271, ""cerebellar neuron"": 51, ""dopaminergic neuron"": 177, ""ependymal cell"": 1013, ""glutamatergic neuron"": 116784, ""medium spiny neuron"": 1475, ""microglial cell"": 3184, ""neuron"": 117, ""oligodendrocyte"": 9093, ""oligodendrocyte precursor cell"": 4570, ""serotonergic neuron"": 217}"
Macaca mulatta,cerebellar vermis,sci-RNA-seq3,"{""GABAergic neuron"": 1066, ""astrocyte"": 2576, ""basket cell"": 37506, ""brain vascular cell"": 7302, ""cerebellar neuron"": 466517, ""dopaminergic neuron"": 68, ""ependymal cell"": 56, ""glutamatergic neuron"": 4266, ""medium spiny neuron"": 78, ""microglial cell"": 1791, ""neuron"": 137, ""oligodendrocyte"": 12072, ""oligodendrocyte precursor cell"": 3135, ""serotonergic neuron"": 204}"
Macaca mulatta,cerebrocerebellum,sci-RNA-seq3,"{""GABAergic neuron"": 952, ""astrocyte"": 1897, ""basket cell"": 55936, ""brain vascular cell"": 5841, ""cerebellar neuron"": 449079, ""dopaminergic neuron"": 119, ""ependymal cell"": 33, ""glutamatergic neuron"": 4006, ""medium spiny neuron"": 113, ""microglial cell"": 1313, ""neuron"": 171, ""oligodendrocyte"": 5975, ""oligodendrocyte precursor cell"": 3414, ""serotonergic neuron"": 521}"
Macaca mulatta,corpus callosum,sci-RNA-seq3,"{""GABAergic neuron"": 3417, ""astrocyte"": 5232, ""basket cell"": 19, ""brain vascular cell"": 2636, ""cerebellar neuron"": 35, ""dopaminergic neuron"": 12, ""ependymal cell"": 5056, ""glutamatergic neuron"": 12685, ""medium spiny neuron"": 4590, ""microglial cell"": 3869, ""neuron"": 18, ""oligodendrocyte"": 73688, ""oligodendrocyte precursor cell"": 2837, ""serotonergic neuron"": 30}"
Macaca mulatta,dorsolateral prefrontal cortex,10x 3' v3,"{""B cell"": 6, ""L2/3 intratelencephalic projecting glutamatergic neuron"": 36340, ""L5 extratelencephalic projecting glutamatergic cortical neuron"": 384, ""L5/6 near-projecting glutamatergic neuron of the primary motor cortex"": 1667, ""L6 corticothalamic-projecting glutamatergic cortical neuron"": 3170, ""L6 intratelencephalic projecting glutamatergic neuron of the primary motor cortex"": 5168, ""L6b glutamatergic cortical neuron"": 2948, ""T cell"": 185, ""VIP GABAergic cortical interneuron"": 4727, ""astrocyte"": 10933, ""chandelier pvalb GABAergic cortical interneuron"": 1147, ""endothelial cell"": 4456, ""erythroid lineage cell"": 111, ""inhibitory interneuron"": 2065, ""lamp5 GABAergic cortical interneuron"": 2974, ""macrophage"": 688, ""microglial cell"": 8058, ""myeloid cell"": 126, ""oligodendrocyte"": 21491, ""oligodendrocyte precursor cell"": 6286, ""pericyte"": 3415, ""pvalb GABAergic cortical interneuron"": 4981, ""smooth muscle cell"": 1183, ""sst GABAergic cortical interneuron"": 5945, ""vascular leptomeningeal cell"": 2578}"
Macaca mulatta,dorsolateral prefrontal cortex,sci-RNA-seq3,"{""GABAergic neuron"": 45314, ""astrocyte"": 10994, ""basket cell"": 90, ""brain vascular cell"": 2781, ""cerebellar neuron"": 156, ""dopaminergic neuron"": 96, ""ependymal cell"": 755, ""glutamatergic neuron"": 179491, ""medium spiny neuron"": 1860, ""microglial cell"": 689, ""neuron"": 221, ""oligodendrocyte"": 6493, ""oligodendrocyte precursor cell"": 3601, ""serotonergic neuron"": 224}"
Macaca mulatta,entorhinal cortex,sci-RNA-seq3,"{""GABAergic neuron"": 24131, ""astrocyte"": 19866, ""basket cell"": 72, ""brain vascular cell"": 6675, ""cerebellar neuron"": 232, ""dopaminergic neuron"": 158, ""ependymal cell"": 100, ""glutamatergic neuron"": 107002, ""medium spiny neuron"": 1023, ""microglial cell"": 7824, ""neuron"": 83, ""oligodendrocyte"": 14755, ""oligodendrocyte precursor cell"": 10230, ""serotonergic neuron"": 139}"
Macaca mulatta,head of caudate nucleus,sci-RNA-seq3,"{""GABAergic neuron"": 4844, ""astrocyte"": 10113, ""basket cell"": 43, ""brain vascular cell"": 3197, ""cerebellar neuron"": 51, ""dopaminergic neuron"": 39, ""ependymal cell"": 580, ""glutamatergic neuron"": 7923, ""medium spiny neuron"": 65589, ""microglial cell"": 3499, ""neuron"": 18, ""oligodendrocyte"": 16311, ""oligodendrocyte precursor cell"": 2764, ""serotonergic neuron"": 99}"
Macaca mulatta,hippocampal formation,sci-RNA-seq3,"{""GABAergic neuron"": 7839, ""astrocyte"": 10875, ""basket cell"": 55, ""brain vascular cell"": 1635, ""cerebellar neuron"": 149, ""dopaminergic neuron"": 36, ""ependymal cell"": 394, ""glutamatergic neuron"": 81651, ""medium spiny neuron"": 664, ""microglial cell"": 5115, ""neuron"": 48, ""oligodendrocyte"": 15442, ""oligodendrocyte precursor cell"": 4193, ""serotonergic neuron"": 45}"
Macaca mulatta,inferior parietal cortex,sci-RNA-seq3,"{""GABAergic neuron"": 32793, ""astrocyte"": 7999, ""basket cell"": 75, ""brain vascular cell"": 3056, ""cerebellar neuron"": 163, ""dopaminergic neuron"": 67, ""ependymal cell"": 30, ""glutamatergic neuron"": 127129, ""medium spiny neuron"": 623, ""microglial cell"": 475, ""neuron"": 202, ""oligodendrocyte"": 5713, ""oligodendrocyte precursor cell"": 2059, ""serotonergic neuron"": 267}"
Macaca mulatta,inferior temporal gyrus,sci-RNA-seq3,"{""GABAergic neuron"": 72541, ""astrocyte"": 25140, ""basket cell"": 57, ""brain vascular cell"": 14943, ""cerebellar neuron"": 101, ""dopaminergic neuron"": 346, ""ependymal cell"": 960, ""glutamatergic neuron"": 242706, ""medium spiny neuron"": 370, ""microglial cell"": 8948, ""neuron"": 282, ""oligodendrocyte"": 55358, ""oligodendrocyte precursor cell"": 15658, ""serotonergic neuron"": 341}"
Macaca mulatta,lateral geniculate body,sci-RNA-seq3,"{""GABAergic neuron"": 24224, ""astrocyte"": 5227, ""basket cell"": 145, ""brain vascular cell"": 698, ""cerebellar neuron"": 241, ""dopaminergic neuron"": 18, ""ependymal cell"": 8, ""glutamatergic neuron"": 4683, ""medium spiny neuron"": 75, ""microglial cell"": 419, ""neuron"": 22, ""oligodendrocyte"": 6852, ""oligodendrocyte precursor cell"": 896, ""serotonergic neuron"": 12}"
Macaca mulatta,lung,10x 3' v3,"{""B cell"": 2134, ""T cell"": 4058, ""club cell"": 726, ""dendritic cell"": 276, ""erythroid lineage cell"": 4405, ""fibroblast of lung"": 16729, ""granulocyte"": 9039, ""lung endothelial cell"": 43633, ""mucosal invariant T cell"": 1881, ""mucosal type mast cell"": 230, ""multiciliated epithelial cell of the bronchus"": 71, ""myeloid leukocyte"": 5763, ""platelet"": 68, ""pulmonary alveolar type 1 cell"": 12294, ""pulmonary alveolar type 2 cell"": 11469, ""smooth muscle cell"": 7266}"
Macaca mulatta,medial dorsal nucleus of thalamus,sci-RNA-seq3,"{""GABAergic neuron"": 35973, ""astrocyte"": 9563, ""basket cell"": 71, ""brain vascular cell"": 1064, ""cerebellar neuron"": 86, ""dopaminergic neuron"": 201, ""ependymal cell"": 29, ""glutamatergic neuron"": 10305, ""medium spiny neuron"": 224, ""microglial cell"": 1327, ""neuron"": 22, ""oligodendrocyte"": 18488, ""oligodendrocyte precursor cell"": 2935, ""serotonergic neuron"": 225}"
Macaca mulatta,medulla oblongata,sci-RNA-seq3,"{""GABAergic neuron"": 4715, ""astrocyte"": 4523, ""basket cell"": 299, ""brain vascular cell"": 419, ""cerebellar neuron"": 1097, ""dopaminergic neuron"": 65, ""ependymal cell"": 56, ""glutamatergic neuron"": 5257, ""medium spiny neuron"": 156, ""microglial cell"": 311, ""neuron"": 75, ""oligodendrocyte"": 7731, ""oligodendrocyte precursor cell"": 557, ""serotonergic neuron"": 67}"
Macaca mulatta,midbrain,sci-RNA-seq3,"{""GABAergic neuron"": 107286, ""astrocyte"": 23814, ""basket cell"": 10566, ""brain vascular cell"": 42975, ""cerebellar neuron"": 29197, ""dopaminergic neuron"": 4810, ""ependymal cell"": 6110, ""glutamatergic neuron"": 34731, ""medium spiny neuron"": 508, ""microglial cell"": 28048, ""neuron"": 161, ""oligodendrocyte"": 133336, ""oligodendrocyte precursor cell"": 13671, ""serotonergic neuron"": 2905}"
Macaca mulatta,middle temporal gyrus,10x 3' v3,"{""L2/3-6 intratelencephalic projecting glutamatergic neuron"": 41057, ""L5 extratelencephalic projecting glutamatergic cortical neuron"": 89, ""L6b glutamatergic cortical neuron"": 2275, ""VIP GABAergic cortical interneuron"": 7515, ""astrocyte of the cerebral cortex"": 838, ""caudal ganglionic eminence derived cortical interneuron"": 789, ""cerebral cortex endothelial cell"": 67, ""chandelier pvalb GABAergic cortical interneuron"": 773, ""corticothalamic-projecting glutamatergic cortical neuron"": 2109, ""lamp5 GABAergic cortical interneuron"": 4793, ""microglial cell"": 942, ""near-projecting glutamatergic cortical neuron"": 1440, ""oligodendrocyte"": 9445, ""oligodendrocyte precursor cell"": 2087, ""pvalb GABAergic cortical interneuron"": 4691, ""sncg GABAergic cortical interneuron"": 1544, ""sst GABAergic cortical interneuron"": 8569, ""vascular leptomeningeal cell"": 113}"
Macaca mulatta,nucleus accumbens,sci-RNA-seq3,"{""GABAergic neuron"": 9118, ""astrocyte"": 7194, ""basket cell"": 77, ""brain vascular cell"": 2772, ""cerebellar neuron"": 59, ""dopaminergic neuron"": 104, ""ependymal cell"": 80, ""glutamatergic neuron"": 14559, ""medium spiny neuron"": 39087, ""microglial cell"": 4230, ""neuron"": 27, ""oligodendrocyte"": 14441, ""oligodendrocyte precursor cell"": 3712, ""serotonergic neuron"": 117}"
Macaca mulatta,perirhinal cortex,sci-RNA-seq3,"{""GABAergic neuron"": 26153, ""astrocyte"": 12347, ""basket cell"": 53, ""brain vascular cell"": 2931, ""cerebellar neuron"": 672, ""dopaminergic neuron"": 147, ""ependymal cell"": 16, ""glutamatergic neuron"": 106234, ""medium spiny neuron"": 618, ""microglial cell"": 1343, ""neuron"": 75, ""oligodendrocyte"": 3200, ""oligodendrocyte precursor cell"": 4439, ""serotonergic neuron"": 138}"
Macaca mulatta,pons,sci-RNA-seq3,"{""GABAergic neuron"": 18267, ""astrocyte"": 3222, ""basket cell"": 4410, ""brain vascular cell"": 10842, ""cerebellar neuron"": 3349, ""dopaminergic neuron"": 1099, ""ependymal cell"": 79, ""glutamatergic neuron"": 12425, ""medium spiny neuron"": 218, ""microglial cell"": 5652, ""neuron"": 52, ""oligodendrocyte"": 53810, ""oligodendrocyte precursor cell"": 2256, ""serotonergic neuron"": 214}"
Macaca mulatta,prefrontal cortex,sci-RNA-seq3,"{""GABAergic neuron"": 134211, ""astrocyte"": 59418, ""basket cell"": 124, ""brain vascular cell"": 39060, ""cerebellar neuron"": 592, ""dopaminergic neuron"": 490, ""ependymal cell"": 1672, ""glutamatergic neuron"": 438044, ""medium spiny neuron"": 4023, ""microglial cell"": 15635, ""neuron"": 659, ""oligodendrocyte"": 52295, ""oligodendrocyte precursor cell"": 19479, ""serotonergic neuron"": 430}"
Macaca mulatta,primary auditory cortex,sci-RNA-seq3,"{""GABAergic neuron"": 53414, ""astrocyte"": 18647, ""basket cell"": 589, ""brain vascular cell"": 13047, ""cerebellar neuron"": 798, ""dopaminergic neuron"": 327, ""ependymal cell"": 280, ""glutamatergic neuron"": 145825, ""medium spiny neuron"": 424, ""microglial cell"": 5975, ""neuron"": 183, ""oligodendrocyte"": 20496, ""oligodendrocyte precursor cell"": 7610, ""serotonergic neuron"": 376}"
Macaca mulatta,primary motor cortex,10x 3' v3,"{""glutamatergic neuron"": 4837}"
Macaca mulatta,primary motor cortex,sci-RNA-seq3,"{""GABAergic neuron"": 40232, ""astrocyte"": 11451, ""basket cell"": 112, ""brain vascular cell"": 3029, ""cerebellar neuron"": 159, ""dopaminergic neuron"": 82, ""ependymal cell"": 14, ""glutamatergic neuron"": 125882, ""medium spiny neuron"": 409, ""microglial cell"": 638, ""neuron"": 352, ""oligodendrocyte"": 18016, ""oligodendrocyte precursor cell"": 2940, ""serotonergic neuron"": 132}"
Macaca mulatta,primary somatosensory cortex,sci-RNA-seq3,"{""GABAergic neuron"": 39229, ""astrocyte"": 14570, ""basket cell"": 61, ""brain vascular cell"": 4264, ""cerebellar neuron"": 112, ""dopaminergic neuron"": 71, ""ependymal cell"": 19, ""glutamatergic neuron"": 137533, ""medium spiny neuron"": 464, ""microglial cell"": 1452, ""neuron"": 152, ""oligodendrocyte"": 17967, ""oligodendrocyte precursor cell"": 3813, ""serotonergic neuron"": 185}"
Macaca mulatta,primary visual cortex,sci-RNA-seq3,"{""GABAergic neuron"": 104306, ""astrocyte"": 27021, ""basket cell"": 219, ""brain vascular cell"": 15006, ""cerebellar neuron"": 2562, ""dopaminergic neuron"": 232, ""ependymal cell"": 73, ""glutamatergic neuron"": 578831, ""medium spiny neuron"": 671, ""microglial cell"": 7364, ""neuron"": 484, ""oligodendrocyte"": 59598, ""oligodendrocyte precursor cell"": 12172, ""serotonergic neuron"": 649}"
Macaca mulatta,superior parietal cortex,sci-RNA-seq3,"{""GABAergic neuron"": 69735, ""astrocyte"": 16480, ""basket cell"": 928, ""brain vascular cell"": 9224, ""cerebellar neuron"": 2133, ""dopaminergic neuron"": 502, ""ependymal cell"": 525, ""glutamatergic neuron"": 217309, ""medium spiny neuron"": 792, ""microglial cell"": 5507, ""neuron"": 472, ""oligodendrocyte"": 52118, ""oligodendrocyte precursor cell"": 6783, ""serotonergic neuron"": 434}"
Macaca mulatta,superior temporal sulcus,sci-RNA-seq3,"{""GABAergic neuron"": 11762, ""astrocyte"": 3522, ""basket cell"": 56, ""brain vascular cell"": 395, ""cerebellar neuron"": 191, ""dopaminergic neuron"": 22, ""ependymal cell"": 8, ""glutamatergic neuron"": 50179, ""medium spiny neuron"": 290, ""microglial cell"": 120, ""neuron"": 68, ""oligodendrocyte"": 1558, ""oligodendrocyte precursor cell"": 881, ""serotonergic neuron"": 57}"
Macaca mulatta,ventral lateral nucleus of thalamus,sci-RNA-seq3,"{""GABAergic neuron"": 25131, ""astrocyte"": 11583, ""basket cell"": 49, ""brain vascular cell"": 2550, ""cerebellar neuron"": 90, ""dopaminergic neuron"": 13, ""ependymal cell"": 8, ""glutamatergic neuron"": 17712, ""medium spiny neuron"": 150, ""microglial cell"": 3221, ""neuron"": 33, ""oligodendrocyte"": 28070, ""oligodendrocyte precursor cell"": 3173, ""serotonergic neuron"": 72}"
Mus musculus,adipose tissue,10x 3' v2,"{""B cell"": 2049, ""T cell"": 1689, ""endothelial cell"": 4425, ""epithelial cell"": 435, ""erythroblast"": 276, ""lymphocyte"": 165, ""mesenchymal stem cell of adipose tissue"": 5679, ""myeloid cell"": 5613}"
Mus musculus,agranular insular cortex,10x 3' v2,"{""Cajal-Retzius cell"": 8, ""L2/3-6 intratelencephalic projecting glutamatergic neuron"": 5378, ""L4/5 intratelencephalic projecting glutamatergic neuron of the primary motor cortex"": 9927, ""L5 extratelencephalic projecting glutamatergic cortical neuron"": 672, ""L5/6 near-projecting glutamatergic neuron of the primary motor cortex"": 2560, ""L6 corticothalamic-projecting glutamatergic cortical neuron"": 9528, ""L6 intratelencephalic projecting glutamatergic neuron of the primary motor cortex"": 4250, ""L6b glutamatergic cortical neuron"": 346, ""VIP GABAergic cortical interneuron"": 2679, ""astrocyte"": 114, ""central nervous system macrophage"": 14, ""corticothalamic-projecting glutamatergic cortical neuron"": 5297, ""endothelial cell"": 21, ""lamp5 GABAergic cortical interneuron"": 2722, ""meis2 expressing cortical GABAergic cell"": 1, ""oligodendrocyte"": 625, ""pericyte"": 1, ""pvalb GABAergic cortical interneuron"": 2618, ""sncg GABAergic cortical interneuron"": 1057, ""sst GABAergic cortical interneuron"": 4360, ""sst chodl GABAergic cortical interneuron"": 246, ""vascular leptomeningeal cell (Mmus)"": 4}"
Mus musculus,agranular insular cortex,Smart-seq v4,"{""L2/3-6 intratelencephalic projecting glutamatergic neuron"": 194, ""L4/5 intratelencephalic projecting glutamatergic neuron of the primary motor cortex"": 267, ""L5 extratelencephalic projecting glutamatergic cortical neuron"": 11, ""L5/6 near-projecting glutamatergic neuron of the primary motor cortex"": 63, ""L6 corticothalamic-projecting glutamatergic cortical neuron"": 167, ""L6 intratelencephalic projecting glutamatergic neuron of the primary motor cortex"": 178, ""L6b glutamatergic cortical neuron"": 13, ""VIP GABAergic cortical interneuron"": 109, ""astrocyte"": 3, ""corticothalamic-projecting glutamatergic cortical neuron"": 226, ""lamp5 GABAergic cortical interneuron"": 99, ""meis2 expressing cortical GABAergic cell"": 2, ""oligodendrocyte"": 1, ""pvalb GABAergic cortical interneuron"": 70, ""sncg GABAergic cortical interneuron"": 41, ""sst GABAergic cortical interneuron"": 78, ""sst chodl GABAergic cortical interneuron"": 6}"
Mus musculus,anterior cingulate cortex,10x 3' v2,"{""Cajal-Retzius cell"": 7, ""L2/3-6 intratelencephalic projecting glutamatergic neuron"": 8773, ""L4/5 intratelencephalic projecting glutamatergic neuron of the primary motor cortex"": 14257, ""L5 extratelencephalic projecting glutamatergic cortical neuron"": 1016, ""L5/6 near-projecting glutamatergic neuron of the primary motor cortex"": 2447, ""L6 corticothalamic-projecting glutamatergic cortical neuron"": 13626, ""L6 intratelencephalic projecting glutamatergic neuron of the primary motor cortex"": 5625, ""L6b glutamatergic cortical neuron"": 971, ""VIP GABAergic cortical interneuron"": 3162, ""astrocyte"": 85, ""central nervous system macrophage"": 19, ""cortical interneuron"": 5, ""endothelial cell"": 22, ""hippocampal neuron"": 191, ""lamp5 GABAergic cortical interneuron"": 2535, ""oligodendrocyte"": 178, ""pericyte"": 8, ""pvalb GABAergic cortical interneuron"": 1144, ""pyramidal neuron"": 481, ""sncg GABAergic cortical interneuron"": 768, ""sst GABAergic cortical interneuron"": 2805, ""sst chodl GABAergic cortical interneuron"": 89, ""vascular leptomeningeal cell (Mmus)"": 5}"
Mus musculus,anterior cingulate cortex,Smart-seq v4,"{""L2/3-6 intratelencephalic projecting glutamatergic neuron"": 520, ""L4/5 intratelencephalic projecting glutamatergic neuron of the primary motor cortex"": 1222, ""L5 extratelencephalic projecting glutamatergic cortical neuron"": 59, ""L5/6 near-projecting glutamatergic neuron of the primary motor cortex"": 317, ""L6 corticothalamic-projecting glutamatergic cortical neuron"": 1512, ""L6 intratelencephalic projecting glutamatergic neuron of the primary motor cortex"": 354, ""L6b glutamatergic cortical neuron"": 417, ""VIP GABAergic cortical interneuron"": 248, ""astrocyte"": 1, ""endothelial cell"": 6, ""lamp5 GABAergic cortical interneuron"": 51, ""meis2 expressing cortical GABAergic cell"": 2, ""oligodendrocyte"": 6, ""pvalb GABAergic cortical interneuron"": 164, ""pyramidal neuron"": 1, ""sncg GABAergic cortical interneuron"": 44, ""sst GABAergic cortical interneuron"": 164, ""sst chodl GABAergic cortical interneuron"": 10, ""vascular leptomeningeal cell (Mmus)"": 1}"
Mus musculus,aorta,Smart-seq2,"{""aortic endothelial cell"": 1401, ""epithelial cell"": 54, ""fibroblast of cardiac tissue"": 645, ""fibrocyte"": 132, ""macrophage"": 96, ""professional antigen presenting cell"": 390}"
Mus musculus,auditory cortex,10x 3' v2,"{""Cajal-Retzius cell"": 2, ""L2/3-6 intratelencephalic projecting glutamatergic neuron"": 9428, ""L4/5 intratelencephalic projecting glutamatergic neuron of the primary motor cortex"": 30272, ""L5 extratelencephalic projecting glutamatergic cortical neuron"": 969, ""L5/6 near-projecting glutamatergic neuron of the primary motor cortex"": 2264, ""L6 corticothalamic-projecting glutamatergic cortical neuron"": 7713, ""L6 intratelencephalic projecting glutamatergic neuron of the primary motor cortex"": 5806, ""L6b glutamatergic cortical neuron"": 1004, ""VIP GABAergic cortical interneuron"": 2078, ""astrocyte"": 114, ""central nervous system macrophage"": 14, ""corticothalamic-projecting glutamatergic cortical neuron"": 4043, ""endothelial cell"": 40, ""lamp5 GABAergic cortical interneuron"": 2047, ""oligodendrocyte"": 715, ""pericyte"": 8, ""pvalb GABAergic cortical interneuron"": 1438, ""sncg GABAergic cortical interneuron"": 534, ""sst GABAergic cortical interneuron"": 2424, ""sst chodl GABAergic cortical interneuron"": 135, ""vascular leptomeningeal cell (Mmus)"": 12}"
Mus musculus,auditory cortex,Smart-seq v4,"{""L2/3-6 intratelencephalic projecting glutamatergic neuron"": 249, ""L4/5 intratelencephalic projecting glutamatergic neuron of the primary motor cortex"": 415, ""L5 extratelencephalic projecting glutamatergic cortical neuron"": 18, ""L5/6 near-projecting glutamatergic neuron of the primary motor cortex"": 27, ""L6 corticothalamic-projecting glutamatergic cortical neuron"": 145, ""L6 intratelencephalic projecting glutamatergic neuron of the primary motor cortex"": 97, ""L6b glutamatergic cortical neuron"": 10, ""VIP GABAergic cortical interneuron"": 114, ""astrocyte"": 55, ""corticothalamic-projecting glutamatergic cortical neuron"": 67, ""lamp5 GABAergic cortical interneuron"": 81, ""meis2 expressing cortical GABAergic cell"": 1, ""oligodendrocyte"": 1, ""pvalb GABAergic cortical interneuron"": 73, ""sncg GABAergic cortical interneuron"": 18, ""sst GABAergic cortical interneuron"": 115, ""sst chodl GABAergic cortical interneuron"": 3}"
Mus musculus,autopod skin,10x 3' v3,"{""Schwann cell"": 380, ""chondrocyte"": 995, ""endothelial cell"": 538, ""fibroblast"": 7037, ""fibroblast of lymphatic vessel"": 534, ""innate lymphoid cell"": 1043, ""keratinocyte"": 5284, ""mast cell"": 110, ""neutrophil"": 612, ""pericyte"": 578, ""professional antigen presenting cell"": 1377}"
Mus musculus,barrel cortex,10x 3' v3,"{""microglial cell"": 12330}"
Mus musculus,bladder lumen,10x 3' v2,"{""bladder cell"": 9009, ""bladder urothelial cell"": 15693, ""endothelial cell"": 1038, ""leukocyte"": 1095}"
Mus musculus,bladder lumen,Smart-seq2,"{""bladder cell"": 3036, ""bladder urothelial cell"": 4260}"
Mus musculus,blood,10x 3' v3,"{""B cell"": 9948, ""T cell"": 25077, ""cardiac muscle cell"": 1, ""dendritic cell"": 814, ""fibroblast"": 95, ""granulocyte"": 27176, ""hepatocyte"": 18, ""macrophage"": 9423, ""monocyte"": 16157, ""natural killer cell"": 1819, ""unknown"": 305}"
Mus musculus,bone marrow,10x 3' v2,"{""basophil"": 372, ""erythroblast"": 7080, ""erythroid progenitor cell, mammalian"": 1227, ""granulocyte"": 33168, ""granulocytopoietic cell"": 22797, ""hematopoietic precursor cell"": 6432, ""immature B cell"": 2478, ""late pro-B cell"": 1596, ""macrophage"": 2964, ""megakaryocyte-erythroid progenitor cell"": 5622, ""monocyte"": 7179, ""naive B cell"": 1194, ""naive T cell"": 4704, ""natural killer cell"": 447, ""plasma cell"": 1335, ""precursor B cell"": 2745, ""proerythroblast"": 10839, ""promonocyte"": 8481}"
Mus musculus,bone marrow,10x 5' v1,"{""B cell"": 8211, ""CD4-positive, alpha-beta T cell"": 310, ""CD8-positive, alpha-beta T cell"": 1040, ""conventional dendritic cell"": 188, ""endothelial cell"": 21, ""eosinophil"": 221, ""innate lymphoid cell"": 58, ""macrophage"": 107, ""mast cell"": 1, ""monocyte"": 5687, ""natural killer cell"": 340, ""neutrophil"": 18137, ""plasma cell"": 363, ""plasmacytoid dendritic cell"": 638, ""stromal cell"": 166}"
Mus musculus,bone marrow,Smart-seq2,"{""CD4-positive, alpha-beta T cell"": 840, ""basophil"": 213, ""early pro-B cell"": 216, ""granulocyte"": 8676, ""granulocyte monocyte progenitor cell"": 750, ""granulocytopoietic cell"": 1449, ""hematopoietic stem cell"": 9918, ""immature B cell"": 1767, ""late pro-B cell"": 1233, ""lymphoid lineage restricted progenitor cell"": 39, ""macrophage"": 1311, ""mature alpha-beta T cell"": 990, ""megakaryocyte-erythroid progenitor cell"": 240, ""naive B cell"": 8877, ""natural killer cell"": 1419, ""precursor B cell"": 2568, ""promonocyte"": 3045}"
Mus musculus,brain,10x 3' v2,"{""B cell"": 272, ""CD4-positive, alpha-beta T cell"": 32, ""CD8-positive, alpha-beta T cell"": 257, ""conventional dendritic cell"": 25, ""endothelial cell"": 2302, ""innate lymphoid cell"": 70, ""macrophage"": 1221, ""mast cell"": 1, ""monocyte"": 93, ""natural killer cell"": 109, ""neuron"": 6, ""neutrophil"": 229, ""plasma cell"": 1, ""stromal cell"": 2}"
Mus musculus,brain,10x 3' v3,"{""B cell"": 1109, ""CD4-positive, CD25-positive, alpha-beta regulatory T cell"": 412, ""CD4-positive, alpha-beta T cell"": 327, ""CD8-positive, alpha-beta T cell"": 210, ""T cell"": 633, ""astrocyte"": 9563, ""cell"": 339, ""choroid plexus epithelial cell"": 85, ""classical monocyte"": 4440, ""conventional dendritic cell"": 3392, ""effector CD4-positive, alpha-beta T cell"": 188, ""effector memory CD8-positive, alpha-beta T cell"": 233, ""endothelial cell"": 3962, ""endothelial cell of high endothelial venule"": 853, ""exhausted T cell"": 290, ""fibroblast"": 450, ""gamma-delta T cell"": 128, ""inhibitory interneuron"": 5999, ""innate lymphoid cell"": 243, ""macrophage"": 19241, ""mature NK T cell"": 54, ""mature neutrophil"": 1177, ""medium spiny neuron"": 9847, ""memory T cell"": 223, ""microglial cell"": 17555, ""monocyte"": 315, ""naive thymus-derived CD4-positive, alpha-beta T cell"": 113, ""naive thymus-derived CD8-positive, alpha-beta T cell"": 392, ""natural killer cell"": 973, ""neoplastic cell"": 41913, ""neuron"": 30715, ""neutrophil"": 11, ""oligodendrocyte"": 18254, ""oligodendrocyte precursor cell"": 5766, ""pericyte"": 1111, ""plasma cell"": 169, ""plasmacytoid dendritic cell"": 350, ""smooth muscle cell"": 67, ""stromal cell"": 451, ""vascular leptomeningeal cell"": 350}"
Mus musculus,brain,Smart-seq2,"{""Bergmann glial cell"": 162, ""CD8-positive, alpha-beta T cell"": 312, ""T cell"": 201, ""astrocyte"": 1776, ""brain pericyte"": 1452, ""endothelial cell"": 6696, ""ependymal cell"": 165, ""interneuron"": 720, ""macrophage"": 936, ""mature NK T cell"": 51, ""medium spiny neuron"": 309, ""microglial cell"": 39804, ""neural stem cell"": 291, ""neuroepithelial stem cell"": 453, ""neuron"": 1452, ""oligodendrocyte"": 6282, ""oligodendrocyte precursor cell"": 936}"
Mus musculus,brain gray matter,10x 3' v3,"{""microglial cell"": 5262, ""oligodendrocyte"": 1408}"
Mus musculus,brain meninx,10x 3' v2,"{""B cell"": 1, ""CD4-positive, alpha-beta T cell"": 805, ""CD8-positive, alpha-beta T cell"": 1314, ""conventional dendritic cell"": 27, ""endothelial cell"": 5, ""innate lymphoid cell"": 58, ""macrophage"": 78, ""monocyte"": 4, ""natural killer cell"": 12, ""plasma cell"": 9, ""plasmacytoid dendritic cell"": 3, ""stromal cell"": 28}"
Mus musculus,brain white matter,10x 3' v3,"{""microglial cell"": 10339, ""oligodendrocyte"": 4643}"
Mus musculus,brown adipose tissue,Smart-seq2,"{""B cell"": 1587, ""T cell"": 465, ""endothelial cell"": 1239, ""epithelial cell"": 339, ""mesenchymal stem cell of adipose tissue"": 615, ""myeloid cell"": 2280, ""natural killer cell"": 144}"
Mus musculus,caecum,10x 5' v2,"{""B cell zone reticular cell"": 734, ""CD103-positive dendritic cell"": 112, ""CD4-positive, alpha-beta memory T cell"": 26, ""CD8-alpha-positive CD11b-negative dendritic cell"": 20, ""IgM plasmablast"": 44, ""T-helper 17 cell"": 50, ""conventional dendritic cell"": 38, ""dendritic cell"": 14, ""endothelial cell"": 154, ""endothelial cell of lymphatic vessel"": 38, ""epithelial cell"": 3, ""fibroblast"": 218, ""gamma-delta T cell"": 156, ""germinal center B cell"": 1440, ""group 2 innate lymphoid cell"": 38, ""group 3 innate lymphoid cell"": 10, ""macrophage"": 106, ""mast cell"": 6, ""memory B cell"": 352, ""monocyte"": 50, ""myofibroblast cell"": 2, ""naive B cell"": 348, ""naive thymus-derived CD4-positive, alpha-beta T cell"": 978, ""naive thymus-derived CD8-positive, alpha-beta T cell"": 882, ""neutrophil"": 16, ""pericyte"": 64, ""plasma cell"": 416, ""plasmacytoid dendritic cell"": 14, ""regulatory T cell"": 188}"
Mus musculus,cerebellar hemisphere,10x 3' v2,"{""Bergmann glial cell"": 33, ""GABAergic neuron"": 1, ""Purkinje cell"": 7, ""brain vascular cell"": 2, ""cerebellar granule cell"": 2537, ""erythroid lineage cell"": 1, ""glutamatergic neuron"": 3, ""interneuron"": 169, ""macroglial cell"": 24, ""meningeal macrophage"": 10, ""microglial cell"": 4, ""neuroblast (sensu Vertebrata)"": 1, ""oligodendrocyte"": 62, ""unknown"": 117}"
Mus musculus,cerebellum,10x 3' v2,"{""Bergmann glial cell"": 86, ""GABAergic neuron"": 2192, ""Purkinje cell"": 13786, ""brain vascular cell"": 127, ""central nervous system macrophage"": 76, ""cerebellar granule cell"": 15299, ""cerebellar granule cell precursor"": 6198, ""ependymal cell"": 55, ""erythroid lineage cell"": 49, ""glioblast"": 673, ""glutamatergic neuron"": 2296, ""immature astrocyte"": 783, ""interneuron"": 4094, ""macroglial cell"": 19182, ""meningeal macrophage"": 276, ""microglial cell"": 253, ""neuroblast (sensu Vertebrata)"": 10281, ""noradrenergic cell"": 48, ""oligodendrocyte"": 686, ""unipolar brush cell"": 1067, ""unknown"": 7201}"
Mus musculus,cerebellum,10x 3' v3,"{""Bergmann glial cell"": 17560, ""GABAergic neuron"": 942, ""Purkinje cell"": 21112, ""astrocyte of the cerebellum"": 16717, ""brain vascular cell"": 37, ""central nervous system macrophage"": 3, ""cerebellar Golgi cell"": 3989, ""cerebellar granule cell"": 483201, ""cerebellar granule cell precursor"": 604, ""endothelial cell"": 2271, ""endothelial stalk cell"": 6142, ""ependymal cell"": 836, ""erythroid lineage cell"": 21, ""fibroblast"": 5333, ""glioblast"": 100, ""glutamatergic neuron"": 2835, ""immature astrocyte"": 27, ""inhibitory interneuron"": 32716, ""interneuron"": 14074, ""macroglial cell"": 6578, ""macrophage"": 280, ""meningeal macrophage"": 297, ""microglial cell"": 1331, ""motor neuron"": 35, ""neuroblast (sensu Vertebrata)"": 4038, ""noradrenergic cell"": 43, ""oligodendrocyte"": 13496, ""oligodendrocyte precursor cell"": 2121, ""unipolar brush cell"": 141, ""unknown"": 1757}"
Mus musculus,cerebral cortex,10x 3' v3,"{""L2/3 intratelencephalic projecting glutamatergic neuron"": 55831, ""L4/5 intratelencephalic projecting glutamatergic neuron"": 43558, ""L5 extratelencephalic projecting glutamatergic cortical neuron"": 14485, ""L5 intratelencephalic projecting glutamatergic neuron"": 32230, ""L5/6 near-projecting glutamatergic neuron"": 9728, ""L6 corticothalamic-projecting glutamatergic cortical neuron"": 22624, ""L6 intratelencephalic projecting glutamatergic neuron"": 7873, ""L6b glutamatergic cortical neuron"": 295, ""VIP GABAergic cortical interneuron"": 6152, ""astrocyte"": 33635, ""endothelial cell"": 7212, ""lamp5 GABAergic cortical interneuron"": 6256, ""microglial cell"": 10338, ""oligodendrocyte"": 22195, ""oligodendrocyte precursor cell"": 47692, ""pericyte"": 2258, ""perivascular macrophage"": 830, ""pvalb GABAergic cortical interneuron"": 13067, ""smooth muscle cell"": 2, ""sncg GABAergic cortical interneuron"": 1333, ""sst GABAergic cortical interneuron"": 10490, ""vascular leptomeningeal cell"": 4187}"
Mus musculus,claustrum of brain,Smart-seq v4,"{""corticothalamic-projecting glutamatergic cortical neuron"": 1}"
Mus musculus,coronal suture,10x 3' v2,"{""B cell"": 2, ""CD4-positive, alpha-beta T cell"": 2, ""CD8-positive, alpha-beta T cell"": 1, ""conventional dendritic cell"": 24, ""endothelial cell"": 411, ""macrophage"": 680, ""mast cell"": 264, ""monocyte"": 47, ""natural killer cell"": 2, ""neuron"": 42, ""neutrophil"": 14, ""stromal cell"": 13638}"
Mus musculus,cortex of kidney,10x 3' v2,"{""B cell"": 11, ""T cell"": 32, ""dendritic cell"": 10, ""endothelial cell"": 3963, ""epithelial cell of proximal tubule"": 4563, ""fibroblast"": 5, ""glomerular endothelial cell"": 349, ""kidney afferent arteriole endothelial cell"": 33, ""kidney collecting duct epithelial cell"": 1, ""kidney collecting duct principal cell"": 75, ""kidney connecting tubule epithelial cell"": 27, ""kidney cortex tubule cell"": 5, ""kidney distal convoluted tubule epithelial cell"": 129, ""kidney efferent arteriole endothelial cell"": 9, ""kidney glomerular epithelial cell"": 1, ""kidney loop of Henle cortical thick ascending limb epithelial cell"": 283, ""kidney loop of Henle epithelial cell"": 47, ""kidney loop of Henle medullary thick ascending limb epithelial cell"": 65, ""kidney loop of Henle thin ascending limb epithelial cell"": 7, ""kidney loop of Henle thin descending limb epithelial cell"": 3, ""macrophage"": 70, ""natural killer cell"": 2, ""pericyte"": 3, ""renal alpha-intercalated cell"": 18, ""renal beta-intercalated cell"": 37, ""unknown"": 163, ""vasa recta descending limb cell"": 25}"
Mus musculus,cortex of kidney,Drop-seq,"{""T cell"": 3, ""endothelial cell"": 37, ""epithelial cell of proximal tubule"": 2374, ""fibroblast"": 2, ""glomerular endothelial cell"": 10, ""kidney collecting duct principal cell"": 83, ""kidney connecting tubule epithelial cell"": 121, ""kidney cortex tubule cell"": 3, ""kidney distal convoluted tubule epithelial cell"": 248, ""kidney loop of Henle cortical thick ascending limb epithelial cell"": 27, ""kidney loop of Henle medullary thick ascending limb epithelial cell"": 12, ""kidney loop of Henle thin ascending limb epithelial cell"": 24, ""macrophage"": 16, ""pericyte"": 2, ""podocyte"": 17, ""renal alpha-intercalated cell"": 30, ""renal beta-intercalated cell"": 31, ""unknown"": 84}"
Mus musculus,diaphragm,Smart-seq2,"{""B cell"": 369, ""T cell"": 165, ""endothelial cell"": 654, ""macrophage"": 228, ""mesenchymal stem cell"": 1482, ""skeletal muscle satellite cell"": 2676}"
Mus musculus,diencephalon,10x 3' v3,"{""GABAergic neuron"": 73328, ""blood vessel endothelial cell"": 4651, ""ependymal cell"": 1915, ""erythrocyte"": 3397, ""glioblast"": 33227, ""glutamatergic neuron"": 135256, ""hypendymal cell"": 2337, ""microglial cell"": 1407, ""neural progenitor cell"": 21758, ""neuron"": 4275, ""oligodendrocyte precursor cell"": 4586, ""vascular leptomeningeal cell"": 3638}"
Mus musculus,dorsal root ganglion,10x 3' transcription profiling,"{""sensory neuron of dorsal root ganglion"": 5874}"
Mus musculus,dorsal root ganglion,10x 3' v2,"{""B cell"": 230, ""connective tissue cell"": 4049, ""endothelial cell"": 3180, ""fibroblast"": 473, ""glial cell"": 10185, ""macrophage"": 5695, ""neutrophil"": 416, ""pericyte"": 1205, ""sensory neuron of dorsal root ganglion"": 16596, ""smooth muscle cell"": 1176}"
Mus musculus,dorsal root ganglion,10x 3' v3,"{""B cell"": 661, ""connective tissue cell"": 270, ""endothelial cell"": 2075, ""fibroblast"": 554, ""glial cell"": 2041, ""macrophage"": 2182, ""neutrophil"": 1333, ""pericyte"": 362, ""sensory neuron of dorsal root ganglion"": 91822, ""smooth muscle cell"": 258}"
Mus musculus,dorsal root ganglion,10x multiome,"{""B cell"": 736, ""connective tissue cell"": 111, ""endothelial cell"": 478, ""fibroblast"": 682, ""glial cell"": 450, ""macrophage"": 99, ""neutrophil"": 59, ""pericyte"": 144, ""sensory neuron of dorsal root ganglion"": 4162, ""smooth muscle cell"": 10}"
Mus musculus,dorsal root ganglion,Smart-seq2,"{""endothelial cell"": 1, ""fibroblast"": 2, ""neutrophil"": 3, ""sensory neuron of dorsal root ganglion"": 115}"
Mus musculus,dorsal root ganglion,Smart-seq3,"{""B cell"": 20, ""connective tissue cell"": 4, ""endothelial cell"": 16, ""fibroblast"": 30, ""glial cell"": 4, ""macrophage"": 2, ""neutrophil"": 4, ""pericyte"": 10, ""sensory neuron of dorsal root ganglion"": 1954, ""smooth muscle cell"": 3}"
Mus musculus,dorsal root ganglion,inDrop,"{""B cell"": 2517, ""connective tissue cell"": 303, ""endothelial cell"": 3999, ""fibroblast"": 12541, ""glial cell"": 9933, ""macrophage"": 2886, ""neutrophil"": 965, ""pericyte"": 2055, ""sensory neuron of dorsal root ganglion"": 209650, ""smooth muscle cell"": 102}"
Mus musculus,dura mater,10x 3' v2,"{""B cell"": 19, ""CD8-positive, alpha-beta T cell"": 4, ""conventional dendritic cell"": 19, ""eosinophil"": 1, ""macrophage"": 72, ""monocyte"": 74, ""natural killer cell"": 1, ""neutrophil"": 33, ""plasmacytoid dendritic cell"": 9, ""stromal cell"": 2}"
Mus musculus,dura mater,10x 3' v3,"{""B cell"": 208, ""CD4-positive, alpha-beta T cell"": 145, ""CD8-positive, alpha-beta T cell"": 114, ""conventional dendritic cell"": 780, ""endothelial cell"": 9, ""eosinophil"": 6, ""innate lymphoid cell"": 1254, ""macrophage"": 1002, ""mast cell"": 218, ""monocyte"": 1311, ""natural killer cell"": 208, ""neuron"": 1, ""neutrophil"": 326, ""plasma cell"": 1, ""plasmacytoid dendritic cell"": 51, ""stromal cell"": 30}"
Mus musculus,dura mater,10x 5' v1,"{""B cell"": 11114, ""CD4-positive, alpha-beta T cell"": 1010, ""CD8-positive, alpha-beta T cell"": 1557, ""conventional dendritic cell"": 442, ""endothelial cell"": 20, ""eosinophil"": 256, ""innate lymphoid cell"": 461, ""macrophage"": 654, ""mast cell"": 4, ""monocyte"": 3287, ""natural killer cell"": 730, ""neuron"": 2, ""neutrophil"": 15518, ""plasma cell"": 110, ""plasmacytoid dendritic cell"": 331, ""stromal cell"": 1146}"
Mus musculus,embryo,sci-RNA-seq3,"{""B cell"": 133056, ""Cajal-Retzius cell"": 245409, ""GABAergic neuron"": 1129245, ""Kupffer cell"": 100251, ""Leydig cell"": 882, ""Purkinje cell"": 80211, ""Schwann cell precursor"": 210495, ""T cell"": 210087, ""activated CD4-negative, CD8-negative type I NK T cell"": 19863, ""adipocyte"": 43128, ""adipose macrophage"": 12570, ""amacrine cell"": 45648, ""astrocyte"": 329250, ""auditory epithelial cell"": 88011, ""bistratified retinal ganglion cell"": 1133, ""bladder urothelial cell"": 3939, ""brain pericyte"": 10851, ""brown adipocyte"": 240837, ""brown preadipocyte"": 59469, ""cardiac muscle cell"": 15063, ""central nervous system macrophage"": 209784, ""cerebral cortex GABAergic interneuron"": 1810344, ""cerebral cortex endothelial cell"": 45537, ""chondrocyte"": 824358, ""choroid plexus epithelial cell"": 28323, ""ciliated cell"": 180, ""club cell"": 18792, ""cochlea auditory hair cell"": 1875, ""committed oligodendrocyte precursor"": 5595, ""conjunctiva goblet cell"": 3732, ""conventional dendritic cell"": 13746, ""corneal epithelial cell"": 3234, ""cranial motor neuron"": 71262, ""duct epithelial cell"": 6251, ""ectodermal cell"": 18990, ""efferent neuron"": 8421, ""embryonic blood vessel endothelial progenitor cell"": 29079, ""endo-epithelial cell"": 315276, ""endocardial cell"": 42213, ""endothelial cell"": 270645, ""endothelial cell of artery"": 80829, ""endothelial cell of hepatic sinusoid"": 92406, ""endothelial cell of lymphatic vessel"": 75807, ""enteric neuron"": 14361, ""ependymal cell"": 49041, ""epithelial cell"": 335925, ""epithelial cell of amnion"": 34527, ""epithelial cell of pancreas"": 3969, ""epithelial cell of parathyroid gland"": 1299, ""epithelial cell of proximal tubule"": 48525, ""epithelial cell of thymus"": 5811, ""epithelial cell of thyroid gland"": 4734, ""erythroid progenitor cell"": 3100227, ""extraembryonic cell"": 4980, ""fibroblast"": 1944177, ""gingival epithelial cell"": 8754, ""glomerular endothelial cell"": 51114, ""glutamatergic neuron"": 2175684, ""granulocyte"": 10644, ""hematopoietic stem cell"": 192480, ""hepatocyte"": 868707, ""hypothalamus cell"": 203967, ""intermediate mesodermal cell"": 39516, ""intestinal enteroendocrine cell"": 1608, ""intestine goblet cell"": 5235, ""intrahepatic cholangiocyte"": 5226, ""iris pigment epithelial cell"": 2175, ""keratinocyte"": 525534, ""kidney collecting duct intercalated cell"": 1302, ""kidney collecting duct principal cell"": 5691, ""kidney connecting tubule epithelial cell"": 1689, ""kidney distal convoluted tubule epithelial cell"": 3861, ""kidney epithelial cell"": 59739, ""kidney loop of Henle ascending limb epithelial cell"": 12264, ""lateral mesodermal cell"": 2236482, ""lens epithelial cell"": 4815, ""lung endothelial cell"": 15924, ""mast cell"": 71505, ""megakaryocyte"": 45387, ""melanocyte"": 9879, ""mesodermal cell"": 4389318, ""metanephric mesenchyme stem cell"": 79695, ""microglial cell"": 25146, ""microvascular endothelial cell"": 16872, ""monocyte"": 87804, ""muscle precursor cell"": 96102, ""myelinating Schwann cell"": 127266, ""myeloid suppressor cell"": 120369, ""myoblast"": 557253, ""myofibroblast cell"": 131853, ""myotube"": 129801, ""natural killer cell"": 8883, ""neural cell"": 4502289, ""neural progenitor cell"": 371388, ""neuron"": 1890624, ""notochordal cell"": 11256, ""olfactory ensheathing cell"": 11841, ""olfactory epithelial cell"": 123900, ""olfactory receptor cell"": 120057, ""oligodendrocyte precursor cell"": 88566, ""osteoblast"": 407679, ""osteoclast"": 9969, ""pancreatic acinar cell"": 11241, ""parasympathetic neuron"": 25059, ""pericyte"": 42165, ""perineuronal satellite cell"": 20748, ""peripheral nervous system neuron"": 154707, ""photoreceptor cell"": 14109, ""pinealocyte"": 1620, ""pituitary gland cell"": 23283, ""plasmacytoid dendritic cell"": 3303, ""podocyte"": 14643, ""primitive erythroid progenitor"": 325839, ""primordial germ cell"": 5136, ""pulmonary alveolar type 1 cell"": 42963, ""pulmonary alveolar type 2 cell"": 64329, ""regulatory T cell"": 29454, ""respiratory tract goblet cell"": 1224, ""retina horizontal cell"": 2730, ""retinal bipolar neuron"": 10242, ""retinal cone cell"": 17232, ""retinal ganglion cell"": 33591, ""retinal pigment epithelial cell"": 10107, ""retinal progenitor cell"": 330762, ""retinal rod cell"": 8229, ""sensory neuron of dorsal root ganglion"": 39231, ""small bistratified retinal ganglion cell"": 2266, ""spinal cord motor neuron"": 94194, ""spiral ganglion neuron"": 23532, ""splanchnic mesodermal cell"": 96552, ""starburst amacrine cell"": 4278, ""sympathetic neuron"": 55107, ""thalamic excitatory neuron"": 245364, ""type I cell of adrenal cortex"": 9144, ""ureteric bud cell"": 12502, ""vein endothelial cell"": 178569}"
Mus musculus,entorhinal cortex,10x 3' v2,"{""Cajal-Retzius cell"": 53, ""L2/3 intratelencephalic projecting glutamatergic neuron of the primary motor cortex"": 12892, ""L2/3-6 intratelencephalic projecting glutamatergic neuron"": 16736, ""L4/5 intratelencephalic projecting glutamatergic neuron of the primary motor cortex"": 605, ""L5 extratelencephalic projecting glutamatergic cortical neuron"": 2381, ""L5/6 near-projecting glutamatergic neuron of the primary motor cortex"": 703, ""L6 corticothalamic-projecting glutamatergic cortical neuron"": 138, ""L6 intratelencephalic projecting glutamatergic neuron of the primary motor cortex"": 1591, ""L6b glutamatergic cortical neuron"": 16483, ""VIP GABAergic cortical interneuron"": 1328, ""astrocyte"": 240, ""central nervous system macrophage"": 37, ""cortical interneuron"": 513, ""corticothalamic-projecting glutamatergic cortical neuron"": 107, ""endothelial cell"": 36, ""glutamatergic neuron"": 16, ""lamp5 GABAergic cortical interneuron"": 2150, ""oligodendrocyte"": 214, ""pericyte"": 10, ""pvalb GABAergic cortical interneuron"": 2468, ""pyramidal neuron"": 15, ""sncg GABAergic cortical interneuron"": 1296, ""sst GABAergic cortical interneuron"": 2117, ""sst chodl GABAergic cortical interneuron"": 71, ""vascular leptomeningeal cell (Mmus)"": 16}"
Mus musculus,epididymal fat pad,10x 3' v3,"{""B cell"": 980, ""T cell"": 996, ""adipocyte"": 15240, ""dendritic cell"": 1468, ""endothelial cell"": 2732, ""endothelial cell of lymphatic vessel"": 1116, ""epithelial cell"": 3499, ""macrophage"": 71752, ""mammary gland epithelial cell"": 7, ""mast cell"": 538, ""mature NK T cell"": 456, ""mesothelial cell"": 13084, ""monocyte"": 5790, ""neutrophil"": 58, ""pericyte"": 336, ""preadipocyte"": 21890, ""smooth muscle cell"": 112}"
Mus musculus,forelimb,10x 3' v2,"{""B cell"": 6, ""Schwann cell"": 285, ""Schwann cell precursor"": 720, ""basal cell"": 6721, ""basophil"": 26, ""chondroblast"": 1621, ""chondrocyte"": 5515, ""common myeloid progenitor"": 92, ""conventional dendritic cell"": 96, ""endothelial cell of artery"": 57, ""endothelial cell of lymphatic vessel"": 95, ""epithelial cell"": 1289, ""erythrocyte"": 1432, ""fibroblast"": 6488, ""fibroblast of dermis"": 9231, ""hair follicle melanocyte"": 208, ""hypertrophic chondrocyte"": 9, ""innate lymphoid cell"": 48, ""macrophage"": 1709, ""mast cell"": 404, ""megakaryocyte"": 43, ""melanocyte"": 85, ""mesenchymal cell"": 68062, ""monocyte"": 51, ""muscle cell"": 1316, ""muscle fibroblast"": 6572, ""myelocyte"": 15, ""myoblast"": 2490, ""natural killer cell"": 95, ""osteoblast"": 115, ""pericyte"": 96, ""peridermal cell"": 193, ""primitive red blood cell"": 1152, ""skeletal muscle myoblast"": 8871, ""smooth muscle cell"": 610, ""tendon cell"": 1502, ""vein endothelial cell"": 1982}"
Mus musculus,forelimb,10x 3' v3,"{""B cell"": 1, ""Schwann cell"": 143, ""Schwann cell precursor"": 235, ""basal cell"": 298, ""basophil"": 3, ""chondroblast"": 1163, ""chondrocyte"": 6792, ""common myeloid progenitor"": 18, ""conventional dendritic cell"": 33, ""endothelial cell of artery"": 46, ""endothelial cell of lymphatic vessel"": 70, ""epithelial cell"": 22, ""erythrocyte"": 139, ""fibroblast"": 642, ""fibroblast of dermis"": 3102, ""hair follicle melanocyte"": 1, ""hypertrophic chondrocyte"": 7, ""innate lymphoid cell"": 17, ""macrophage"": 270, ""mast cell"": 19, ""megakaryocyte"": 8, ""melanocyte"": 16, ""mesenchymal cell"": 17355, ""monocyte"": 8, ""muscle cell"": 727, ""muscle fibroblast"": 100, ""myelocyte"": 2, ""myoblast"": 360, ""natural killer cell"": 50, ""osteoblast"": 25, ""pericyte"": 9, ""peridermal cell"": 59, ""primitive red blood cell"": 163, ""skeletal muscle myoblast"": 1831, ""smooth muscle cell"": 70, ""tendon cell"": 797, ""vein endothelial cell"": 488}"
Mus musculus,frontal cortex,Smart-seq v4,"{""Cajal-Retzius cell"": 14, ""GABAergic neuron"": 3805, ""L2/3-6 intratelencephalic projecting glutamatergic neuron"": 343, ""L4/5 intratelencephalic projecting glutamatergic neuron of the primary motor cortex"": 2740, ""L5 extratelencephalic projecting glutamatergic cortical neuron"": 373, ""L5/6 near-projecting glutamatergic neuron of the primary motor cortex"": 562, ""L6 corticothalamic-projecting glutamatergic cortical neuron"": 357, ""L6 intratelencephalic projecting glutamatergic neuron of the primary motor cortex"": 82, ""L6b glutamatergic cortical neuron"": 143, ""VIP GABAergic cortical interneuron"": 1215, ""astrocyte"": 409, ""central nervous system macrophage"": 81, ""corticothalamic-projecting glutamatergic cortical neuron"": 1, ""endothelial cell"": 170, ""glutamatergic neuron"": 3893, ""lamp5 GABAergic cortical interneuron"": 926, ""leptomeningeal cell"": 72, ""macrophage"": 80, ""meis2 expressing cortical GABAergic cell"": 6, ""oligodendrocyte"": 204, ""pericyte"": 37, ""pvalb GABAergic cortical interneuron"": 911, ""smooth muscle cell"": 54, ""sncg GABAergic cortical interneuron"": 256, ""sst GABAergic cortical interneuron"": 1052, ""sst chodl GABAergic cortical interneuron"": 103, ""unknown"": 139, ""vascular leptomeningeal cell (Mmus)"": 66}"
Mus musculus,frontal lobe,10x 3' v2,"{""L2/3-6 intratelencephalic projecting glutamatergic neuron"": 6388, ""L4/5 intratelencephalic projecting glutamatergic neuron of the primary motor cortex"": 13289, ""L5 extratelencephalic projecting glutamatergic cortical neuron"": 63, ""L5/6 near-projecting glutamatergic neuron of the primary motor cortex"": 1967, ""L6 corticothalamic-projecting glutamatergic cortical neuron"": 4534, ""L6 intratelencephalic projecting glutamatergic neuron of the primary motor cortex"": 1378, ""L6b glutamatergic cortical neuron"": 187, ""VIP GABAergic cortical interneuron"": 2036, ""astrocyte"": 18, ""corticothalamic-projecting glutamatergic cortical neuron"": 9, ""lamp5 GABAergic cortical interneuron"": 2182, ""oligodendrocyte"": 274, ""pericyte"": 1, ""pvalb GABAergic cortical interneuron"": 163, ""sncg GABAergic cortical interneuron"": 478, ""sst GABAergic cortical interneuron"": 1309, ""sst chodl GABAergic cortical interneuron"": 55}"
Mus musculus,gastrocnemius,10x 3' v3,"{""Schwann cell"": 189, ""adipocyte"": 1276, ""blood vessel endothelial cell"": 582, ""fibro/adipogenic progenitor cell"": 22189, ""intermediate muscle cell"": 3350, ""lymphocyte"": 557, ""macrophage"": 5597, ""microvascular endothelial cell"": 2913, ""myotendinous junction nucleus"": 1479, ""neuromuscular junction nucleus"": 476, ""pericyte"": 647, ""perineurial cell"": 579, ""skeletal muscle satellite stem cell"": 958, ""smooth muscle cell"": 272, ""tendon cell"": 401, ""type IIa muscle cell"": 2454, ""type IIb muscle cell"": 24698, ""type IIx muscle cell"": 1727}"
Mus musculus,gingiva,10x 3' v3,"{""endothelial cell of vascular tree"": 3531, ""fibroblast"": 5041, ""gingival epithelial cell"": 855, ""glial cell"": 733, ""inflammatory cell"": 771, ""mural cell"": 481, ""muscle cell"": 410, ""salivary gland cell"": 296}"
Mus musculus,gonad,10x 3' v2,"{""Leydig cell"": 2, ""Sertoli cell"": 4, ""endothelial cell"": 347, ""epithelial cell"": 554, ""erythrocyte"": 384, ""germ cell"": 3470, ""granulosa cell"": 20548, ""hematopoietic cell"": 626, ""interstitial cell of ovary"": 11094, ""mesenchymal cell"": 5561, ""mesothelial cell"": 4072, ""mural cell"": 216, ""neural cell"": 254, ""ovarian surface epithelial cell"": 1044, ""primordial germ cell"": 35, ""skeletal muscle fiber"": 274, ""supporting cell"": 3654}"
Mus musculus,gonad,10x 3' v3,"{""endothelial cell"": 168, ""epithelial cell"": 1, ""erythrocyte"": 60, ""germ cell"": 1010, ""granulosa cell"": 6458, ""hematopoietic cell"": 124, ""interstitial cell of ovary"": 3604, ""mesenchymal cell"": 450, ""mesothelial cell"": 336, ""mural cell"": 110, ""ovarian surface epithelial cell"": 1010, ""supporting cell"": 210}"
Mus musculus,gonad,10x 5' v1,"{""Leydig cell"": 364, ""Sertoli cell"": 2892, ""endothelial cell"": 1276, ""epithelial cell"": 10541, ""erythrocyte"": 663, ""female germ cell"": 87, ""germ cell"": 1727, ""granulosa cell"": 5832, ""hematopoietic cell"": 128, ""interstitial cell of ovary"": 421, ""leukocyte"": 257, ""male germ cell"": 535, ""mesenchymal cell"": 23492, ""mesothelial cell"": 9350, ""mural cell"": 9, ""neural cell"": 1448, ""oogonial cell"": 487, ""ovarian surface epithelial cell"": 8, ""pericyte"": 191, ""primordial germ cell"": 384, ""skeletal muscle fiber"": 664, ""supporting cell"": 8676}"
Mus musculus,gonad primordium,10x 3' v2,"{""female germ cell"": 23, ""male germ cell"": 3, ""oogonial cell"": 7, ""primordial germ cell"": 366}"
Mus musculus,gonadal fat pad,Smart-seq2,"{""B cell"": 948, ""CD4-positive, alpha-beta T cell"": 420, ""CD8-positive, alpha-beta T cell"": 387, ""T cell"": 252, ""endothelial cell"": 1023, ""epithelial cell"": 189, ""mesenchymal stem cell of adipose tissue"": 4686, ""myeloid cell"": 2154, ""natural killer cell"": 159}"
Mus musculus,gustatory cortex,Smart-seq v4,"{""L2/3-6 intratelencephalic projecting glutamatergic neuron"": 158, ""L4/5 intratelencephalic projecting glutamatergic neuron of the primary motor cortex"": 309, ""L5 extratelencephalic projecting glutamatergic cortical neuron"": 47, ""L5/6 near-projecting glutamatergic neuron of the primary motor cortex"": 32, ""L6 corticothalamic-projecting glutamatergic cortical neuron"": 232, ""L6 intratelencephalic projecting glutamatergic neuron of the primary motor cortex"": 135, ""L6b glutamatergic cortical neuron"": 22, ""VIP GABAergic cortical interneuron"": 103, ""astrocyte"": 80, ""central nervous system macrophage"": 6, ""corticothalamic-projecting glutamatergic cortical neuron"": 86, ""lamp5 GABAergic cortical interneuron"": 120, ""pvalb GABAergic cortical interneuron"": 52, ""sncg GABAergic cortical interneuron"": 16, ""sst GABAergic cortical interneuron"": 77, ""sst chodl GABAergic cortical interneuron"": 7}"
Mus musculus,heart,10x 3' v2,"{""cardiac muscle cell"": 1002, ""cardiac neuron"": 243, ""endocardial cell"": 2034, ""endothelial cell of coronary artery"": 9879, ""erythrocyte"": 1068, ""fibroblast of cardiac tissue"": 7227, ""leukocyte"": 2850, ""mast cell"": 228, ""smooth muscle cell"": 1308}"
Mus musculus,heart,10x 3' v3,"{""B cell"": 215, ""T cell"": 241, ""cardiac muscle cell"": 104, ""dendritic cell"": 4140, ""endocardial cell"": 737, ""endothelial cell"": 10027, ""fibroblast"": 11134, ""fibrocyte"": 591, ""granulocyte"": 1767, ""macrophage"": 6930, ""monocyte"": 33, ""natural killer cell"": 211, ""pericyte"": 618, ""unknown"": 2700}"
Mus musculus,heart,Drop-seq,"{""B cell"": 111, ""Schwann cell"": 94, ""T cell"": 179, ""blood vessel endothelial cell"": 2450, ""chondrocyte"": 48, ""endocardial cell"": 5141, ""endothelial cell of artery"": 127, ""endothelial cell of lymphatic vessel"": 179, ""fibroblast of cardiac tissue"": 14509, ""macrophage"": 1664, ""mast cell"": 50, ""melanocyte"": 52, ""mesothelial cell of epicardium"": 1102, ""myocyte of sinoatrial node"": 468, ""neuron"": 25, ""pericyte"": 1179, ""regular atrial cardiac myocyte"": 4714, ""regular ventricular cardiac myocyte"": 12333, ""valve endothelial cell"": 718, ""valve interstitial cell"": 1876, ""vascular associated smooth muscle cell"": 2750}"
Mus musculus,heart,Smart-seq2,"{""B cell"": 1080, ""T cell"": 591, ""cardiac valve cell"": 945, ""endocardial cell"": 1125, ""endothelial cell of coronary artery"": 8082, ""fibroblast of cardiac tissue"": 11133, ""macrophage"": 249, ""monocyte"": 3843, ""regular atrial cardiac myocyte"": 1209, ""regular ventricular cardiac myocyte"": 441, ""smooth muscle cell"": 309}"
Mus musculus,hindlimb,10x 3' v2,"{""B cell"": 19, ""Schwann cell"": 13, ""Schwann cell precursor"": 11, ""basal cell"": 905, ""basophil"": 1, ""chondroblast"": 137, ""chondrocyte"": 3719, ""common myeloid progenitor"": 57, ""conventional dendritic cell"": 46, ""endothelial cell of artery"": 31, ""endothelial cell of lymphatic vessel"": 72, ""epithelial cell"": 46, ""fibroblast"": 94, ""fibroblast of dermis"": 430, ""hair follicle melanocyte"": 4, ""hypertrophic chondrocyte"": 193, ""innate lymphoid cell"": 66, ""macrophage"": 86, ""mast cell"": 16, ""melanocyte"": 34, ""mesenchymal cell"": 2716, ""monocyte"": 183, ""muscle cell"": 75, ""muscle fibroblast"": 4, ""myelocyte"": 15, ""myoblast"": 163, ""natural killer cell"": 13, ""onychocyte"": 5, ""osteoblast"": 5, ""pericyte"": 324, ""peridermal cell"": 179, ""primitive red blood cell"": 1, ""skeletal muscle myoblast"": 426, ""smooth muscle cell"": 148, ""tendon cell"": 48, ""vein endothelial cell"": 569}"
Mus musculus,hindlimb,10x 3' v3,"{""B cell"": 8, ""Schwann cell"": 184, ""Schwann cell precursor"": 281, ""basal cell"": 395, ""basophil"": 4, ""chondroblast"": 1007, ""chondrocyte"": 7381, ""common myeloid progenitor"": 8, ""conventional dendritic cell"": 20, ""endothelial cell of artery"": 57, ""endothelial cell of lymphatic vessel"": 56, ""epithelial cell"": 34, ""erythrocyte"": 393, ""fibroblast"": 1942, ""fibroblast of dermis"": 4043, ""hair follicle melanocyte"": 4, ""hypertrophic chondrocyte"": 13, ""innate lymphoid cell"": 6, ""macrophage"": 327, ""mast cell"": 93, ""megakaryocyte"": 16, ""melanocyte"": 50, ""mesenchymal cell"": 18754, ""monocyte"": 28, ""muscle cell"": 662, ""muscle fibroblast"": 92, ""myoblast"": 387, ""natural killer cell"": 45, ""osteoblast"": 21, ""pericyte"": 58, ""peridermal cell"": 68, ""primitive red blood cell"": 165, ""skeletal muscle myoblast"": 1856, ""smooth muscle cell"": 141, ""tendon cell"": 602, ""vein endothelial cell"": 621}"
Mus musculus,hindlimb muscle,10x 3' v2,"{""B cell"": 141, ""adipocyte"": 109, ""capillary endothelial cell"": 27265, ""endothelial cell of artery"": 12386, ""endothelial cell of lymphatic vessel"": 273, ""erythrocyte"": 370, ""extrafusal muscle fiber"": 311, ""fibroblast"": 6509, ""macrophage"": 1040, ""monocyte"": 389, ""muscle cell"": 462, ""myelinating Schwann cell"": 3842, ""neutrophil"": 90, ""non-myelinating Schwann cell"": 928, ""pericyte"": 5587, ""skeletal muscle satellite stem cell"": 3947, ""smooth muscle cell"": 3860, ""tendon cell"": 2957, ""type I muscle cell"": 443, ""type II muscle cell"": 5057, ""type IIa muscle cell"": 1977, ""type IIb muscle cell"": 14961, ""vein endothelial cell"": 3625}"
Mus musculus,hippocampal formation,10x 3' v2,"{""Cajal-Retzius cell"": 35, ""L2/3-6 intratelencephalic projecting glutamatergic neuron"": 30, ""L4/5 intratelencephalic projecting glutamatergic neuron of the primary motor cortex"": 12, ""L5 extratelencephalic projecting glutamatergic cortical neuron"": 1, ""L5/6 near-projecting glutamatergic neuron of the primary motor cortex"": 91, ""L6 corticothalamic-projecting glutamatergic cortical neuron"": 1, ""L6 intratelencephalic projecting glutamatergic neuron of the primary motor cortex"": 1, ""L6b glutamatergic cortical neuron"": 1, ""VIP GABAergic cortical interneuron"": 1502, ""astrocyte"": 534, ""central nervous system macrophage"": 225, ""cortical interneuron"": 7, ""endothelial cell"": 74, ""glutamatergic neuron"": 146, ""hippocampal neuron"": 60569, ""lamp5 GABAergic cortical interneuron"": 3458, ""oligodendrocyte"": 560, ""pericyte"": 26, ""pvalb GABAergic cortical interneuron"": 207, ""pyramidal neuron"": 13096, ""sncg GABAergic cortical interneuron"": 1462, ""sst GABAergic cortical interneuron"": 466, ""sst chodl GABAergic cortical interneuron"": 11, ""vascular leptomeningeal cell (Mmus)"": 20}"
Mus musculus,hippocampal formation,Smart-seq v4,"{""L2/3-6 intratelencephalic projecting glutamatergic neuron"": 7, ""L5/6 near-projecting glutamatergic neuron of the primary motor cortex"": 9, ""L6 corticothalamic-projecting glutamatergic cortical neuron"": 2, ""L6b glutamatergic cortical neuron"": 1, ""VIP GABAergic cortical interneuron"": 476, ""astrocyte"": 17, ""central nervous system macrophage"": 20, ""glutamatergic neuron"": 33, ""hippocampal neuron"": 2814, ""lamp5 GABAergic cortical interneuron"": 868, ""oligodendrocyte"": 1, ""pvalb GABAergic cortical interneuron"": 66, ""pyramidal neuron"": 1590, ""sncg GABAergic cortical interneuron"": 384, ""sst GABAergic cortical interneuron"": 273, ""sst chodl GABAergic cortical interneuron"": 3}"
Mus musculus,hypothalamus,10x 3' v1,"{""astrocyte"": 1057, ""endothelial cell"": 485, ""ependymal cell"": 27, ""fibroblast"": 26, ""hypendymal cell"": 11, ""microglial cell"": 406, ""mural cell"": 21, ""neuron"": 14520, ""oligodendrocyte"": 4547, ""oligodendrocyte precursor cell"": 279, ""pituitary gland cell"": 4, ""tanycyte"": 38}"
Mus musculus,hypothalamus,10x 3' v2,"{""astrocyte"": 19403, ""endothelial cell"": 5150, ""ependymal cell"": 1144, ""erythrocyte"": 31, ""fibroblast"": 331, ""hypendymal cell"": 1, ""microglial cell"": 6501, ""mural cell"": 1937, ""neuron"": 77337, ""oligodendrocyte"": 20430, ""oligodendrocyte precursor cell"": 9159, ""pituitary gland cell"": 96, ""tanycyte"": 1077}"
Mus musculus,hypothalamus,10x 3' v3,"{""astrocyte"": 30069, ""endothelial cell"": 2879, ""ependymal cell"": 776, ""erythrocyte"": 4, ""fibroblast"": 636, ""microglial cell"": 5904, ""mural cell"": 1560, ""neuron"": 93238, ""oligodendrocyte"": 13121, ""oligodendrocyte precursor cell"": 7541, ""pituitary gland cell"": 166, ""tanycyte"": 3110}"
Mus musculus,hypothalamus,Drop-seq,"{""astrocyte"": 1657, ""endothelial cell"": 1747, ""ependymal cell"": 2478, ""erythrocyte"": 6, ""fibroblast"": 379, ""hypendymal cell"": 40, ""microglial cell"": 1493, ""mural cell"": 258, ""neuron"": 34265, ""oligodendrocyte"": 10719, ""oligodendrocyte precursor cell"": 2886, ""pituitary gland cell"": 463, ""tanycyte"": 5512}"
Mus musculus,inguinal fat pad,10x 3' v3,"{""B cell"": 614, ""T cell"": 1096, ""adipocyte"": 43842, ""dendritic cell"": 1232, ""endothelial cell"": 6804, ""endothelial cell of lymphatic vessel"": 794, ""epithelial cell"": 348, ""macrophage"": 36774, ""mammary gland epithelial cell"": 9466, ""mast cell"": 80, ""mature NK T cell"": 698, ""monocyte"": 7662, ""neutrophil"": 30, ""pericyte"": 730, ""preadipocyte"": 62210, ""smooth muscle cell"": 310}"
Mus musculus,inguinal lymph node,Smart-seq2,"{""lymph node lymphatic vessel endothelial cell"": 52, ""lymphatic endothelial cell of medulla ceiling"": 364, ""lymphatic endothelial cell of subcapsular sinus ceiling"": 194, ""lymphatic endothelial cell of subcapsular sinus floor"": 283}"
Mus musculus,inner medulla of kidney,Drop-seq,"{""dendritic cell"": 16, ""endothelial cell"": 15, ""epithelial cell of proximal tubule"": 93, ""kidney collecting duct principal cell"": 438, ""kidney connecting tubule epithelial cell"": 1, ""kidney distal convoluted tubule epithelial cell"": 20, ""kidney loop of Henle cortical thick ascending limb epithelial cell"": 1, ""kidney loop of Henle epithelial cell"": 124, ""kidney loop of Henle medullary thick ascending limb epithelial cell"": 80, ""kidney loop of Henle thin ascending limb epithelial cell"": 5, ""macrophage"": 4, ""renal alpha-intercalated cell"": 34, ""renal beta-intercalated cell"": 4, ""unknown"": 27, ""vasa recta descending limb cell"": 1}"
Mus musculus,islet of Langerhans,10x 3' v2,"{""Schwann cell"": 550, ""cell"": 443, ""endothelial cell"": 9861, ""hematopoietic cell"": 17597, ""pancreatic A cell"": 34359, ""pancreatic D cell"": 19992, ""pancreatic PP cell"": 5705, ""pancreatic acinar cell"": 140, ""pancreatic ductal cell"": 5776, ""pancreatic endocrine cell"": 8789, ""pancreatic stellate cell"": 19271, ""type B pancreatic cell"": 61473, ""unknown"": 184}"
Mus musculus,islet of Langerhans,10x 3' v3,"{""Schwann cell"": 66, ""cell"": 408, ""endothelial cell"": 3607, ""hematopoietic cell"": 13667, ""pancreatic A cell"": 7329, ""pancreatic D cell"": 5165, ""pancreatic PP cell"": 1356, ""pancreatic acinar cell"": 340, ""pancreatic ductal cell"": 2963, ""pancreatic endocrine cell"": 2015, ""pancreatic stellate cell"": 3830, ""type B pancreatic cell"": 46300, ""unknown"": 60}"
Mus musculus,kidney,10x 3' transcription profiling,"{""epithelial cell of proximal tubule"": 13, ""kidney collecting duct principal cell"": 1, ""kidney connecting tubule epithelial cell"": 1, ""kidney distal convoluted tubule epithelial cell"": 3, ""kidney loop of Henle medullary thick ascending limb epithelial cell"": 2, ""renal alpha-intercalated cell"": 1, ""unknown"": 1}"
Mus musculus,kidney,10x 3' v2,"{""B cell"": 9569, ""Schwann cell"": 8, ""T cell"": 6166, ""adipocyte"": 6, ""adventitial fibroblast"": 54, ""classical monocyte"": 285, ""dendritic cell"": 360, ""endothelial cell"": 4651, ""endothelial cell of venule"": 230, ""epithelial cell of proximal tubule"": 78196, ""epithelial cell of proximal tubule segment 1"": 13024, ""epithelial cell of proximal tubule segment 2"": 10013, ""epithelial cell of proximal tubule segment 3"": 5046, ""fenestrated endothelial cell"": 3081, ""fibroblast"": 3476, ""glomerular capillary endothelial cell"": 97, ""glomerular endothelial cell"": 338, ""inflammatory macrophage"": 1063, ""juxtaglomerular complex cell"": 49, ""kidney afferent arteriole endothelial cell"": 1, ""kidney capillary endothelial cell"": 483, ""kidney cell"": 9, ""kidney collecting duct alpha-intercalated cell"": 2876, ""kidney collecting duct epithelial cell"": 133, ""kidney collecting duct principal cell"": 9312, ""kidney connecting tubule epithelial cell"": 5859, ""kidney cortex artery cell"": 1143, ""kidney cortex collecting duct principal cell"": 1673, ""kidney cortex peritubular capillary cell"": 2122, ""kidney cortex tubule cell"": 602, ""kidney distal convoluted tubule epithelial cell"": 26980, ""kidney efferent arteriole endothelial cell"": 94, ""kidney glomerular epithelial cell"": 80, ""kidney inner medulla collecting duct epithelial cell"": 3160, ""kidney interstitial fibroblast"": 184, ""kidney loop of Henle ascending limb epithelial cell"": 603, ""kidney loop of Henle cortical thick ascending limb epithelial cell"": 6944, ""kidney loop of Henle epithelial cell"": 3153, ""kidney loop of Henle medullary thick ascending limb epithelial cell"": 10115, ""kidney loop of Henle short descending thin limb epithelial cell"": 2827, ""kidney loop of Henle thick ascending limb epithelial cell"": 17204, ""kidney loop of Henle thin ascending limb epithelial cell"": 1772, ""kidney loop of Henle thin descending limb epithelial cell"": 1152, ""kidney proximal convoluted tubule epithelial cell"": 13380, ""kidney proximal straight tubule epithelial cell"": 285, ""kidney resident macrophage"": 528, ""leukocyte"": 15, ""lymphocyte"": 4608, ""macrophage"": 5797, ""macula densa epithelial cell"": 225, ""mesangial cell"": 936, ""myofibroblast cell"": 270, ""natural killer cell"": 423, ""neutrophil"": 68, ""papillary tips cell"": 1080, ""parietal epithelial cell"": 495, ""pericyte"": 121, ""peritubular capillary endothelial cell"": 2878, ""plasma cell"": 977, ""plasmatocyte"": 1488, ""podocyte"": 980, ""renal alpha-intercalated cell"": 1102, ""renal beta-intercalated cell"": 3740, ""renal cortical fibroblast"": 779, ""renal medullary fibroblast"": 391, ""tuft cell"": 1242, ""unknown"": 2621, ""vasa recta ascending limb cell"": 2453, ""vasa recta descending limb cell"": 325, ""vascular associated smooth muscle cell"": 219, ""vein endothelial cell"": 146}"
Mus musculus,kidney,10x 3' v3,"{""B cell"": 73, ""T cell"": 16, ""endothelial cell"": 3485, ""epithelial cell of proximal tubule"": 5410, ""fibroblast"": 94, ""glomerular endothelial cell"": 19, ""kidney collecting duct principal cell"": 474, ""kidney connecting tubule epithelial cell"": 386, ""kidney cortex tubule cell"": 191, ""kidney distal convoluted tubule epithelial cell"": 681, ""kidney glomerular epithelial cell"": 35, ""kidney loop of Henle cortical thick ascending limb epithelial cell"": 473, ""kidney loop of Henle epithelial cell"": 135, ""kidney loop of Henle medullary thick ascending limb epithelial cell"": 529, ""kidney loop of Henle thin ascending limb epithelial cell"": 169, ""kidney tubule cell"": 10138, ""macrophage"": 663, ""macula densa epithelial cell"": 7, ""mature NK T cell"": 167, ""neutrophil"": 146, ""pericyte"": 1621, ""podocyte"": 72, ""renal alpha-intercalated cell"": 104, ""renal beta-intercalated cell"": 192, ""unknown"": 376}"
Mus musculus,kidney,10x multiome,"{""B cell"": 445, ""Schwann cell"": 19, ""T cell"": 2543, ""adipocyte"": 63, ""adventitial fibroblast"": 126, ""classical monocyte"": 186, ""conventional dendritic cell"": 686, ""dendritic cell"": 729, ""endothelial cell"": 24688, ""endothelial cell of venule"": 324, ""epithelial cell of proximal tubule"": 23283, ""epithelial cell of proximal tubule segment 1"": 51951, ""epithelial cell of proximal tubule segment 2"": 43416, ""epithelial cell of proximal tubule segment 3"": 33087, ""fibroblast"": 31985, ""glomerular capillary endothelial cell"": 269, ""inflammatory macrophage"": 2245, ""juxtaglomerular complex cell"": 59, ""kidney collecting duct alpha-intercalated cell"": 4629, ""kidney collecting duct intercalated cell"": 3071, ""kidney collecting duct principal cell"": 15275, ""kidney connecting tubule epithelial cell"": 9718, ""kidney cortex collecting duct principal cell"": 3377, ""kidney cortex peritubular capillary cell"": 1820, ""kidney distal convoluted tubule epithelial cell"": 19310, ""kidney efferent arteriole endothelial cell"": 244, ""kidney inner medulla collecting duct epithelial cell"": 1287, ""kidney interstitial fibroblast"": 327, ""kidney loop of Henle ascending limb epithelial cell"": 22950, ""kidney loop of Henle cortical thick ascending limb epithelial cell"": 6148, ""kidney loop of Henle descending limb epithelial cell"": 3693, ""kidney loop of Henle medullary thick ascending limb epithelial cell"": 16439, ""kidney loop of Henle short descending thin limb epithelial cell"": 6762, ""kidney loop of Henle thick ascending limb epithelial cell"": 7461, ""kidney loop of Henle thin ascending limb epithelial cell"": 557, ""kidney loop of Henle thin descending limb epithelial cell"": 575, ""kidney resident macrophage"": 1968, ""macrophage"": 7113, ""macula densa epithelial cell"": 171, ""mesangial cell"": 95, ""metanephric nephron tubule epithelial cell"": 21669, ""myofibroblast cell"": 218, ""natural killer cell"": 83, ""papillary tips cell"": 929, ""parietal epithelial cell"": 2818, ""peritubular capillary endothelial cell"": 4572, ""plasma cell"": 2162, ""podocyte"": 3631, ""renal beta-intercalated cell"": 2217, ""renal cortical fibroblast"": 178, ""renal medullary fibroblast"": 1453, ""ureteric bud cell"": 1473, ""urothelial cell"": 715, ""vasa recta ascending limb cell"": 3751, ""vasa recta descending limb cell"": 348, ""vascular associated smooth muscle cell"": 290, ""vein endothelial cell"": 154}"
Mus musculus,kidney,DroNc-seq,"{""endothelial cell"": 113, ""epithelial cell of proximal tubule"": 1289, ""fibroblast"": 7, ""kidney collecting duct principal cell"": 50, ""kidney connecting tubule epithelial cell"": 140, ""kidney distal convoluted tubule epithelial cell"": 156, ""kidney loop of Henle epithelial cell"": 2, ""kidney loop of Henle thin ascending limb epithelial cell"": 293, ""kidney loop of Henle thin descending limb epithelial cell"": 92, ""macrophage"": 54, ""mesangial cell"": 146, ""podocyte"": 88, ""renal alpha-intercalated cell"": 61, ""renal beta-intercalated cell"": 94, ""unknown"": 183}"
Mus musculus,kidney,Drop-seq,"{""T cell"": 1, ""endothelial cell"": 211, ""epithelial cell of proximal tubule"": 9468, ""fibroblast"": 5, ""glomerular endothelial cell"": 17, ""kidney collecting duct principal cell"": 256, ""kidney connecting tubule epithelial cell"": 450, ""kidney cortex tubule cell"": 8, ""kidney distal convoluted tubule epithelial cell"": 691, ""kidney glomerular epithelial cell"": 1, ""kidney loop of Henle cortical thick ascending limb epithelial cell"": 43, ""kidney loop of Henle epithelial cell"": 2, ""kidney loop of Henle medullary thick ascending limb epithelial cell"": 37, ""kidney loop of Henle thin ascending limb epithelial cell"": 418, ""kidney loop of Henle thin descending limb epithelial cell"": 73, ""macrophage"": 82, ""mesangial cell"": 154, ""pericyte"": 7, ""podocyte"": 69, ""renal alpha-intercalated cell"": 104, ""renal beta-intercalated cell"": 161, ""unknown"": 147}"
Mus musculus,kidney,Smart-seq2,"{""B cell"": 252, ""T cell"": 237, ""epithelial cell of proximal tubule"": 1179, ""fenestrated endothelial cell"": 804, ""kidney collecting duct epithelial cell"": 1335, ""kidney collecting duct principal cell"": 471, ""kidney interstitial fibroblast"": 48, ""kidney loop of Henle ascending limb epithelial cell"": 438, ""macrophage"": 456, ""mesangial cell"": 279}"
Mus musculus,lamina propria of small intestine,10x 5' v2,"{""CD103-positive dendritic cell"": 370, ""CD4-positive, alpha-beta memory T cell"": 162, ""IgM plasmablast"": 46, ""T-helper 17 cell"": 8, ""conventional dendritic cell"": 76, ""endothelial cell"": 126, ""endothelial cell of lymphatic vessel"": 18, ""epithelial cell"": 8, ""fibroblast"": 446, ""gamma-delta T cell"": 76, ""glial cell"": 10, ""group 2 innate lymphoid cell"": 88, ""group 3 innate lymphoid cell"": 10, ""macrophage"": 878, ""mast cell"": 7, ""memory B cell"": 2, ""monocyte"": 120, ""myofibroblast cell"": 54, ""neutrophil"": 5, ""pericyte"": 21, ""plasma cell"": 1066, ""regulatory T cell"": 382}"
Mus musculus,large intestine,10x 3' v2,"{""enterocyte of epithelium of large intestine"": 3375, ""epithelial cell of large intestine"": 687, ""hematopoietic stem cell"": 108, ""intestinal crypt stem cell"": 1017, ""large intestine goblet cell"": 474}"
Mus musculus,large intestine,Smart-seq2,"{""enterocyte of epithelium of large intestine"": 7626, ""enteroendocrine cell"": 483, ""epithelial cell of large intestine"": 5112, ""intestinal crypt stem cell"": 4737, ""large intestine goblet cell"": 4761, ""secretory cell"": 1689, ""tuft cell of large intestine"": 525}"
Mus musculus,lateral entorhinal cortex,Smart-seq v4,"{""L2/3 intratelencephalic projecting glutamatergic neuron of the primary motor cortex"": 111, ""L2/3-6 intratelencephalic projecting glutamatergic neuron"": 466, ""L4/5 intratelencephalic projecting glutamatergic neuron of the primary motor cortex"": 30, ""L5 extratelencephalic projecting glutamatergic cortical neuron"": 110, ""L6 corticothalamic-projecting glutamatergic cortical neuron"": 3, ""L6 intratelencephalic projecting glutamatergic neuron of the primary motor cortex"": 77, ""L6b glutamatergic cortical neuron"": 305, ""VIP GABAergic cortical interneuron"": 113, ""astrocyte"": 49, ""central nervous system macrophage"": 7, ""cortical interneuron"": 1, ""corticothalamic-projecting glutamatergic cortical neuron"": 14, ""glutamatergic neuron"": 1, ""lamp5 GABAergic cortical interneuron"": 70, ""pvalb GABAergic cortical interneuron"": 86, ""pyramidal neuron"": 2, ""sncg GABAergic cortical interneuron"": 63, ""sst GABAergic cortical interneuron"": 79, ""sst chodl GABAergic cortical interneuron"": 7}"
Mus musculus,lateral visual area,10x 3' v2,"{""Cajal-Retzius cell"": 3, ""L2/3-6 intratelencephalic projecting glutamatergic neuron"": 2635, ""L4/5 intratelencephalic projecting glutamatergic neuron of the primary motor cortex"": 7412, ""L5 extratelencephalic projecting glutamatergic cortical neuron"": 259, ""L5/6 near-projecting glutamatergic neuron of the primary motor cortex"": 491, ""L6 corticothalamic-projecting glutamatergic cortical neuron"": 2070, ""L6 intratelencephalic projecting glutamatergic neuron of the primary motor cortex"": 1953, ""L6b glutamatergic cortical neuron"": 224, ""VIP GABAergic cortical interneuron"": 1097, ""astrocyte"": 38, ""central nervous system macrophage"": 17, ""corticothalamic-projecting glutamatergic cortical neuron"": 439, ""endothelial cell"": 5, ""lamp5 GABAergic cortical interneuron"": 619, ""oligodendrocyte"": 151, ""pericyte"": 4, ""pvalb GABAergic cortical interneuron"": 487, ""sncg GABAergic cortical interneuron"": 204, ""sst GABAergic cortical interneuron"": 676, ""sst chodl GABAergic cortical interneuron"": 29, ""vascular leptomeningeal cell (Mmus)"": 1}"
Mus musculus,limb muscle,10x 3' v2,"{""B cell"": 4533, ""Schwann cell"": 822, ""T cell"": 3762, ""cell of skeletal muscle"": 576, ""endothelial cell"": 20682, ""macrophage"": 7455, ""mesenchymal stem cell"": 39111, ""skeletal muscle satellite cell"": 6165, ""smooth muscle cell"": 3495}"
Mus musculus,limb muscle,Smart-seq2,"{""B cell"": 561, ""T cell"": 408, ""endothelial cell"": 1359, ""macrophage"": 933, ""mesenchymal stem cell"": 2805, ""skeletal muscle satellite cell"": 5499}"
Mus musculus,liver,10x 3' v2,"{""B cell"": 609, ""Kupffer cell"": 7638, ""duct epithelial cell"": 6, ""endothelial cell of hepatic sinusoid"": 2025, ""hepatic stellate cell"": 117, ""hepatocyte"": 8787, ""myeloid leukocyte"": 921, ""natural killer cell"": 1656, ""plasmacytoid dendritic cell"": 123}"
Mus musculus,liver,10x 3' v3,"{""B cell"": 273, ""Kupffer cell"": 853, ""T cell"": 626, ""endothelial cell"": 2435, ""granulocyte"": 44, ""hepatic stellate cell"": 403, ""hepatocyte"": 11152, ""monocyte"": 221, ""natural killer cell"": 128, ""unknown"": 66}"
Mus musculus,liver,Smart-seq2,"{""B cell"": 630, ""CD4-positive, alpha-beta T cell"": 126, ""CD8-positive, alpha-beta T cell"": 192, ""Kupffer cell"": 786, ""T cell"": 135, ""endothelial cell of hepatic sinusoid"": 1851, ""hepatocyte"": 3486, ""mature NK T cell"": 528, ""myeloid leukocyte"": 627, ""natural killer cell"": 126, ""neutrophil"": 90}"
Mus musculus,lung,10x 3' v2,"{""B cell"": 4503, ""CD4-positive, alpha-beta T cell"": 1653, ""CD8-positive, alpha-beta T cell"": 2610, ""T cell"": 753, ""adventitial cell"": 1578, ""alveolar macrophage"": 4098, ""aortic smooth muscle cell"": 4631, ""basophil"": 390, ""bronchial smooth muscle cell"": 7017, ""capillary endothelial cell"": 15099, ""classical monocyte"": 23766, ""club cell"": 978, ""dendritic cell"": 135, ""endothelial cell of artery"": 6538, ""endothelial cell of lymphatic vessel"": 706, ""enucleate erythrocyte"": 928, ""fibroblast of lung"": 4569, ""hematopoietic cell"": 1241, ""intermediate monocyte"": 5247, ""lung macrophage"": 3471, ""mature NK T cell"": 1260, ""mesenchymal cell"": 2088, ""mesenchymal stem cell"": 16928, ""mesothelial cell of visceral pleura"": 699, ""multiciliated columnar cell of tracheobronchial tree"": 171, ""multiciliated epithelial cell of the bronchus"": 77, ""myeloid dendritic cell"": 735, ""natural killer cell"": 3579, ""neutrophil"": 1656, ""non-classical monocyte"": 3030, ""pericyte"": 183, ""plasma cell"": 147, ""plasmacytoid dendritic cell"": 225, ""progenitor cell"": 4351, ""pulmonary alveolar type 1 cell"": 3427, ""pulmonary alveolar type 2 cell"": 3986, ""pulmonary interstitial fibroblast"": 666, ""pulmonary neuroendocrine cell"": 12, ""regulatory T cell"": 369, ""smooth muscle cell of the pulmonary artery"": 294, ""unknown"": 4183, ""vascular associated smooth muscle cell"": 1196, ""vein endothelial cell"": 2241}"
Mus musculus,lung,Smart-seq2,"{""B cell"": 828, ""CD4-positive, alpha-beta T cell"": 177, ""CD8-positive, alpha-beta T cell"": 357, ""T cell"": 84, ""adventitial cell"": 867, ""bronchial smooth muscle cell"": 6351, ""classical monocyte"": 606, ""club cell"": 66, ""dendritic cell"": 186, ""endothelial cell of lymphatic vessel"": 297, ""fibroblast of lung"": 1449, ""intermediate monocyte"": 36, ""leukocyte"": 114, ""lung macrophage"": 27, ""lymphocyte"": 30, ""mature NK T cell"": 18, ""multiciliated columnar cell of tracheobronchial tree"": 156, ""myeloid dendritic cell"": 1119, ""natural killer cell"": 156, ""neutrophil"": 369, ""non-classical monocyte"": 447, ""pericyte"": 114, ""plasma cell"": 75, ""plasmacytoid dendritic cell"": 18, ""pulmonary alveolar type 1 cell"": 12, ""pulmonary alveolar type 2 cell"": 501, ""pulmonary interstitial fibroblast"": 150, ""pulmonary neuroendocrine cell"": 12, ""regulatory T cell"": 141, ""respiratory basal cell"": 102, ""smooth muscle cell of the pulmonary artery"": 333, ""vein endothelial cell"": 456}"
Mus musculus,mammary gland,10x 3' v2,"{""B cell"": 6437, ""CD4-positive, CD25-positive, alpha-beta regulatory T cell"": 1855, ""CD4-positive, alpha-beta T cell"": 1660, ""CD8-positive, alpha-beta T cell"": 5948, ""Schwann cell"": 230, ""T cell"": 9660, ""basal cell"": 4761, ""basal-myoepithelial cell of mammary gland"": 19734, ""blood vessel endothelial cell"": 1602, ""conventional dendritic cell"": 609, ""cycling T cell"": 487, ""endothelial cell"": 1953, ""fibroblast of mammary gland"": 25132, ""innate lymphoid cell"": 1688, ""lactocyte"": 6932, ""luminal adaptive secretory precursor cell of mammary gland"": 6033, ""luminal epithelial cell of mammary gland"": 5709, ""luminal hormone-sensing cell of mammary gland"": 9659, ""macrophage"": 5118, ""mammary gland epithelial cell"": 3072, ""mast cell"": 24, ""migratory dendtritic cell"": 115, ""myeloid leukocyte"": 436, ""natural killer cell"": 1353, ""neutrophil"": 267, ""pericyte"": 265, ""perivascular cell"": 2272, ""plasma cell"": 282, ""plasmacytoid dendritic cell"": 29, ""stromal cell"": 8349}"
Mus musculus,mammary gland,10x 3' v3,"{""B cell"": 1568, ""CD4-positive, CD25-positive, alpha-beta regulatory T cell"": 1461, ""CD4-positive, alpha-beta T cell"": 1620, ""CD8-positive, alpha-beta T cell"": 2636, ""Schwann cell"": 594, ""basal-myoepithelial cell of mammary gland"": 17478, ""blood vessel endothelial cell"": 2637, ""conventional dendritic cell"": 1198, ""cycling T cell"": 739, ""fibroblast of mammary gland"": 65295, ""innate lymphoid cell"": 1166, ""lactocyte"": 3414, ""luminal adaptive secretory precursor cell of mammary gland"": 3919, ""luminal hormone-sensing cell of mammary gland"": 13982, ""macrophage"": 4589, ""mast cell"": 241, ""migratory dendtritic cell"": 73, ""myeloid leukocyte"": 836, ""natural killer cell"": 3112, ""neutrophil"": 145, ""perivascular cell"": 1219, ""plasma cell"": 174, ""plasmacytoid dendritic cell"": 24}"
Mus musculus,mammary gland,Smart-seq2,"{""basal cell"": 6417, ""endothelial cell"": 105, ""luminal epithelial cell of mammary gland"": 2304, ""stromal cell"": 1020}"
Mus musculus,medial entorhinal cortex,Smart-seq v4,"{""L2/3 intratelencephalic projecting glutamatergic neuron of the primary motor cortex"": 477, ""L2/3-6 intratelencephalic projecting glutamatergic neuron"": 200, ""L5 extratelencephalic projecting glutamatergic cortical neuron"": 26, ""L5/6 near-projecting glutamatergic neuron of the primary motor cortex"": 24, ""L6 corticothalamic-projecting glutamatergic cortical neuron"": 2, ""L6 intratelencephalic projecting glutamatergic neuron of the primary motor cortex"": 9, ""L6b glutamatergic cortical neuron"": 372, ""VIP GABAergic cortical interneuron"": 77, ""cortical interneuron"": 3, ""lamp5 GABAergic cortical interneuron"": 97, ""pvalb GABAergic cortical interneuron"": 95, ""sncg GABAergic cortical interneuron"": 50, ""sst GABAergic cortical interneuron"": 131, ""sst chodl GABAergic cortical interneuron"": 1}"
Mus musculus,medial orbital frontal cortex,10x 3' v2,"{""Cajal-Retzius cell"": 29, ""L2/3-6 intratelencephalic projecting glutamatergic neuron"": 7375, ""L4/5 intratelencephalic projecting glutamatergic neuron of the primary motor cortex"": 13947, ""L5 extratelencephalic projecting glutamatergic cortical neuron"": 3935, ""L5/6 near-projecting glutamatergic neuron of the primary motor cortex"": 3320, ""L6 corticothalamic-projecting glutamatergic cortical neuron"": 17783, ""L6 intratelencephalic projecting glutamatergic neuron of the primary motor cortex"": 9062, ""L6b glutamatergic cortical neuron"": 1289, ""VIP GABAergic cortical interneuron"": 2788, ""astrocyte"": 301, ""central nervous system macrophage"": 69, ""corticothalamic-projecting glutamatergic cortical neuron"": 359, ""endothelial cell"": 60, ""lamp5 GABAergic cortical interneuron"": 2079, ""meis2 expressing cortical GABAergic cell"": 12, ""oligodendrocyte"": 863, ""pericyte"": 19, ""pvalb GABAergic cortical interneuron"": 2081, ""sncg GABAergic cortical interneuron"": 1158, ""sst GABAergic cortical interneuron"": 4270, ""sst chodl GABAergic cortical interneuron"": 216, ""vascular leptomeningeal cell (Mmus)"": 2}"
Mus musculus,medial orbital frontal cortex,Smart-seq v4,"{""Cajal-Retzius cell"": 2, ""L2/3-6 intratelencephalic projecting glutamatergic neuron"": 341, ""L4/5 intratelencephalic projecting glutamatergic neuron of the primary motor cortex"": 395, ""L5 extratelencephalic projecting glutamatergic cortical neuron"": 32, ""L5/6 near-projecting glutamatergic neuron of the primary motor cortex"": 26, ""L6 corticothalamic-projecting glutamatergic cortical neuron"": 107, ""L6 intratelencephalic projecting glutamatergic neuron of the primary motor cortex"": 106, ""L6b glutamatergic cortical neuron"": 8, ""VIP GABAergic cortical interneuron"": 112, ""astrocyte"": 45, ""central nervous system macrophage"": 2, ""corticothalamic-projecting glutamatergic cortical neuron"": 2, ""lamp5 GABAergic cortical interneuron"": 56, ""meis2 expressing cortical GABAergic cell"": 67, ""oligodendrocyte"": 1, ""pvalb GABAergic cortical interneuron"": 23, ""sncg GABAergic cortical interneuron"": 26, ""sst GABAergic cortical interneuron"": 81, ""sst chodl GABAergic cortical interneuron"": 5}"
Mus musculus,meningeal dura mater,10x 3' v2,"{""B cell"": 3, ""endothelial cell"": 471, ""macrophage"": 11, ""mast cell"": 6, ""plasma cell"": 24, ""stromal cell"": 245}"
Mus musculus,meningeal dura mater,10x 3' v3,"{""B cell"": 2724, ""CD4-positive, alpha-beta T cell"": 786, ""CD8-positive, alpha-beta T cell"": 1577, ""conventional dendritic cell"": 920, ""endothelial cell"": 1786, ""eosinophil"": 2, ""innate lymphoid cell"": 1258, ""macrophage"": 4180, ""mast cell"": 72, ""monocyte"": 969, ""natural killer cell"": 391, ""neuron"": 11, ""neutrophil"": 2246, ""plasma cell"": 219, ""plasmacytoid dendritic cell"": 1, ""stromal cell"": 4750}"
Mus musculus,mesenteric fat pad,Smart-seq2,"{""B cell"": 1110, ""CD4-positive, alpha-beta T cell"": 525, ""CD8-positive, alpha-beta T cell"": 627, ""T cell"": 195, ""endothelial cell"": 759, ""epithelial cell"": 156, ""macrophage"": 684, ""mesenchymal stem cell of adipose tissue"": 4188, ""myeloid cell"": 663, ""natural killer cell"": 135}"
Mus musculus,mesenteric lymph node,10x 5' v2,"{""B cell zone reticular cell"": 134, ""CD103-positive dendritic cell"": 12, ""CD4-positive, alpha-beta memory T cell"": 20, ""CD8-alpha-positive CD11b-negative dendritic cell"": 582, ""IgM plasmablast"": 266, ""T-helper 17 cell"": 120, ""capillary endothelial cell"": 59, ""conventional dendritic cell"": 1678, ""dendritic cell"": 188, ""endothelial cell"": 25, ""endothelial cell of lymphatic vessel"": 1, ""epithelial cell"": 7, ""fibroblast"": 123, ""gamma-delta T cell"": 138, ""germinal center B cell"": 288, ""group 2 innate lymphoid cell"": 4, ""group 3 innate lymphoid cell"": 140, ""macrophage"": 108, ""mast cell"": 1, ""memory B cell"": 304, ""monocyte"": 308, ""naive B cell"": 974, ""naive thymus-derived CD4-positive, alpha-beta T cell"": 510, ""naive thymus-derived CD8-positive, alpha-beta T cell"": 380, ""neutrophil"": 66, ""pericyte"": 6, ""plasma cell"": 1330, ""plasmacytoid dendritic cell"": 296, ""regulatory T cell"": 386}"
Mus musculus,mesoderm,10x 3' v2,"{""female germ cell"": 23, ""male germ cell"": 12, ""oogonial cell"": 99, ""primordial germ cell"": 5}"
Mus musculus,mesonephros,10x 5' v1,"{""endothelial cell"": 418, ""epithelial cell"": 3055, ""erythrocyte"": 164, ""germ cell"": 2, ""granulosa cell"": 460, ""hematopoietic cell"": 101, ""interstitial cell of ovary"": 58, ""mesenchymal cell"": 8050, ""mesothelial cell"": 6764, ""mural cell"": 1, ""neural cell"": 268, ""primordial germ cell"": 16, ""skeletal muscle fiber"": 516, ""supporting cell"": 90}"
Mus musculus,middle lobe of right lung,10x 3' v3,"{""B cell"": 2523, ""T cell"": 3611, ""adventitial fibroblast"": 6160, ""alveolar adventitial fibroblast"": 2796, ""alveolar capillary type 1 endothelial cell"": 46217, ""alveolar capillary type 2 endothelial cell"": 4816, ""alveolar macrophage"": 4167, ""alveolar type 1 fibroblast cell"": 21964, ""ciliated cell"": 1915, ""classical monocyte"": 2299, ""conventional dendritic cell"": 1080, ""endothelial cell of artery"": 1687, ""endothelial cell of respiratory system lymphatic vessel"": 2019, ""fibroblast of lung"": 1111, ""lung interstitial macrophage"": 890, ""mature conventional dendritic cell"": 134, ""mesothelial cell of pleura"": 1053, ""natural killer cell"": 571, ""neutrophil"": 1500, ""non-classical monocyte"": 815, ""plasma cell"": 643, ""pulmonary alveolar epithelial cell"": 545, ""pulmonary alveolar type 1 cell"": 2325, ""pulmonary alveolar type 2 cell"": 6516, ""secretory cell"": 1115, ""vascular associated smooth muscle cell"": 1241, ""vein endothelial cell"": 3441}"
Mus musculus,optic cup,10x 3' v2,"{""endothelial cell"": 146}"
Mus musculus,outer medulla of kidney,Drop-seq,"{""endothelial cell"": 34, ""epithelial cell of proximal tubule"": 1875, ""fibroblast"": 1, ""glomerular endothelial cell"": 8, ""kidney collecting duct principal cell"": 187, ""kidney connecting tubule epithelial cell"": 25, ""kidney cortex tubule cell"": 1, ""kidney distal convoluted tubule epithelial cell"": 140, ""kidney loop of Henle cortical thick ascending limb epithelial cell"": 27, ""kidney loop of Henle epithelial cell"": 21, ""kidney loop of Henle medullary thick ascending limb epithelial cell"": 182, ""kidney loop of Henle thin ascending limb epithelial cell"": 42, ""macrophage"": 18, ""pericyte"": 7, ""podocyte"": 12, ""renal alpha-intercalated cell"": 34, ""renal beta-intercalated cell"": 17, ""unknown"": 64}"
Mus musculus,ovary,10x 3' v2,"{""female germ cell"": 1936, ""male germ cell"": 39, ""oocyte"": 206, ""oogonial cell"": 3910, ""primordial germ cell"": 123}"
Mus musculus,ovary,10x 3' v3,"{""B cell"": 404, ""CD4-positive, alpha-beta T cell"": 114, ""T cell"": 728, ""T-helper 17 cell"": 87, ""connective tissue cell"": 1637, ""dendritic cell"": 127, ""endothelial cell"": 798, ""endothelial cell of lymphatic vessel"": 106, ""endothelial cell of vascular tree"": 433, ""epithelial cell"": 792, ""female germ cell"": 13, ""granulosa cell"": 9593, ""innate lymphoid cell"": 44, ""leukocyte"": 51, ""luteal cell"": 413, ""lymphocyte"": 316, ""macrophage"": 355, ""monocyte"": 27, ""myeloid leukocyte"": 106, ""natural killer cell"": 169, ""oocyte"": 450, ""oogonial cell"": 776, ""pericyte"": 404, ""phagocyte"": 1099, ""pre-theca cell"": 876, ""smooth muscle cell"": 335, ""stromal cell"": 5671, ""theca cell"": 3132, ""unknown"": 431}"
Mus musculus,oviduct,10x 3' v2,"{""endothelial cell"": 78, ""fallopian tube multiciliated epithelial cell"": 1272, ""fallopian tube secretory epithelial cell"": 2972, ""fibroblast"": 683, ""lymphocyte"": 17, ""macrophage"": 189, ""smooth muscle cell"": 229}"
Mus musculus,pancreas,10x 3' v2,"{""Schwann cell"": 1, ""cell"": 2, ""endothelial cell"": 325, ""hematopoietic cell"": 439, ""leukocyte"": 540, ""pancreatic A cell"": 962, ""pancreatic D cell"": 928, ""pancreatic PP cell"": 477, ""pancreatic acinar cell"": 6423, ""pancreatic ductal cell"": 1017, ""pancreatic endocrine cell"": 49, ""pancreatic stellate cell"": 264, ""type B pancreatic cell"": 8056, ""unknown"": 36681}"
Mus musculus,pancreas,10x 3' v3,"{""B cell"": 32, ""Schwann cell"": 124, ""T cell"": 13, ""endothelial cell"": 1549, ""exocrine cell"": 309, ""hepatic stellate cell"": 384, ""macrophage"": 485, ""pancreatic A cell"": 4122, ""pancreatic D cell"": 2698, ""pancreatic PP cell"": 995, ""type B pancreatic cell"": 21129, ""unknown"": 227}"
Mus musculus,pancreas,Smart-seq2,"{""endothelial cell"": 606, ""leukocyte"": 360, ""pancreatic A cell"": 1563, ""pancreatic D cell"": 573, ""pancreatic PP cell"": 213, ""pancreatic acinar cell"": 1728, ""pancreatic ductal cell"": 939, ""pancreatic stellate cell"": 144, ""type B pancreatic cell"": 4026}"
Mus musculus,parietal cortex,10x 3' v2,"{""Cajal-Retzius cell"": 1, ""L2/3-6 intratelencephalic projecting glutamatergic neuron"": 6515, ""L4/5 intratelencephalic projecting glutamatergic neuron of the primary motor cortex"": 16687, ""L5 extratelencephalic projecting glutamatergic cortical neuron"": 671, ""L5/6 near-projecting glutamatergic neuron of the primary motor cortex"": 1669, ""L6 corticothalamic-projecting glutamatergic cortical neuron"": 7036, ""L6 intratelencephalic projecting glutamatergic neuron of the primary motor cortex"": 3424, ""L6b glutamatergic cortical neuron"": 496, ""VIP GABAergic cortical interneuron"": 1384, ""astrocyte"": 275, ""central nervous system macrophage"": 44, ""corticothalamic-projecting glutamatergic cortical neuron"": 3167, ""endothelial cell"": 64, ""lamp5 GABAergic cortical interneuron"": 1456, ""oligodendrocyte"": 754, ""pericyte"": 17, ""pvalb GABAergic cortical interneuron"": 1267, ""sncg GABAergic cortical interneuron"": 352, ""sst GABAergic cortical interneuron"": 1690, ""sst chodl GABAergic cortical interneuron"": 100, ""vascular leptomeningeal cell (Mmus)"": 25}"
Mus musculus,periovarian fat pad,10x 3' v3,"{""B cell"": 810, ""T cell"": 480, ""adipocyte"": 20786, ""dendritic cell"": 444, ""endothelial cell"": 1656, ""endothelial cell of lymphatic vessel"": 442, ""macrophage"": 7170, ""mammary gland epithelial cell"": 114, ""mast cell"": 4, ""mature NK T cell"": 194, ""mesothelial cell"": 16810, ""monocyte"": 1762, ""neutrophil"": 6, ""pericyte"": 128, ""preadipocyte"": 18354, ""smooth muscle cell"": 104}"
Mus musculus,peripheral lymph node,10x 3' v2,"{""endothelial cell of lymphatic vessel"": 5625}"
Mus musculus,posterior parietal association areas,10x 3' v2,"{""Cajal-Retzius cell"": 1, ""L2/3-6 intratelencephalic projecting glutamatergic neuron"": 4613, ""L4/5 intratelencephalic projecting glutamatergic neuron of the primary motor cortex"": 12562, ""L5 extratelencephalic projecting glutamatergic cortical neuron"": 321, ""L5/6 near-projecting glutamatergic neuron of the primary motor cortex"": 732, ""L6 corticothalamic-projecting glutamatergic cortical neuron"": 2924, ""L6 intratelencephalic projecting glutamatergic neuron of the primary motor cortex"": 2145, ""L6b glutamatergic cortical neuron"": 228, ""VIP GABAergic cortical interneuron"": 983, ""astrocyte"": 42, ""central nervous system macrophage"": 8, ""corticothalamic-projecting glutamatergic cortical neuron"": 183, ""endothelial cell"": 15, ""lamp5 GABAergic cortical interneuron"": 741, ""oligodendrocyte"": 183, ""pericyte"": 3, ""pvalb GABAergic cortical interneuron"": 508, ""sncg GABAergic cortical interneuron"": 176, ""sst GABAergic cortical interneuron"": 925, ""sst chodl GABAergic cortical interneuron"": 37, ""vascular leptomeningeal cell (Mmus)"": 3}"
Mus musculus,posterior parietal association areas,Smart-seq v4,"{""L2/3-6 intratelencephalic projecting glutamatergic neuron"": 218, ""L4/5 intratelencephalic projecting glutamatergic neuron of the primary motor cortex"": 467, ""L5 extratelencephalic projecting glutamatergic cortical neuron"": 19, ""L5/6 near-projecting glutamatergic neuron of the primary motor cortex"": 28, ""L6 corticothalamic-projecting glutamatergic cortical neuron"": 126, ""L6 intratelencephalic projecting glutamatergic neuron of the primary motor cortex"": 123, ""L6b glutamatergic cortical neuron"": 5, ""VIP GABAergic cortical interneuron"": 191, ""astrocyte"": 27, ""central nervous system macrophage"": 3, ""corticothalamic-projecting glutamatergic cortical neuron"": 9, ""lamp5 GABAergic cortical interneuron"": 105, ""meis2 expressing cortical GABAergic cell"": 2, ""oligodendrocyte"": 7, ""pvalb GABAergic cortical interneuron"": 62, ""sncg GABAergic cortical interneuron"": 16, ""sst GABAergic cortical interneuron"": 131, ""sst chodl GABAergic cortical interneuron"": 1}"
Mus musculus,prefrontal cortex,Smart-seq v4,"{""L2/3-6 intratelencephalic projecting glutamatergic neuron"": 202, ""L4/5 intratelencephalic projecting glutamatergic neuron of the primary motor cortex"": 302, ""L5 extratelencephalic projecting glutamatergic cortical neuron"": 62, ""L5/6 near-projecting glutamatergic neuron of the primary motor cortex"": 104, ""L6 corticothalamic-projecting glutamatergic cortical neuron"": 183, ""L6 intratelencephalic projecting glutamatergic neuron of the primary motor cortex"": 98, ""L6b glutamatergic cortical neuron"": 11, ""VIP GABAergic cortical interneuron"": 133, ""astrocyte"": 17, ""central nervous system macrophage"": 1, ""lamp5 GABAergic cortical interneuron"": 66, ""meis2 expressing cortical GABAergic cell"": 1, ""oligodendrocyte"": 2, ""pvalb GABAergic cortical interneuron"": 76, ""sncg GABAergic cortical interneuron"": 56, ""sst GABAergic cortical interneuron"": 150, ""sst chodl GABAergic cortical interneuron"": 8}"
Mus musculus,primary motor cortex,10x 3' v2,"{""Cajal-Retzius cell"": 12, ""GABAergic neuron"": 82759, ""L2/3-6 intratelencephalic projecting glutamatergic neuron"": 12242, ""L4/5 intratelencephalic projecting glutamatergic neuron of the primary motor cortex"": 44630, ""L5 extratelencephalic projecting glutamatergic cortical neuron"": 495, ""L5/6 near-projecting glutamatergic neuron of the primary motor cortex"": 4092, ""L6 corticothalamic-projecting glutamatergic cortical neuron"": 23374, ""L6 intratelencephalic projecting glutamatergic neuron of the primary motor cortex"": 7149, ""L6b glutamatergic cortical neuron"": 2533, ""VIP GABAergic cortical interneuron"": 7144, ""astrocyte"": 1318, ""central nervous system macrophage"": 111, ""corticothalamic-projecting glutamatergic cortical neuron"": 627, ""endothelial cell"": 388, ""glutamatergic neuron"": 281543, ""lamp5 GABAergic cortical interneuron"": 5981, ""macrophage"": 208, ""oligodendrocyte"": 1298, ""oligodendrocyte precursor cell"": 246, ""pericyte"": 26, ""pvalb GABAergic cortical interneuron"": 4777, ""sncg GABAergic cortical interneuron"": 2284, ""sst GABAergic cortical interneuron"": 6831, ""sst chodl GABAergic cortical interneuron"": 356, ""vascular leptomeningeal cell (Mmus)"": 8}"
Mus musculus,primary motor cortex,10x 3' v3,"{""GABAergic neuron"": 69965, ""astrocyte"": 37339, ""endothelial cell"": 7258, ""glutamatergic neuron"": 369686, ""leptomeningeal cell"": 5944, ""macrophage"": 16608, ""microglial cell"": 447, ""oligodendrocyte"": 43430, ""oligodendrocyte precursor cell"": 10134, ""pericyte"": 3300, ""smooth muscle cell"": 71, ""unknown"": 228}"
Mus musculus,primary motor cortex,Smart-seq v4,"{""GABAergic neuron"": 7672, ""L2/3-6 intratelencephalic projecting glutamatergic neuron"": 555, ""L4/5 intratelencephalic projecting glutamatergic neuron of the primary motor cortex"": 1694, ""L5 extratelencephalic projecting glutamatergic cortical neuron"": 26, ""L5/6 near-projecting glutamatergic neuron of the primary motor cortex"": 276, ""L6 corticothalamic-projecting glutamatergic cortical neuron"": 1121, ""L6 intratelencephalic projecting glutamatergic neuron of the primary motor cortex"": 345, ""L6b glutamatergic cortical neuron"": 470, ""VIP GABAergic cortical interneuron"": 595, ""astrocyte"": 213, ""central nervous system macrophage"": 1, ""corticothalamic-projecting glutamatergic cortical neuron"": 7, ""endothelial cell"": 30, ""glutamatergic neuron"": 16638, ""lamp5 GABAergic cortical interneuron"": 375, ""leptomeningeal cell"": 12, ""meis2 expressing cortical GABAergic cell"": 2, ""microglial cell"": 110, ""oligodendrocyte"": 200, ""oligodendrocyte precursor cell"": 14, ""pericyte"": 12, ""pvalb GABAergic cortical interneuron"": 528, ""smooth muscle cell"": 42, ""sncg GABAergic cortical interneuron"": 136, ""sst GABAergic cortical interneuron"": 410, ""sst chodl GABAergic cortical interneuron"": 18, ""vascular leptomeningeal cell (Mmus)"": 4}"
Mus musculus,primary somatosensory cortex,10x 3' v2,"{""Cajal-Retzius cell"": 1, ""L2/3-6 intratelencephalic projecting glutamatergic neuron"": 10019, ""L4/5 intratelencephalic projecting glutamatergic neuron of the primary motor cortex"": 43921, ""L5 extratelencephalic projecting glutamatergic cortical neuron"": 254, ""L5/6 near-projecting glutamatergic neuron of the primary motor cortex"": 2260, ""L6 corticothalamic-projecting glutamatergic cortical neuron"": 11179, ""L6 intratelencephalic projecting glutamatergic neuron of the primary motor cortex"": 4997, ""L6b glutamatergic cortical neuron"": 1292, ""VIP GABAergic cortical interneuron"": 1192, ""astrocyte"": 810, ""central nervous system macrophage"": 174, ""corticothalamic-projecting glutamatergic cortical neuron"": 341, ""endothelial cell"": 236, ""lamp5 GABAergic cortical interneuron"": 1377, ""oligodendrocyte"": 1389, ""pericyte"": 103, ""pvalb GABAergic cortical interneuron"": 181, ""sncg GABAergic cortical interneuron"": 242, ""sst GABAergic cortical interneuron"": 937, ""sst chodl GABAergic cortical interneuron"": 124, ""vascular leptomeningeal cell (Mmus)"": 21}"
Mus musculus,primary somatosensory cortex,Smart-seq v4,"{""L2/3-6 intratelencephalic projecting glutamatergic neuron"": 1001, ""L4/5 intratelencephalic projecting glutamatergic neuron of the primary motor cortex"": 1739, ""L5 extratelencephalic projecting glutamatergic cortical neuron"": 47, ""L5/6 near-projecting glutamatergic neuron of the primary motor cortex"": 233, ""L6 corticothalamic-projecting glutamatergic cortical neuron"": 546, ""L6 intratelencephalic projecting glutamatergic neuron of the primary motor cortex"": 689, ""L6b glutamatergic cortical neuron"": 593, ""VIP GABAergic cortical interneuron"": 311, ""astrocyte"": 5, ""central nervous system macrophage"": 1, ""corticothalamic-projecting glutamatergic cortical neuron"": 11, ""endothelial cell"": 10, ""lamp5 GABAergic cortical interneuron"": 210, ""meis2 expressing cortical GABAergic cell"": 2, ""oligodendrocyte"": 3, ""pericyte"": 1, ""pvalb GABAergic cortical interneuron"": 35, ""sncg GABAergic cortical interneuron"": 49, ""sst GABAergic cortical interneuron"": 162, ""sst chodl GABAergic cortical interneuron"": 12, ""vascular leptomeningeal cell (Mmus)"": 5}"
Mus musculus,primary visual cortex,10x 3' v2,"{""Cajal-Retzius cell"": 8, ""L2/3-6 intratelencephalic projecting glutamatergic neuron"": 3427, ""L4/5 intratelencephalic projecting glutamatergic neuron of the primary motor cortex"": 13537, ""L5 extratelencephalic projecting glutamatergic cortical neuron"": 629, ""L5/6 near-projecting glutamatergic neuron of the primary motor cortex"": 670, ""L6 corticothalamic-projecting glutamatergic cortical neuron"": 3033, ""L6 intratelencephalic projecting glutamatergic neuron of the primary motor cortex"": 2733, ""L6b glutamatergic cortical neuron"": 346, ""VIP GABAergic cortical interneuron"": 1682, ""astrocyte"": 81, ""central nervous system macrophage"": 21, ""corticothalamic-projecting glutamatergic cortical neuron"": 103, ""endothelial cell"": 39, ""lamp5 GABAergic cortical interneuron"": 1096, ""meis2 expressing cortical GABAergic cell"": 3, ""oligodendrocyte"": 219, ""pericyte"": 11, ""pvalb GABAergic cortical interneuron"": 750, ""sncg GABAergic cortical interneuron"": 261, ""sst GABAergic cortical interneuron"": 1079, ""sst chodl GABAergic cortical interneuron"": 34, ""vascular leptomeningeal cell (Mmus)"": 1}"
Mus musculus,primary visual cortex,Smart-seq,"{""GABAergic neuron"": 737, ""astrocyte"": 50, ""endothelial cell"": 21, ""glutamatergic neuron"": 730, ""microglial cell"": 22, ""oligodendrocyte"": 42, ""oligodendrocyte precursor cell"": 24, ""unknown"": 53}"
Mus musculus,primary visual cortex,Smart-seq v4,"{""Cajal-Retzius cell"": 22, ""GABAergic neuron"": 5733, ""L2/3-6 intratelencephalic projecting glutamatergic neuron"": 1022, ""L4/5 intratelencephalic projecting glutamatergic neuron of the primary motor cortex"": 2753, ""L5 extratelencephalic projecting glutamatergic cortical neuron"": 849, ""L5/6 near-projecting glutamatergic neuron of the primary motor cortex"": 413, ""L6 corticothalamic-projecting glutamatergic cortical neuron"": 945, ""L6 intratelencephalic projecting glutamatergic neuron of the primary motor cortex"": 1808, ""L6b glutamatergic cortical neuron"": 329, ""VIP GABAergic cortical interneuron"": 1778, ""astrocyte"": 726, ""central nervous system macrophage"": 49, ""corticothalamic-projecting glutamatergic cortical neuron"": 75, ""endothelial cell"": 173, ""glutamatergic neuron"": 7130, ""hippocampal neuron"": 1, ""lamp5 GABAergic cortical interneuron"": 1139, ""leptomeningeal cell"": 61, ""macrophage"": 51, ""meis2 expressing cortical GABAergic cell"": 45, ""oligodendrocyte"": 187, ""pericyte"": 115, ""pvalb GABAergic cortical interneuron"": 1499, ""smooth muscle cell"": 55, ""sncg GABAergic cortical interneuron"": 199, ""sst GABAergic cortical interneuron"": 1870, ""sst chodl GABAergic cortical interneuron"": 87, ""unknown"": 362, ""vascular leptomeningeal cell (Mmus)"": 44}"
Mus musculus,prostate gland,10x 3' v2,"{""B cell"": 174, ""CD141-positive myeloid dendritic cell"": 399, ""CD1c-positive myeloid dendritic cell"": 96, ""T cell"": 18, ""basal cell of prostate epithelium"": 29002, ""classical monocyte"": 39, ""dendritic cell"": 39, ""effector CD4-positive, alpha-beta T cell"": 32, ""effector CD8-positive, alpha-beta T cell"": 54, ""fibroblast"": 1326, ""fibroblast of connective tissue of prostate"": 2920, ""intermediate monocyte"": 29, ""leukocyte"": 1400, ""luminal cell of prostate epithelium"": 75432, ""lymphocyte"": 24, ""mature NK T cell"": 25, ""natural killer cell"": 76, ""non-classical monocyte"": 20, ""plasma cell"": 138, ""plasmacytoid dendritic cell"": 16, ""prostate gland microvascular endothelial cell"": 452, ""regulatory T cell"": 1, ""seminal vesicle glandular cell"": 4260, ""smooth muscle cell of prostate"": 256, ""tissue-resident macrophage"": 1582, ""urethra urothelial cell"": 3058}"
Mus musculus,prostate gland,10x 3' v3,"{""B cell"": 11, ""CD141-positive myeloid dendritic cell"": 100, ""CD1c-positive myeloid dendritic cell"": 33, ""T cell"": 34, ""basal cell of prostate epithelium"": 404, ""classical monocyte"": 8, ""dendritic cell"": 8, ""effector CD4-positive, alpha-beta T cell"": 12, ""effector CD8-positive, alpha-beta T cell"": 27, ""fibroblast"": 156, ""fibroblast of connective tissue of prostate"": 476, ""intermediate monocyte"": 4, ""leukocyte"": 218, ""luminal cell of prostate epithelium"": 7272, ""lymphocyte"": 11, ""mature NK T cell"": 7, ""natural killer cell"": 23, ""non-classical monocyte"": 3, ""plasma cell"": 1, ""plasmacytoid dendritic cell"": 1, ""prostate gland microvascular endothelial cell"": 41, ""regulatory T cell"": 3, ""seminal vesicle glandular cell"": 64, ""smooth muscle cell of prostate"": 28, ""tissue-resident macrophage"": 224, ""urethra urothelial cell"": 98}"
Mus musculus,renal glomerulus,10x 3' v2,"{""endothelial cell"": 85, ""glomerular endothelial cell"": 2698, ""kidney afferent arteriole endothelial cell"": 1, ""kidney efferent arteriole endothelial cell"": 226, ""vasa recta descending limb cell"": 1}"
Mus musculus,renal medulla,10x 3' v2,"{""dendritic cell"": 415, ""endothelial cell"": 2347, ""glomerular endothelial cell"": 108, ""kidney afferent arteriole endothelial cell"": 1, ""kidney efferent arteriole endothelial cell"": 6, ""vasa recta descending limb cell"": 134}"
Mus musculus,retina,10x 3' v2,"{""GABAergic amacrine cell"": 53152, ""Mueller cell"": 1604, ""amacrine cell"": 7831, ""astrocyte"": 1967, ""endothelial cell"": 613, ""glycinergic amacrine cell"": 17012, ""microglial cell"": 5428, ""pericyte"": 226, ""retina horizontal cell"": 28, ""retinal bipolar neuron"": 50, ""retinal cone cell"": 847, ""retinal ganglion cell"": 91654, ""retinal pigment epithelial cell"": 6, ""retinal rod cell"": 90, ""rod bipolar cell"": 33086, ""type 1 cone bipolar cell (sensu Mus)"": 11, ""type 2 cone bipolar cell (sensu Mus)"": 28, ""type 3a cone bipolar cell"": 3668, ""type 3b cone bipolar cell"": 5030, ""type 4 cone bipolar cell (sensu Mus)"": 40, ""type 5 cone bipolar cell (sensu Mus)"": 7865, ""type 5a cone bipolar cell"": 13331, ""type 5b cone bipolar cell"": 6223, ""type 6 cone bipolar cell (sensu Mus)"": 13381, ""type 7 cone bipolar cell (sensu Mus)"": 12510, ""type 8 cone bipolar cell (sensu Mus)"": 1720, ""type 9 cone bipolar cell (sensu Mus)"": 1426}"
Mus musculus,retina,10x 3' v3,"{""GABAergic amacrine cell"": 6174, ""Mueller cell"": 6561, ""amacrine cell"": 958, ""endothelial cell"": 677, ""glycinergic amacrine cell"": 2724, ""microglial cell"": 683, ""pericyte"": 184, ""retina horizontal cell"": 174, ""retinal bipolar neuron"": 86, ""retinal cone cell"": 4002, ""retinal ganglion cell"": 67798, ""retinal pigment epithelial cell"": 390, ""retinal rod cell"": 33992, ""rod bipolar cell"": 33952, ""type 1 cone bipolar cell (sensu Mus)"": 232, ""type 2 cone bipolar cell (sensu Mus)"": 500, ""type 3a cone bipolar cell"": 11618, ""type 3b cone bipolar cell"": 16286, ""type 4 cone bipolar cell (sensu Mus)"": 296, ""type 5 cone bipolar cell (sensu Mus)"": 13048, ""type 5a cone bipolar cell"": 20606, ""type 5b cone bipolar cell"": 12144, ""type 6 cone bipolar cell (sensu Mus)"": 24364, ""type 7 cone bipolar cell (sensu Mus)"": 16302, ""type 8 cone bipolar cell (sensu Mus)"": 3814, ""type 9 cone bipolar cell (sensu Mus)"": 3846}"
Mus musculus,retina,Drop-seq,"{""GABAergic amacrine cell"": 1, ""Mueller cell"": 39, ""glycinergic amacrine cell"": 1, ""retinal bipolar neuron"": 29, ""rod bipolar cell"": 18408, ""type 1 cone bipolar cell (sensu Mus)"": 3346, ""type 2 cone bipolar cell (sensu Mus)"": 882, ""type 3a cone bipolar cell"": 942, ""type 3b cone bipolar cell"": 1518, ""type 4 cone bipolar cell (sensu Mus)"": 624, ""type 5 cone bipolar cell (sensu Mus)"": 3204, ""type 5a cone bipolar cell"": 3748, ""type 5b cone bipolar cell"": 784, ""type 6 cone bipolar cell (sensu Mus)"": 2832, ""type 7 cone bipolar cell (sensu Mus)"": 2896, ""type 8 cone bipolar cell (sensu Mus)"": 190, ""type 9 cone bipolar cell (sensu Mus)"": 350}"
Mus musculus,retrosplenial granular cortex,10x 3' v2,"{""Cajal-Retzius cell"": 9, ""L2/3 intratelencephalic projecting glutamatergic neuron of the primary motor cortex"": 1, ""L2/3-6 intratelencephalic projecting glutamatergic neuron"": 28905, ""L4/5 intratelencephalic projecting glutamatergic neuron of the primary motor cortex"": 10820, ""L5 extratelencephalic projecting glutamatergic cortical neuron"": 1232, ""L5/6 near-projecting glutamatergic neuron of the primary motor cortex"": 2621, ""L6 corticothalamic-projecting glutamatergic cortical neuron"": 7993, ""L6 intratelencephalic projecting glutamatergic neuron of the primary motor cortex"": 2700, ""L6b glutamatergic cortical neuron"": 116, ""VIP GABAergic cortical interneuron"": 1853, ""astrocyte"": 210, ""central nervous system macrophage"": 21, ""cortical interneuron"": 8, ""endothelial cell"": 55, ""glutamatergic neuron"": 15, ""hippocampal neuron"": 1, ""lamp5 GABAergic cortical interneuron"": 1749, ""oligodendrocyte"": 548, ""pericyte"": 13, ""pvalb GABAergic cortical interneuron"": 554, ""pyramidal neuron"": 4091, ""sncg GABAergic cortical interneuron"": 427, ""sst GABAergic cortical interneuron"": 1746, ""sst chodl GABAergic cortical interneuron"": 18, ""vascular leptomeningeal cell (Mmus)"": 4}"
Mus musculus,retrosplenial region,Smart-seq v4,"{""L2/3-6 intratelencephalic projecting glutamatergic neuron"": 592, ""L4/5 intratelencephalic projecting glutamatergic neuron of the primary motor cortex"": 273, ""L5 extratelencephalic projecting glutamatergic cortical neuron"": 111, ""L5/6 near-projecting glutamatergic neuron of the primary motor cortex"": 74, ""L6 corticothalamic-projecting glutamatergic cortical neuron"": 85, ""L6 intratelencephalic projecting glutamatergic neuron of the primary motor cortex"": 109, ""L6b glutamatergic cortical neuron"": 4, ""VIP GABAergic cortical interneuron"": 197, ""astrocyte"": 15, ""lamp5 GABAergic cortical interneuron"": 102, ""pvalb GABAergic cortical interneuron"": 58, ""pyramidal neuron"": 251, ""sncg GABAergic cortical interneuron"": 31, ""sst GABAergic cortical interneuron"": 151, ""sst chodl GABAergic cortical interneuron"": 2}"
Mus musculus,secondary somatosensory cortex,Smart-seq v4,"{""L2/3-6 intratelencephalic projecting glutamatergic neuron"": 219, ""L4/5 intratelencephalic projecting glutamatergic neuron of the primary motor cortex"": 426, ""L5 extratelencephalic projecting glutamatergic cortical neuron"": 20, ""L5/6 near-projecting glutamatergic neuron of the primary motor cortex"": 25, ""L6 corticothalamic-projecting glutamatergic cortical neuron"": 182, ""L6 intratelencephalic projecting glutamatergic neuron of the primary motor cortex"": 84, ""L6b glutamatergic cortical neuron"": 9, ""VIP GABAergic cortical interneuron"": 99, ""astrocyte"": 68, ""central nervous system macrophage"": 1, ""corticothalamic-projecting glutamatergic cortical neuron"": 419, ""lamp5 GABAergic cortical interneuron"": 111, ""meis2 expressing cortical GABAergic cell"": 1, ""pvalb GABAergic cortical interneuron"": 82, ""sncg GABAergic cortical interneuron"": 17, ""sst GABAergic cortical interneuron"": 99, ""sst chodl GABAergic cortical interneuron"": 4}"
Mus musculus,skeletal muscle tissue of tibialis anterior,10x 3' v3,"{""Schwann cell"": 503, ""adipocyte"": 334, ""blood vessel endothelial cell"": 681, ""fibro/adipogenic progenitor cell"": 20842, ""intermediate muscle cell"": 13704, ""lymphocyte"": 636, ""macrophage"": 7259, ""microvascular endothelial cell"": 9638, ""myotendinous junction nucleus"": 1939, ""neuromuscular junction nucleus"": 884, ""pericyte"": 2927, ""perineurial cell"": 928, ""skeletal muscle satellite stem cell"": 2679, ""smooth muscle cell"": 888, ""tendon cell"": 1449, ""type IIa muscle cell"": 7025, ""type IIb muscle cell"": 50184, ""type IIx muscle cell"": 11307}"
Mus musculus,skin of back,10x 3' v2,"{""skin fibroblast"": 7395}"
Mus musculus,skin of body,10x 3' v1,"{""skin fibroblast"": 35}"
Mus musculus,skin of body,10x 3' v2,"{""T cell"": 186, ""basal cell of epidermis"": 6204, ""epidermal cell"": 5205, ""keratinocyte stem cell"": 1254, ""skin fibroblast"": 13513, ""stem cell of epidermis"": 513}"
Mus musculus,skin of body,10x 3' v3,"{""skin fibroblast"": 25606}"
Mus musculus,skin of body,Smart-seq2,"{""T cell"": 81, ""basal cell of epidermis"": 5016, ""epidermal cell"": 1476, ""fibroblast"": 51, ""keratinocyte stem cell"": 7917, ""macrophage"": 39}"
Mus musculus,small intestine,10x 3' v3,"{""enterocyte of epithelium of small intestine"": 5383, ""enteroendocrine cell of small intestine"": 432, ""paneth cell of epithelium of small intestine"": 148, ""small intestine goblet cell"": 1233, ""stem cell"": 6239, ""transit amplifying cell of small intestine"": 5442, ""tuft cell of small intestine"": 970}"
Mus musculus,small intestine Peyer's patch,10x 5' v2,"{""CD103-positive dendritic cell"": 282, ""CD4-positive, alpha-beta memory T cell"": 40, ""CD8-alpha-positive CD11b-negative dendritic cell"": 6, ""IgM plasmablast"": 6, ""T-helper 17 cell"": 4, ""conventional dendritic cell"": 32, ""endothelial cell"": 4, ""endothelial cell of lymphatic vessel"": 7, ""epithelial cell"": 7, ""fibroblast"": 18, ""gamma-delta T cell"": 28, ""germinal center B cell"": 8, ""group 2 innate lymphoid cell"": 18, ""group 3 innate lymphoid cell"": 310, ""macrophage"": 86, ""mast cell"": 1, ""memory B cell"": 32, ""monocyte"": 10, ""myofibroblast cell"": 5, ""naive thymus-derived CD4-positive, alpha-beta T cell"": 2, ""naive thymus-derived CD8-positive, alpha-beta T cell"": 2, ""neutrophil"": 1, ""pericyte"": 1, ""plasma cell"": 34, ""regulatory T cell"": 240}"
Mus musculus,spleen,10x 3' v2,"{""B cell"": 66198, ""T cell"": 14121, ""erythroblast"": 1398, ""granulocyte"": 3465, ""immature NK T cell"": 252, ""macrophage"": 4284, ""macrophage dendritic cell progenitor"": 444, ""mature NK T cell"": 7626, ""megakaryocyte-erythroid progenitor cell"": 2514, ""natural killer cell"": 1575, ""plasma cell"": 2406, ""proerythroblast"": 2871}"
Mus musculus,spleen,Smart-seq2,"{""B cell"": 8553, ""CD4-positive, alpha-beta T cell"": 1242, ""CD8-positive, alpha-beta T cell"": 1062, ""granulocyte"": 63, ""natural killer cell"": 261, ""proerythroblast"": 321}"
Mus musculus,subcutaneous adipose tissue,Smart-seq2,"{""B cell"": 969, ""CD4-positive, alpha-beta T cell"": 180, ""CD8-positive, alpha-beta T cell"": 273, ""T cell"": 324, ""endothelial cell"": 1467, ""epithelial cell"": 540, ""mesenchymal stem cell of adipose tissue"": 4710, ""myeloid cell"": 2571, ""natural killer cell"": 231}"
Mus musculus,subdural space,10x 3' v2,"{""B cell"": 4, ""CD4-positive, alpha-beta T cell"": 1, ""conventional dendritic cell"": 2, ""macrophage"": 72, ""monocyte"": 1, ""neuron"": 1, ""stromal cell"": 1}"
Mus musculus,subicular complex,10x 3' v2,"{""Cajal-Retzius cell"": 43, ""L2/3 intratelencephalic projecting glutamatergic neuron of the primary motor cortex"": 113, ""L2/3-6 intratelencephalic projecting glutamatergic neuron"": 22200, ""L4/5 intratelencephalic projecting glutamatergic neuron of the primary motor cortex"": 253, ""L5 extratelencephalic projecting glutamatergic cortical neuron"": 1310, ""L5/6 near-projecting glutamatergic neuron of the primary motor cortex"": 3720, ""L6 corticothalamic-projecting glutamatergic cortical neuron"": 117, ""L6 intratelencephalic projecting glutamatergic neuron of the primary motor cortex"": 191, ""L6b glutamatergic cortical neuron"": 4923, ""VIP GABAergic cortical interneuron"": 1348, ""astrocyte"": 146, ""central nervous system macrophage"": 38, ""cortical interneuron"": 5225, ""endothelial cell"": 25, ""glutamatergic neuron"": 4010, ""hippocampal neuron"": 190, ""lamp5 GABAergic cortical interneuron"": 1148, ""oligodendrocyte"": 323, ""pericyte"": 11, ""pvalb GABAergic cortical interneuron"": 1283, ""pyramidal neuron"": 2807, ""sncg GABAergic cortical interneuron"": 699, ""sst GABAergic cortical interneuron"": 1320, ""sst chodl GABAergic cortical interneuron"": 22, ""vascular leptomeningeal cell (Mmus)"": 8}"
Mus musculus,subicular complex,Smart-seq v4,"{""L2/3-6 intratelencephalic projecting glutamatergic neuron"": 945, ""L4/5 intratelencephalic projecting glutamatergic neuron of the primary motor cortex"": 9, ""L5 extratelencephalic projecting glutamatergic cortical neuron"": 58, ""L5/6 near-projecting glutamatergic neuron of the primary motor cortex"": 366, ""L6 corticothalamic-projecting glutamatergic cortical neuron"": 37, ""L6 intratelencephalic projecting glutamatergic neuron of the primary motor cortex"": 20, ""L6b glutamatergic cortical neuron"": 22, ""VIP GABAergic cortical interneuron"": 289, ""astrocyte"": 1, ""central nervous system macrophage"": 6, ""cortical interneuron"": 154, ""glutamatergic neuron"": 437, ""lamp5 GABAergic cortical interneuron"": 141, ""pvalb GABAergic cortical interneuron"": 127, ""pyramidal neuron"": 116, ""sncg GABAergic cortical interneuron"": 112, ""sst GABAergic cortical interneuron"": 353}"
Mus musculus,temporal cortex,10x 3' v2,"{""Cajal-Retzius cell"": 47, ""L2/3 intratelencephalic projecting glutamatergic neuron of the primary motor cortex"": 356, ""L2/3-6 intratelencephalic projecting glutamatergic neuron"": 7744, ""L4/5 intratelencephalic projecting glutamatergic neuron of the primary motor cortex"": 9017, ""L5 extratelencephalic projecting glutamatergic cortical neuron"": 4346, ""L5/6 near-projecting glutamatergic neuron of the primary motor cortex"": 1617, ""L6 corticothalamic-projecting glutamatergic cortical neuron"": 9472, ""L6 intratelencephalic projecting glutamatergic neuron of the primary motor cortex"": 3580, ""L6b glutamatergic cortical neuron"": 2808, ""VIP GABAergic cortical interneuron"": 2661, ""astrocyte"": 107, ""central nervous system macrophage"": 25, ""cortical interneuron"": 4, ""corticothalamic-projecting glutamatergic cortical neuron"": 6585, ""endothelial cell"": 27, ""lamp5 GABAergic cortical interneuron"": 2928, ""meis2 expressing cortical GABAergic cell"": 2, ""oligodendrocyte"": 690, ""pericyte"": 6, ""pvalb GABAergic cortical interneuron"": 3087, ""sncg GABAergic cortical interneuron"": 843, ""sst GABAergic cortical interneuron"": 3609, ""sst chodl GABAergic cortical interneuron"": 180, ""vascular leptomeningeal cell (Mmus)"": 6}"
Mus musculus,temporal cortex,Smart-seq v4,"{""L2/3 intratelencephalic projecting glutamatergic neuron of the primary motor cortex"": 5, ""L2/3-6 intratelencephalic projecting glutamatergic neuron"": 103, ""L4/5 intratelencephalic projecting glutamatergic neuron of the primary motor cortex"": 179, ""L5 extratelencephalic projecting glutamatergic cortical neuron"": 100, ""L5/6 near-projecting glutamatergic neuron of the primary motor cortex"": 66, ""L6 corticothalamic-projecting glutamatergic cortical neuron"": 305, ""L6 intratelencephalic projecting glutamatergic neuron of the primary motor cortex"": 122, ""L6b glutamatergic cortical neuron"": 63, ""VIP GABAergic cortical interneuron"": 97, ""corticothalamic-projecting glutamatergic cortical neuron"": 230, ""lamp5 GABAergic cortical interneuron"": 100, ""meis2 expressing cortical GABAergic cell"": 1, ""pvalb GABAergic cortical interneuron"": 84, ""sncg GABAergic cortical interneuron"": 34, ""sst GABAergic cortical interneuron"": 91, ""sst chodl GABAergic cortical interneuron"": 5}"
Mus musculus,testis,10x 3' v2,"{""female germ cell"": 7, ""male germ cell"": 1270, ""oogonial cell"": 10, ""primordial germ cell"": 39}"
Mus musculus,thymus,10x 3' v2,"{""DN3 thymocyte"": 438, ""DN4 thymocyte"": 6000, ""double negative thymocyte"": 2913, ""immature T cell"": 5352, ""professional antigen presenting cell"": 7446, ""thymocyte"": 5676}"
Mus musculus,thymus,10x 3' v3,"{""B cell"": 106, ""CD4-positive, alpha-beta thymocyte"": 12078, ""CD8-positive, alpha-beta thymocyte"": 10389, ""double negative thymocyte"": 2395, ""double-positive blast"": 5593, ""double-positive, alpha-beta thymocyte"": 39289, ""erythrocyte"": 43, ""gamma-delta T cell"": 2279, ""leukocyte"": 4846, ""mature CD4 single-positive thymocyte"": 15114, ""mature CD8 single-positive thymocyte"": 7482, ""natural killer cell"": 928, ""thymic macrophage"": 908}"
Mus musculus,thymus,Smart-seq2,"{""DN4 thymocyte"": 5268, ""endothelial cell"": 153, ""epithelial cell of thymus"": 495, ""fibroblast"": 231, ""macrophage"": 1119, ""thymocyte"": 4875}"
Mus musculus,tongue,10x 3' v2,"{""Langerhans cell"": 525, ""basal cell of epidermis"": 28089, ""keratinocyte"": 33426}"
Mus musculus,tongue,Smart-seq2,"{""basal cell of epidermis"": 7626, ""keratinocyte"": 3579}"
Mus musculus,trachea,10x 3' v2,"{""basal epithelial cell of tracheobronchial tree"": 1563, ""blood cell"": 264, ""chondrocyte"": 4890, ""endothelial cell"": 1260, ""epithelial cell"": 579, ""fibroblast"": 4956, ""granulocyte"": 1155, ""macrophage"": 1071, ""mesenchymal cell"": 2637, ""mesenchymal stem cell"": 5028, ""neuroendocrine cell"": 144, ""smooth muscle cell of trachea"": 381}"
Mus musculus,trachea,Smart-seq2,"{""T cell"": 849, ""basal epithelial cell of tracheobronchial tree"": 1212, ""chondrocyte"": 825, ""endothelial cell"": 723, ""fibroblast"": 3708, ""granulocyte"": 159, ""keratinocyte"": 66, ""macrophage"": 1290, ""mucus secreting cell"": 219, ""multiciliated columnar cell of tracheobronchial tree"": 54, ""smooth muscle cell of trachea"": 375}"
Mus musculus,trigeminal ganglion,10x 3' v3,"{""B cell"": 138, ""connective tissue cell"": 8156, ""endothelial cell"": 2044, ""fibroblast"": 9161, ""glial cell"": 19321, ""macrophage"": 312, ""neutrophil"": 29, ""pericyte"": 1156, ""smooth muscle cell"": 25, ""trigeminal neuron"": 4900}"
Mus musculus,trigeminal ganglion,BD Rhapsody Whole Transcriptome Analysis,"{""B cell"": 403, ""connective tissue cell"": 2181, ""endothelial cell"": 767, ""fibroblast"": 208, ""glial cell"": 3309, ""macrophage"": 1015, ""neutrophil"": 972, ""pericyte"": 192, ""smooth muscle cell"": 105, ""trigeminal neuron"": 419}"
Mus musculus,trigeminal ganglion,Drop-seq,"{""B cell"": 743, ""connective tissue cell"": 31, ""endothelial cell"": 185, ""fibroblast"": 76, ""glial cell"": 16, ""macrophage"": 3, ""neutrophil"": 782, ""pericyte"": 47, ""smooth muscle cell"": 78, ""trigeminal neuron"": 4799}"
Mus musculus,trigeminal ganglion,Smart-seq3,"{""B cell"": 1, ""connective tissue cell"": 1, ""macrophage"": 1, ""smooth muscle cell"": 6, ""trigeminal neuron"": 201}"
Mus musculus,trigeminal ganglion,inDrop,"{""B cell"": 243, ""connective tissue cell"": 168, ""endothelial cell"": 730, ""fibroblast"": 1509, ""glial cell"": 3325, ""macrophage"": 111, ""neutrophil"": 25, ""pericyte"": 187, ""smooth muscle cell"": 229, ""trigeminal neuron"": 30405}"
Mus musculus,urethra,10x 3' v2,"{""B cell"": 13, ""CD141-positive myeloid dendritic cell"": 63, ""CD1c-positive myeloid dendritic cell"": 10, ""T cell"": 17, ""basal cell of prostate epithelium"": 8002, ""classical monocyte"": 12, ""dendritic cell"": 14, ""effector CD4-positive, alpha-beta T cell"": 10, ""effector CD8-positive, alpha-beta T cell"": 28, ""fibroblast"": 1800, ""fibroblast of connective tissue of prostate"": 788, ""intermediate monocyte"": 41, ""leukocyte"": 225, ""luminal cell of prostate epithelium"": 2366, ""lymphocyte"": 7, ""mature NK T cell"": 16, ""natural killer cell"": 49, ""non-classical monocyte"": 14, ""plasma cell"": 1, ""plasmacytoid dendritic cell"": 4, ""prostate gland microvascular endothelial cell"": 654, ""regulatory T cell"": 1, ""seminal vesicle glandular cell"": 9174, ""smooth muscle cell of prostate"": 740, ""tissue-resident macrophage"": 142, ""urethra urothelial cell"": 13070}"
Mus musculus,urethra,10x 3' v3,"{""B cell"": 41, ""CD141-positive myeloid dendritic cell"": 121, ""CD1c-positive myeloid dendritic cell"": 14, ""T cell"": 20, ""basal cell of prostate epithelium"": 10286, ""classical monocyte"": 33, ""dendritic cell"": 11, ""effector CD4-positive, alpha-beta T cell"": 4, ""effector CD8-positive, alpha-beta T cell"": 20, ""fibroblast"": 2858, ""fibroblast of connective tissue of prostate"": 2700, ""intermediate monocyte"": 17, ""leukocyte"": 390, ""luminal cell of prostate epithelium"": 5368, ""lymphocyte"": 16, ""mature NK T cell"": 18, ""natural killer cell"": 51, ""neutrophil"": 5, ""non-classical monocyte"": 40, ""plasma cell"": 1, ""plasmacytoid dendritic cell"": 5, ""prostate gland microvascular endothelial cell"": 1685, ""regulatory T cell"": 4, ""seminal vesicle glandular cell"": 2878, ""smooth muscle cell of prostate"": 480, ""tissue-resident macrophage"": 275, ""urethra urothelial cell"": 15488}"
Mus musculus,visual cortex,10x 3' v2,"{""Cajal-Retzius cell"": 18, ""L2/3-6 intratelencephalic projecting glutamatergic neuron"": 38351, ""L4/5 intratelencephalic projecting glutamatergic neuron of the primary motor cortex"": 93002, ""L5 extratelencephalic projecting glutamatergic cortical neuron"": 5638, ""L5/6 near-projecting glutamatergic neuron of the primary motor cortex"": 4961, ""L6 corticothalamic-projecting glutamatergic cortical neuron"": 28231, ""L6 intratelencephalic projecting glutamatergic neuron of the primary motor cortex"": 22923, ""L6b glutamatergic cortical neuron"": 2072, ""VIP GABAergic cortical interneuron"": 8767, ""astrocyte"": 346, ""central nervous system macrophage"": 118, ""cortical interneuron"": 7, ""corticothalamic-projecting glutamatergic cortical neuron"": 1197, ""endothelial cell"": 136, ""lamp5 GABAergic cortical interneuron"": 7876, ""meis2 expressing cortical GABAergic cell"": 2, ""oligodendrocyte"": 789, ""pericyte"": 21, ""pvalb GABAergic cortical interneuron"": 7448, ""sncg GABAergic cortical interneuron"": 1636, ""sst GABAergic cortical interneuron"": 8903, ""sst chodl GABAergic cortical interneuron"": 238, ""vascular leptomeningeal cell (Mmus)"": 16}"
Mus musculus,visual cortex,Smart-seq v4,"{""L2/3-6 intratelencephalic projecting glutamatergic neuron"": 876, ""L4/5 intratelencephalic projecting glutamatergic neuron of the primary motor cortex"": 1384, ""L5 extratelencephalic projecting glutamatergic cortical neuron"": 184, ""L5/6 near-projecting glutamatergic neuron of the primary motor cortex"": 55, ""L6 corticothalamic-projecting glutamatergic cortical neuron"": 293, ""L6 intratelencephalic projecting glutamatergic neuron of the primary motor cortex"": 300, ""L6b glutamatergic cortical neuron"": 18, ""VIP GABAergic cortical interneuron"": 72, ""corticothalamic-projecting glutamatergic cortical neuron"": 45, ""lamp5 GABAergic cortical interneuron"": 88, ""oligodendrocyte"": 2, ""pvalb GABAergic cortical interneuron"": 18, ""sncg GABAergic cortical interneuron"": 7, ""sst GABAergic cortical interneuron"": 44}"
Pan troglodytes,dorsolateral prefrontal cortex,10x 3' v3,"{""B cell"": 1, ""L2/3 intratelencephalic projecting glutamatergic neuron"": 36357, ""L5 extratelencephalic projecting glutamatergic cortical neuron"": 364, ""L5/6 near-projecting glutamatergic neuron of the primary motor cortex"": 1554, ""L6 corticothalamic-projecting glutamatergic cortical neuron"": 2098, ""L6 intratelencephalic projecting glutamatergic neuron of the primary motor cortex"": 3694, ""L6b glutamatergic cortical neuron"": 2161, ""T cell"": 233, ""VIP GABAergic cortical interneuron"": 5046, ""astrocyte"": 14677, ""chandelier pvalb GABAergic cortical interneuron"": 779, ""endothelial cell"": 5272, ""erythroid lineage cell"": 134, ""inhibitory interneuron"": 2396, ""lamp5 GABAergic cortical interneuron"": 3830, ""macrophage"": 167, ""microglial cell"": 5748, ""myeloid cell"": 242, ""oligodendrocyte"": 46061, ""oligodendrocyte precursor cell"": 5369, ""pericyte"": 4192, ""pvalb GABAergic cortical interneuron"": 6715, ""smooth muscle cell"": 1832, ""sst GABAergic cortical interneuron"": 7966, ""vascular leptomeningeal cell"": 1211}"
